Copyright 1986-2022 Xilinx, Inc. All Rights Reserved.
-----------------------------------------------------------------------------------------------------------------------------------------------------------------------------------
| Tool Version : Vivado v.2022.2 (win64) Build 3671981 Fri Oct 14 05:00:03 MDT 2022
| Date         : Thu May  7 12:27:23 2026
| Host         : ECEB-3022-15 running 64-bit major release  (build 9200)
| Command      : report_methodology -file mb_usb_hdmi_top_methodology_drc_routed.rpt -pb mb_usb_hdmi_top_methodology_drc_routed.pb -rpx mb_usb_hdmi_top_methodology_drc_routed.rpx
| Design       : mb_usb_hdmi_top
| Device       : xc7s50csga324-1
| Speed File   : -1
| Design State : Fully Routed
-----------------------------------------------------------------------------------------------------------------------------------------------------------------------------------

Report Methodology

Table of Contents
-----------------
1. REPORT SUMMARY
2. REPORT DETAILS

1. REPORT SUMMARY
-----------------
            Netlist: netlist
          Floorplan: design_1
      Design limits: <entire design considered>
             Max violations: <unlimited>
             Violations found: 436
+-----------+----------+--------------------------------------------------------+------------+
| Rule      | Severity | Description                                            | Violations |
+-----------+----------+--------------------------------------------------------+------------+
| LUTAR-1   | Warning  | LUT drives async reset alert                           | 4          |
| TIMING-9  | Warning  | Unknown CDC Logic                                      | 1          |
| TIMING-16 | Warning  | Large setup violation                                  | 420        |
| TIMING-18 | Warning  | Missing input or output delay                          | 10         |
| XDCC-7    | Warning  | Scoped Clock constraint overwritten on the same source | 1          |
+-----------+----------+--------------------------------------------------------+------------+

2. REPORT DETAILS
-----------------
LUTAR-1#1 Warning
LUT drives async reset alert  
LUT cell mb_block_i/hdmi_text_controller_0/inst/vga_to_hdmi/inst/encr/oserdes_m_i_1, with 2 or more inputs, drives asynchronous preset/clear pin(s) mb_block_i/hdmi_text_controller_0/inst/vga_to_hdmi/inst/encg/dout_reg[9]/CLR,
mb_block_i/hdmi_text_controller_0/inst/vga_to_hdmi/inst/encr/cnt_reg[1]/CLR,
mb_block_i/hdmi_text_controller_0/inst/vga_to_hdmi/inst/encr/cnt_reg[2]/CLR,
mb_block_i/hdmi_text_controller_0/inst/vga_to_hdmi/inst/encr/cnt_reg[3]/CLR,
mb_block_i/hdmi_text_controller_0/inst/vga_to_hdmi/inst/encr/cnt_reg[4]/CLR,
mb_block_i/hdmi_text_controller_0/inst/vga_to_hdmi/inst/encr/dout_reg[0]/CLR,
mb_block_i/hdmi_text_controller_0/inst/vga_to_hdmi/inst/encr/dout_reg[1]/CLR,
mb_block_i/hdmi_text_controller_0/inst/vga_to_hdmi/inst/encr/dout_reg[2]/CLR,
mb_block_i/hdmi_text_controller_0/inst/vga_to_hdmi/inst/encr/dout_reg[3]/CLR,
mb_block_i/hdmi_text_controller_0/inst/vga_to_hdmi/inst/encr/dout_reg[4]/CLR,
mb_block_i/hdmi_text_controller_0/inst/vga_to_hdmi/inst/encr/dout_reg[5]/CLR,
mb_block_i/hdmi_text_controller_0/inst/vga_to_hdmi/inst/encr/dout_reg[6]/CLR,
mb_block_i/hdmi_text_controller_0/inst/vga_to_hdmi/inst/encr/dout_reg[7]/CLR,
mb_block_i/hdmi_text_controller_0/inst/vga_to_hdmi/inst/encr/dout_reg[8]/CLR,
mb_block_i/hdmi_text_controller_0/inst/vga_to_hdmi/inst/encr/dout_reg[9]/CLR
 (the first 15 of 42 listed). The LUT may glitch and trigger an unexpected reset, even if it is a properly timed path.
Related violations: <none>

LUTAR-1#2 Warning
LUT drives async reset alert  
LUT cell mb_block_i/mdm_1/U0/MDM_Core_I1/JTAG_CONTROL_I/sel_n_i_2, with 2 or more inputs, drives asynchronous preset/clear pin(s) mb_block_i/mdm_1/U0/MDM_Core_I1/JTAG_CONTROL_I/sel_n_reg/PRE. The LUT may glitch and trigger an unexpected reset, even if it is a properly timed path.
Related violations: <none>

LUTAR-1#3 Warning
LUT drives async reset alert  
LUT cell mb_block_i/microblaze_0/U0/MicroBlaze_Core_I/Area.Core/Implement_Debug_Logic.Master_Core.Debug_Area/Serial_Dbg_Intf.force_stop_cmd_rst_i_i_1, with 2 or more inputs, drives asynchronous preset/clear pin(s) mb_block_i/microblaze_0/U0/MicroBlaze_Core_I/Area.Core/Implement_Debug_Logic.Master_Core.Debug_Area/Serial_Dbg_Intf.force_stop_TClk_reg/CLR. The LUT may glitch and trigger an unexpected reset, even if it is a properly timed path.
Related violations: <none>

LUTAR-1#4 Warning
LUT drives async reset alert  
LUT cell mb_block_i/microblaze_0/U0/MicroBlaze_Core_I/Area.Core/Implement_Debug_Logic.Master_Core.Debug_Area/Serial_Dbg_Intf.normal_stop_cmd_rst_i_i_1, with 2 or more inputs, drives asynchronous preset/clear pin(s) mb_block_i/microblaze_0/U0/MicroBlaze_Core_I/Area.Core/Implement_Debug_Logic.Master_Core.Debug_Area/Serial_Dbg_Intf.normal_stop_TClk_reg/CLR. The LUT may glitch and trigger an unexpected reset, even if it is a properly timed path.
Related violations: <none>

TIMING-9#1 Warning
Unknown CDC Logic  
One or more asynchronous Clock Domain Crossing has been detected between 2 clock domains through a set_false_path or a set_clock_groups or set_max_delay -datapath_only constraint but no double-registers logic synchronizer has been found on the side of the capture clock. It is recommended to run report_cdc for a complete and detailed CDC coverage. Please consider using XPM_CDC to avoid Critical severities
Related violations: <none>

TIMING-16#1 Warning
Large setup violation  
There is a large setup violation of -1.002 ns between mb_block_i/hdmi_text_controller_0/inst/hdmi_text_controller_v1_0_AXI_inst/slv_regs_reg[64][4]/C (clocked by clk_out1_mb_blink_clk_wiz_1_0_1) and mb_block_i/hdmi_text_controller_0/inst/color_instance/background/sprite_background_rom/bkg_bram/U0/inst_blk_mem_gen/gnbram.gnativebmg.native_blk_mem_gen/valid.cstr/ramloop[15].ram.r/prim_init.ram/DEVICE_7SERIES.NO_BMM_INFO.TRUE_DP.CASCADED_PRIM36.ram_B/ENBWREN (clocked by clk_out1_clk_wiz_0_1). Large setup violations at the end of those stages might be difficult to fix during the post-placement implementation flow and could be the result of non-optimal XDC constraints or non-optimal design architecture
Related violations: <none>

TIMING-16#2 Warning
Large setup violation  
There is a large setup violation of -1.018 ns between mb_block_i/hdmi_text_controller_0/inst/hdmi_text_controller_v1_0_AXI_inst/slv_regs_reg[64][4]/C (clocked by clk_out1_mb_blink_clk_wiz_1_0_1) and mb_block_i/hdmi_text_controller_0/inst/color_instance/background/sprite_background_rom/bkg_bram/U0/inst_blk_mem_gen/gnbram.gnativebmg.native_blk_mem_gen/valid.cstr/ramloop[17].ram.r/prim_init.ram/DEVICE_7SERIES.NO_BMM_INFO.TRUE_DP.SIMPLE_PRIM18.ram/ENBWREN (clocked by clk_out1_clk_wiz_0_1). Large setup violations at the end of those stages might be difficult to fix during the post-placement implementation flow and could be the result of non-optimal XDC constraints or non-optimal design architecture
Related violations: <none>

TIMING-16#3 Warning
Large setup violation  
There is a large setup violation of -1.022 ns between mb_block_i/hdmi_text_controller_0/inst/hdmi_text_controller_v1_0_AXI_inst/slv_regs_reg[64][4]/C (clocked by clk_out1_mb_blink_clk_wiz_1_0_1) and mb_block_i/hdmi_text_controller_0/inst/color_instance/background/sprite_background_rom/bkg_bram/U0/inst_blk_mem_gen/gnbram.gnativebmg.native_blk_mem_gen/valid.cstr/ramloop[15].ram.r/prim_init.ram/DEVICE_7SERIES.NO_BMM_INFO.TRUE_DP.CASCADED_PRIM36.ram_T/ENBWREN (clocked by clk_out1_clk_wiz_0_1). Large setup violations at the end of those stages might be difficult to fix during the post-placement implementation flow and could be the result of non-optimal XDC constraints or non-optimal design architecture
Related violations: <none>

TIMING-16#4 Warning
Large setup violation  
There is a large setup violation of -1.022 ns between mb_block_i/hdmi_text_controller_0/inst/hdmi_text_controller_v1_0_AXI_inst/slv_regs_reg[64][4]/C (clocked by clk_out1_mb_blink_clk_wiz_1_0_1) and mb_block_i/hdmi_text_controller_0/inst/color_instance/background/sprite_background_rom/bkg_bram/U0/inst_blk_mem_gen/gnbram.gnativebmg.native_blk_mem_gen/valid.cstr/ramloop[22].ram.r/prim_init.ram/DEVICE_7SERIES.NO_BMM_INFO.TRUE_DP.SIMPLE_PRIM36.ram/ENBWREN (clocked by clk_out1_clk_wiz_0_1). Large setup violations at the end of those stages might be difficult to fix during the post-placement implementation flow and could be the result of non-optimal XDC constraints or non-optimal design architecture
Related violations: <none>

TIMING-16#5 Warning
Large setup violation  
There is a large setup violation of -1.023 ns between mb_block_i/hdmi_text_controller_0/inst/hdmi_text_controller_v1_0_AXI_inst/slv_regs_reg[64][4]/C (clocked by clk_out1_mb_blink_clk_wiz_1_0_1) and mb_block_i/hdmi_text_controller_0/inst/color_instance/background/sprite_background_rom/bkg_bram/U0/inst_blk_mem_gen/gnbram.gnativebmg.native_blk_mem_gen/valid.cstr/ramloop[1].ram.r/prim_init.ram/DEVICE_7SERIES.NO_BMM_INFO.TRUE_DP.CASCADED_PRIM36.ram_T/ADDRBWRADDR[15] (clocked by clk_out1_clk_wiz_0_1). Large setup violations at the end of those stages might be difficult to fix during the post-placement implementation flow and could be the result of non-optimal XDC constraints or non-optimal design architecture
Related violations: <none>

TIMING-16#6 Warning
Large setup violation  
There is a large setup violation of -1.025 ns between mb_block_i/hdmi_text_controller_0/inst/hdmi_text_controller_v1_0_AXI_inst/slv_regs_reg[64][4]/C (clocked by clk_out1_mb_blink_clk_wiz_1_0_1) and mb_block_i/hdmi_text_controller_0/inst/color_instance/background/sprite_background_rom/bkg_bram/U0/inst_blk_mem_gen/gnbram.gnativebmg.native_blk_mem_gen/valid.cstr/ramloop[3].ram.r/prim_init.ram/DEVICE_7SERIES.NO_BMM_INFO.TRUE_DP.CASCADED_PRIM36.ram_B/ADDRBWRADDR[3] (clocked by clk_out1_clk_wiz_0_1). Large setup violations at the end of those stages might be difficult to fix during the post-placement implementation flow and could be the result of non-optimal XDC constraints or non-optimal design architecture
Related violations: <none>

TIMING-16#7 Warning
Large setup violation  
There is a large setup violation of -1.030 ns between mb_block_i/hdmi_text_controller_0/inst/hdmi_text_controller_v1_0_AXI_inst/slv_regs_reg[64][4]/C (clocked by clk_out1_mb_blink_clk_wiz_1_0_1) and mb_block_i/hdmi_text_controller_0/inst/color_instance/background/sprite_background_rom/bkg_bram/U0/inst_blk_mem_gen/gnbram.gnativebmg.native_blk_mem_gen/valid.cstr/ramloop[11].ram.r/prim_init.ram/DEVICE_7SERIES.NO_BMM_INFO.TRUE_DP.SIMPLE_PRIM36.ram/ADDRBWRADDR[5] (clocked by clk_out1_clk_wiz_0_1). Large setup violations at the end of those stages might be difficult to fix during the post-placement implementation flow and could be the result of non-optimal XDC constraints or non-optimal design architecture
Related violations: <none>

TIMING-16#8 Warning
Large setup violation  
There is a large setup violation of -1.031 ns between mb_block_i/hdmi_text_controller_0/inst/hdmi_text_controller_v1_0_AXI_inst/slv_regs_reg[64][4]/C (clocked by clk_out1_mb_blink_clk_wiz_1_0_1) and mb_block_i/hdmi_text_controller_0/inst/color_instance/background/sprite_background_rom/bkg_bram/U0/inst_blk_mem_gen/gnbram.gnativebmg.native_blk_mem_gen/valid.cstr/ramloop[21].ram.r/prim_init.ram/DEVICE_7SERIES.NO_BMM_INFO.TRUE_DP.CASCADED_PRIM36.ram_T/ENBWREN (clocked by clk_out1_clk_wiz_0_1). Large setup violations at the end of those stages might be difficult to fix during the post-placement implementation flow and could be the result of non-optimal XDC constraints or non-optimal design architecture
Related violations: <none>

TIMING-16#9 Warning
Large setup violation  
There is a large setup violation of -1.041 ns between mb_block_i/hdmi_text_controller_0/inst/hdmi_text_controller_v1_0_AXI_inst/slv_regs_reg[64][4]/C (clocked by clk_out1_mb_blink_clk_wiz_1_0_1) and mb_block_i/hdmi_text_controller_0/inst/color_instance/background/sprite_background_rom/bkg_bram/U0/inst_blk_mem_gen/gnbram.gnativebmg.native_blk_mem_gen/valid.cstr/ramloop[1].ram.r/prim_init.ram/DEVICE_7SERIES.NO_BMM_INFO.TRUE_DP.CASCADED_PRIM36.ram_B/ADDRBWRADDR[3] (clocked by clk_out1_clk_wiz_0_1). Large setup violations at the end of those stages might be difficult to fix during the post-placement implementation flow and could be the result of non-optimal XDC constraints or non-optimal design architecture
Related violations: <none>

TIMING-16#10 Warning
Large setup violation  
There is a large setup violation of -1.042 ns between mb_block_i/hdmi_text_controller_0/inst/hdmi_text_controller_v1_0_AXI_inst/slv_regs_reg[64][4]/C (clocked by clk_out1_mb_blink_clk_wiz_1_0_1) and mb_block_i/hdmi_text_controller_0/inst/color_instance/background/sprite_background_rom/bkg_bram/U0/inst_blk_mem_gen/gnbram.gnativebmg.native_blk_mem_gen/valid.cstr/ramloop[9].ram.r/prim_init.ram/DEVICE_7SERIES.NO_BMM_INFO.TRUE_DP.CASCADED_PRIM36.ram_T/ADDRBWRADDR[7] (clocked by clk_out1_clk_wiz_0_1). Large setup violations at the end of those stages might be difficult to fix during the post-placement implementation flow and could be the result of non-optimal XDC constraints or non-optimal design architecture
Related violations: <none>

TIMING-16#11 Warning
Large setup violation  
There is a large setup violation of -1.047 ns between mb_block_i/hdmi_text_controller_0/inst/hdmi_text_controller_v1_0_AXI_inst/slv_regs_reg[64][4]/C (clocked by clk_out1_mb_blink_clk_wiz_1_0_1) and mb_block_i/hdmi_text_controller_0/inst/color_instance/background/sprite_background_rom/bkg_bram/U0/inst_blk_mem_gen/gnbram.gnativebmg.native_blk_mem_gen/valid.cstr/ramloop[5].ram.r/prim_init.ram/DEVICE_7SERIES.NO_BMM_INFO.TRUE_DP.SIMPLE_PRIM18.ram/ADDRBWRADDR[8] (clocked by clk_out1_clk_wiz_0_1). Large setup violations at the end of those stages might be difficult to fix during the post-placement implementation flow and could be the result of non-optimal XDC constraints or non-optimal design architecture
Related violations: <none>

TIMING-16#12 Warning
Large setup violation  
There is a large setup violation of -1.049 ns between mb_block_i/hdmi_text_controller_0/inst/hdmi_text_controller_v1_0_AXI_inst/slv_regs_reg[64][4]/C (clocked by clk_out1_mb_blink_clk_wiz_1_0_1) and mb_block_i/hdmi_text_controller_0/inst/color_instance/background/sprite_background_rom/bkg_bram/U0/inst_blk_mem_gen/gnbram.gnativebmg.native_blk_mem_gen/valid.cstr/ramloop[12].ram.r/prim_init.ram/DEVICE_7SERIES.NO_BMM_INFO.TRUE_DP.CASCADED_PRIM36.ram_B/ADDRBWRADDR[7] (clocked by clk_out1_clk_wiz_0_1). Large setup violations at the end of those stages might be difficult to fix during the post-placement implementation flow and could be the result of non-optimal XDC constraints or non-optimal design architecture
Related violations: <none>

TIMING-16#13 Warning
Large setup violation  
There is a large setup violation of -1.052 ns between mb_block_i/hdmi_text_controller_0/inst/hdmi_text_controller_v1_0_AXI_inst/slv_regs_reg[64][4]/C (clocked by clk_out1_mb_blink_clk_wiz_1_0_1) and mb_block_i/hdmi_text_controller_0/inst/color_instance/background/sprite_background_rom/bkg_bram/U0/inst_blk_mem_gen/gnbram.gnativebmg.native_blk_mem_gen/valid.cstr/ramloop[0].ram.r/prim_init.ram/DEVICE_7SERIES.NO_BMM_INFO.TRUE_DP.CASCADED_PRIM36.ram_T/ADDRBWRADDR[5] (clocked by clk_out1_clk_wiz_0_1). Large setup violations at the end of those stages might be difficult to fix during the post-placement implementation flow and could be the result of non-optimal XDC constraints or non-optimal design architecture
Related violations: <none>

TIMING-16#14 Warning
Large setup violation  
There is a large setup violation of -1.052 ns between mb_block_i/hdmi_text_controller_0/inst/hdmi_text_controller_v1_0_AXI_inst/slv_regs_reg[64][4]/C (clocked by clk_out1_mb_blink_clk_wiz_1_0_1) and mb_block_i/hdmi_text_controller_0/inst/color_instance/background/sprite_background_rom/bkg_bram/U0/inst_blk_mem_gen/gnbram.gnativebmg.native_blk_mem_gen/valid.cstr/ramloop[13].ram.r/prim_init.ram/DEVICE_7SERIES.NO_BMM_INFO.TRUE_DP.CASCADED_PRIM36.ram_B/ADDRBWRADDR[14] (clocked by clk_out1_clk_wiz_0_1). Large setup violations at the end of those stages might be difficult to fix during the post-placement implementation flow and could be the result of non-optimal XDC constraints or non-optimal design architecture
Related violations: <none>

TIMING-16#15 Warning
Large setup violation  
There is a large setup violation of -1.056 ns between mb_block_i/hdmi_text_controller_0/inst/hdmi_text_controller_v1_0_AXI_inst/slv_regs_reg[64][4]/C (clocked by clk_out1_mb_blink_clk_wiz_1_0_1) and mb_block_i/hdmi_text_controller_0/inst/color_instance/background/sprite_background_rom/bkg_bram/U0/inst_blk_mem_gen/gnbram.gnativebmg.native_blk_mem_gen/valid.cstr/ramloop[0].ram.r/prim_init.ram/DEVICE_7SERIES.NO_BMM_INFO.TRUE_DP.CASCADED_PRIM36.ram_T/ADDRBWRADDR[6] (clocked by clk_out1_clk_wiz_0_1). Large setup violations at the end of those stages might be difficult to fix during the post-placement implementation flow and could be the result of non-optimal XDC constraints or non-optimal design architecture
Related violations: <none>

TIMING-16#16 Warning
Large setup violation  
There is a large setup violation of -1.060 ns between mb_block_i/hdmi_text_controller_0/inst/hdmi_text_controller_v1_0_AXI_inst/slv_regs_reg[64][4]/C (clocked by clk_out1_mb_blink_clk_wiz_1_0_1) and mb_block_i/hdmi_text_controller_0/inst/color_instance/background/sprite_background_rom/bkg_bram/U0/inst_blk_mem_gen/gnbram.gnativebmg.native_blk_mem_gen/valid.cstr/ramloop[3].ram.r/prim_init.ram/DEVICE_7SERIES.NO_BMM_INFO.TRUE_DP.CASCADED_PRIM36.ram_T/ENBWREN (clocked by clk_out1_clk_wiz_0_1). Large setup violations at the end of those stages might be difficult to fix during the post-placement implementation flow and could be the result of non-optimal XDC constraints or non-optimal design architecture
Related violations: <none>

TIMING-16#17 Warning
Large setup violation  
There is a large setup violation of -1.061 ns between mb_block_i/hdmi_text_controller_0/inst/hdmi_text_controller_v1_0_AXI_inst/slv_regs_reg[64][4]/C (clocked by clk_out1_mb_blink_clk_wiz_1_0_1) and mb_block_i/hdmi_text_controller_0/inst/color_instance/background/sprite_background_rom/bkg_bram/U0/inst_blk_mem_gen/gnbram.gnativebmg.native_blk_mem_gen/valid.cstr/ramloop[0].ram.r/prim_init.ram/DEVICE_7SERIES.NO_BMM_INFO.TRUE_DP.CASCADED_PRIM36.ram_B/ADDRBWRADDR[0] (clocked by clk_out1_clk_wiz_0_1). Large setup violations at the end of those stages might be difficult to fix during the post-placement implementation flow and could be the result of non-optimal XDC constraints or non-optimal design architecture
Related violations: <none>

TIMING-16#18 Warning
Large setup violation  
There is a large setup violation of -1.064 ns between mb_block_i/hdmi_text_controller_0/inst/hdmi_text_controller_v1_0_AXI_inst/slv_regs_reg[64][4]/C (clocked by clk_out1_mb_blink_clk_wiz_1_0_1) and mb_block_i/hdmi_text_controller_0/inst/color_instance/background/sprite_background_rom/bkg_bram/U0/inst_blk_mem_gen/gnbram.gnativebmg.native_blk_mem_gen/valid.cstr/ramloop[14].ram.r/prim_init.ram/DEVICE_7SERIES.NO_BMM_INFO.TRUE_DP.CASCADED_PRIM36.ram_B/ADDRBWRADDR[11] (clocked by clk_out1_clk_wiz_0_1). Large setup violations at the end of those stages might be difficult to fix during the post-placement implementation flow and could be the result of non-optimal XDC constraints or non-optimal design architecture
Related violations: <none>

TIMING-16#19 Warning
Large setup violation  
There is a large setup violation of -1.073 ns between mb_block_i/hdmi_text_controller_0/inst/hdmi_text_controller_v1_0_AXI_inst/slv_regs_reg[64][4]/C (clocked by clk_out1_mb_blink_clk_wiz_1_0_1) and mb_block_i/hdmi_text_controller_0/inst/color_instance/background/sprite_background_rom/bkg_bram/U0/inst_blk_mem_gen/gnbram.gnativebmg.native_blk_mem_gen/valid.cstr/ramloop[12].ram.r/prim_init.ram/DEVICE_7SERIES.NO_BMM_INFO.TRUE_DP.CASCADED_PRIM36.ram_B/ADDRBWRADDR[11] (clocked by clk_out1_clk_wiz_0_1). Large setup violations at the end of those stages might be difficult to fix during the post-placement implementation flow and could be the result of non-optimal XDC constraints or non-optimal design architecture
Related violations: <none>

TIMING-16#20 Warning
Large setup violation  
There is a large setup violation of -1.076 ns between mb_block_i/hdmi_text_controller_0/inst/hdmi_text_controller_v1_0_AXI_inst/slv_regs_reg[64][4]/C (clocked by clk_out1_mb_blink_clk_wiz_1_0_1) and mb_block_i/hdmi_text_controller_0/inst/color_instance/background/sprite_background_rom/bkg_bram/U0/inst_blk_mem_gen/gnbram.gnativebmg.native_blk_mem_gen/valid.cstr/ramloop[11].ram.r/prim_init.ram/DEVICE_7SERIES.NO_BMM_INFO.TRUE_DP.SIMPLE_PRIM36.ram/ADDRBWRADDR[9] (clocked by clk_out1_clk_wiz_0_1). Large setup violations at the end of those stages might be difficult to fix during the post-placement implementation flow and could be the result of non-optimal XDC constraints or non-optimal design architecture
Related violations: <none>

TIMING-16#21 Warning
Large setup violation  
There is a large setup violation of -1.079 ns between mb_block_i/hdmi_text_controller_0/inst/hdmi_text_controller_v1_0_AXI_inst/slv_regs_reg[64][4]/C (clocked by clk_out1_mb_blink_clk_wiz_1_0_1) and mb_block_i/hdmi_text_controller_0/inst/color_instance/background/sprite_background_rom/bkg_bram/U0/inst_blk_mem_gen/gnbram.gnativebmg.native_blk_mem_gen/valid.cstr/ramloop[2].ram.r/prim_init.ram/DEVICE_7SERIES.NO_BMM_INFO.TRUE_DP.CASCADED_PRIM36.ram_B/ADDRBWRADDR[7] (clocked by clk_out1_clk_wiz_0_1). Large setup violations at the end of those stages might be difficult to fix during the post-placement implementation flow and could be the result of non-optimal XDC constraints or non-optimal design architecture
Related violations: <none>

TIMING-16#22 Warning
Large setup violation  
There is a large setup violation of -1.081 ns between mb_block_i/hdmi_text_controller_0/inst/hdmi_text_controller_v1_0_AXI_inst/slv_regs_reg[64][4]/C (clocked by clk_out1_mb_blink_clk_wiz_1_0_1) and mb_block_i/hdmi_text_controller_0/inst/color_instance/background/sprite_background_rom/bkg_bram/U0/inst_blk_mem_gen/gnbram.gnativebmg.native_blk_mem_gen/valid.cstr/ramloop[2].ram.r/prim_init.ram/DEVICE_7SERIES.NO_BMM_INFO.TRUE_DP.CASCADED_PRIM36.ram_T/ADDRBWRADDR[12] (clocked by clk_out1_clk_wiz_0_1). Large setup violations at the end of those stages might be difficult to fix during the post-placement implementation flow and could be the result of non-optimal XDC constraints or non-optimal design architecture
Related violations: <none>

TIMING-16#23 Warning
Large setup violation  
There is a large setup violation of -1.083 ns between mb_block_i/hdmi_text_controller_0/inst/hdmi_text_controller_v1_0_AXI_inst/slv_regs_reg[64][4]/C (clocked by clk_out1_mb_blink_clk_wiz_1_0_1) and mb_block_i/hdmi_text_controller_0/inst/color_instance/background/sprite_background_rom/bkg_bram/U0/inst_blk_mem_gen/gnbram.gnativebmg.native_blk_mem_gen/valid.cstr/ramloop[14].ram.r/prim_init.ram/DEVICE_7SERIES.NO_BMM_INFO.TRUE_DP.CASCADED_PRIM36.ram_B/ADDRBWRADDR[7] (clocked by clk_out1_clk_wiz_0_1). Large setup violations at the end of those stages might be difficult to fix during the post-placement implementation flow and could be the result of non-optimal XDC constraints or non-optimal design architecture
Related violations: <none>

TIMING-16#24 Warning
Large setup violation  
There is a large setup violation of -1.086 ns between mb_block_i/hdmi_text_controller_0/inst/hdmi_text_controller_v1_0_AXI_inst/slv_regs_reg[64][4]/C (clocked by clk_out1_mb_blink_clk_wiz_1_0_1) and mb_block_i/hdmi_text_controller_0/inst/color_instance/background/sprite_background_rom/bkg_bram/U0/inst_blk_mem_gen/gnbram.gnativebmg.native_blk_mem_gen/valid.cstr/ramloop[19].ram.r/prim_init.ram/DEVICE_7SERIES.NO_BMM_INFO.TRUE_DP.CASCADED_PRIM36.ram_T/ADDRBWRADDR[15] (clocked by clk_out1_clk_wiz_0_1). Large setup violations at the end of those stages might be difficult to fix during the post-placement implementation flow and could be the result of non-optimal XDC constraints or non-optimal design architecture
Related violations: <none>

TIMING-16#25 Warning
Large setup violation  
There is a large setup violation of -1.090 ns between mb_block_i/hdmi_text_controller_0/inst/hdmi_text_controller_v1_0_AXI_inst/slv_regs_reg[64][4]/C (clocked by clk_out1_mb_blink_clk_wiz_1_0_1) and mb_block_i/hdmi_text_controller_0/inst/color_instance/background/sprite_background_rom/bkg_bram/U0/inst_blk_mem_gen/gnbram.gnativebmg.native_blk_mem_gen/valid.cstr/ramloop[19].ram.r/prim_init.ram/DEVICE_7SERIES.NO_BMM_INFO.TRUE_DP.CASCADED_PRIM36.ram_T/ADDRBWRADDR[2] (clocked by clk_out1_clk_wiz_0_1). Large setup violations at the end of those stages might be difficult to fix during the post-placement implementation flow and could be the result of non-optimal XDC constraints or non-optimal design architecture
Related violations: <none>

TIMING-16#26 Warning
Large setup violation  
There is a large setup violation of -1.090 ns between mb_block_i/hdmi_text_controller_0/inst/hdmi_text_controller_v1_0_AXI_inst/slv_regs_reg[64][4]/C (clocked by clk_out1_mb_blink_clk_wiz_1_0_1) and mb_block_i/hdmi_text_controller_0/inst/color_instance/background/sprite_background_rom/bkg_bram/U0/inst_blk_mem_gen/gnbram.gnativebmg.native_blk_mem_gen/valid.cstr/ramloop[19].ram.r/prim_init.ram/DEVICE_7SERIES.NO_BMM_INFO.TRUE_DP.CASCADED_PRIM36.ram_T/ADDRBWRADDR[8] (clocked by clk_out1_clk_wiz_0_1). Large setup violations at the end of those stages might be difficult to fix during the post-placement implementation flow and could be the result of non-optimal XDC constraints or non-optimal design architecture
Related violations: <none>

TIMING-16#27 Warning
Large setup violation  
There is a large setup violation of -1.095 ns between mb_block_i/hdmi_text_controller_0/inst/hdmi_text_controller_v1_0_AXI_inst/slv_regs_reg[64][4]/C (clocked by clk_out1_mb_blink_clk_wiz_1_0_1) and mb_block_i/hdmi_text_controller_0/inst/color_instance/background/sprite_background_rom/bkg_bram/U0/inst_blk_mem_gen/gnbram.gnativebmg.native_blk_mem_gen/valid.cstr/ramloop[20].ram.r/prim_init.ram/DEVICE_7SERIES.NO_BMM_INFO.TRUE_DP.CASCADED_PRIM36.ram_B/ADDRBWRADDR[11] (clocked by clk_out1_clk_wiz_0_1). Large setup violations at the end of those stages might be difficult to fix during the post-placement implementation flow and could be the result of non-optimal XDC constraints or non-optimal design architecture
Related violations: <none>

TIMING-16#28 Warning
Large setup violation  
There is a large setup violation of -1.098 ns between mb_block_i/hdmi_text_controller_0/inst/hdmi_text_controller_v1_0_AXI_inst/slv_regs_reg[64][4]/C (clocked by clk_out1_mb_blink_clk_wiz_1_0_1) and mb_block_i/hdmi_text_controller_0/inst/color_instance/background/sprite_background_rom/bkg_bram/U0/inst_blk_mem_gen/gnbram.gnativebmg.native_blk_mem_gen/valid.cstr/ramloop[1].ram.r/prim_init.ram/DEVICE_7SERIES.NO_BMM_INFO.TRUE_DP.CASCADED_PRIM36.ram_B/ADDRBWRADDR[11] (clocked by clk_out1_clk_wiz_0_1). Large setup violations at the end of those stages might be difficult to fix during the post-placement implementation flow and could be the result of non-optimal XDC constraints or non-optimal design architecture
Related violations: <none>

TIMING-16#29 Warning
Large setup violation  
There is a large setup violation of -1.098 ns between mb_block_i/hdmi_text_controller_0/inst/hdmi_text_controller_v1_0_AXI_inst/slv_regs_reg[64][4]/C (clocked by clk_out1_mb_blink_clk_wiz_1_0_1) and mb_block_i/hdmi_text_controller_0/inst/color_instance/background/sprite_background_rom/bkg_bram/U0/inst_blk_mem_gen/gnbram.gnativebmg.native_blk_mem_gen/valid.cstr/ramloop[1].ram.r/prim_init.ram/DEVICE_7SERIES.NO_BMM_INFO.TRUE_DP.CASCADED_PRIM36.ram_B/ADDRBWRADDR[7] (clocked by clk_out1_clk_wiz_0_1). Large setup violations at the end of those stages might be difficult to fix during the post-placement implementation flow and could be the result of non-optimal XDC constraints or non-optimal design architecture
Related violations: <none>

TIMING-16#30 Warning
Large setup violation  
There is a large setup violation of -1.100 ns between mb_block_i/hdmi_text_controller_0/inst/hdmi_text_controller_v1_0_AXI_inst/slv_regs_reg[64][4]/C (clocked by clk_out1_mb_blink_clk_wiz_1_0_1) and mb_block_i/hdmi_text_controller_0/inst/color_instance/background/sprite_background_rom/bkg_bram/U0/inst_blk_mem_gen/gnbram.gnativebmg.native_blk_mem_gen/valid.cstr/ramloop[9].ram.r/prim_init.ram/DEVICE_7SERIES.NO_BMM_INFO.TRUE_DP.CASCADED_PRIM36.ram_B/ADDRBWRADDR[7] (clocked by clk_out1_clk_wiz_0_1). Large setup violations at the end of those stages might be difficult to fix during the post-placement implementation flow and could be the result of non-optimal XDC constraints or non-optimal design architecture
Related violations: <none>

TIMING-16#31 Warning
Large setup violation  
There is a large setup violation of -1.106 ns between mb_block_i/hdmi_text_controller_0/inst/hdmi_text_controller_v1_0_AXI_inst/slv_regs_reg[64][4]/C (clocked by clk_out1_mb_blink_clk_wiz_1_0_1) and mb_block_i/hdmi_text_controller_0/inst/color_instance/background/sprite_background_rom/bkg_bram/U0/inst_blk_mem_gen/gnbram.gnativebmg.native_blk_mem_gen/valid.cstr/ramloop[9].ram.r/prim_init.ram/DEVICE_7SERIES.NO_BMM_INFO.TRUE_DP.CASCADED_PRIM36.ram_B/ADDRBWRADDR[14] (clocked by clk_out1_clk_wiz_0_1). Large setup violations at the end of those stages might be difficult to fix during the post-placement implementation flow and could be the result of non-optimal XDC constraints or non-optimal design architecture
Related violations: <none>

TIMING-16#32 Warning
Large setup violation  
There is a large setup violation of -1.107 ns between mb_block_i/hdmi_text_controller_0/inst/hdmi_text_controller_v1_0_AXI_inst/slv_regs_reg[64][4]/C (clocked by clk_out1_mb_blink_clk_wiz_1_0_1) and mb_block_i/hdmi_text_controller_0/inst/color_instance/background/sprite_background_rom/bkg_bram/U0/inst_blk_mem_gen/gnbram.gnativebmg.native_blk_mem_gen/valid.cstr/ramloop[13].ram.r/prim_init.ram/DEVICE_7SERIES.NO_BMM_INFO.TRUE_DP.CASCADED_PRIM36.ram_T/ADDRBWRADDR[7] (clocked by clk_out1_clk_wiz_0_1). Large setup violations at the end of those stages might be difficult to fix during the post-placement implementation flow and could be the result of non-optimal XDC constraints or non-optimal design architecture
Related violations: <none>

TIMING-16#33 Warning
Large setup violation  
There is a large setup violation of -1.109 ns between mb_block_i/hdmi_text_controller_0/inst/hdmi_text_controller_v1_0_AXI_inst/slv_regs_reg[64][4]/C (clocked by clk_out1_mb_blink_clk_wiz_1_0_1) and mb_block_i/hdmi_text_controller_0/inst/color_instance/background/sprite_background_rom/bkg_bram/U0/inst_blk_mem_gen/gnbram.gnativebmg.native_blk_mem_gen/valid.cstr/ramloop[11].ram.r/prim_init.ram/DEVICE_7SERIES.NO_BMM_INFO.TRUE_DP.SIMPLE_PRIM36.ram/ENBWREN (clocked by clk_out1_clk_wiz_0_1). Large setup violations at the end of those stages might be difficult to fix during the post-placement implementation flow and could be the result of non-optimal XDC constraints or non-optimal design architecture
Related violations: <none>

TIMING-16#34 Warning
Large setup violation  
There is a large setup violation of -1.109 ns between mb_block_i/hdmi_text_controller_0/inst/hdmi_text_controller_v1_0_AXI_inst/slv_regs_reg[64][4]/C (clocked by clk_out1_mb_blink_clk_wiz_1_0_1) and mb_block_i/hdmi_text_controller_0/inst/color_instance/background/sprite_background_rom/bkg_bram/U0/inst_blk_mem_gen/gnbram.gnativebmg.native_blk_mem_gen/valid.cstr/ramloop[17].ram.r/prim_init.ram/DEVICE_7SERIES.NO_BMM_INFO.TRUE_DP.SIMPLE_PRIM18.ram/ADDRBWRADDR[8] (clocked by clk_out1_clk_wiz_0_1). Large setup violations at the end of those stages might be difficult to fix during the post-placement implementation flow and could be the result of non-optimal XDC constraints or non-optimal design architecture
Related violations: <none>

TIMING-16#35 Warning
Large setup violation  
There is a large setup violation of -1.115 ns between mb_block_i/hdmi_text_controller_0/inst/hdmi_text_controller_v1_0_AXI_inst/slv_regs_reg[64][4]/C (clocked by clk_out1_mb_blink_clk_wiz_1_0_1) and mb_block_i/hdmi_text_controller_0/inst/color_instance/background/sprite_background_rom/bkg_bram/U0/inst_blk_mem_gen/gnbram.gnativebmg.native_blk_mem_gen/valid.cstr/ramloop[3].ram.r/prim_init.ram/DEVICE_7SERIES.NO_BMM_INFO.TRUE_DP.CASCADED_PRIM36.ram_B/ENBWREN (clocked by clk_out1_clk_wiz_0_1). Large setup violations at the end of those stages might be difficult to fix during the post-placement implementation flow and could be the result of non-optimal XDC constraints or non-optimal design architecture
Related violations: <none>

TIMING-16#36 Warning
Large setup violation  
There is a large setup violation of -1.118 ns between mb_block_i/hdmi_text_controller_0/inst/hdmi_text_controller_v1_0_AXI_inst/slv_regs_reg[64][4]/C (clocked by clk_out1_mb_blink_clk_wiz_1_0_1) and mb_block_i/hdmi_text_controller_0/inst/color_instance/background/sprite_background_rom/bkg_bram/U0/inst_blk_mem_gen/gnbram.gnativebmg.native_blk_mem_gen/valid.cstr/ramloop[12].ram.r/prim_init.ram/DEVICE_7SERIES.NO_BMM_INFO.TRUE_DP.CASCADED_PRIM36.ram_B/ADDRBWRADDR[14] (clocked by clk_out1_clk_wiz_0_1). Large setup violations at the end of those stages might be difficult to fix during the post-placement implementation flow and could be the result of non-optimal XDC constraints or non-optimal design architecture
Related violations: <none>

TIMING-16#37 Warning
Large setup violation  
There is a large setup violation of -1.118 ns between mb_block_i/hdmi_text_controller_0/inst/hdmi_text_controller_v1_0_AXI_inst/slv_regs_reg[64][4]/C (clocked by clk_out1_mb_blink_clk_wiz_1_0_1) and mb_block_i/hdmi_text_controller_0/inst/color_instance/background/sprite_background_rom/bkg_bram/U0/inst_blk_mem_gen/gnbram.gnativebmg.native_blk_mem_gen/valid.cstr/ramloop[14].ram.r/prim_init.ram/DEVICE_7SERIES.NO_BMM_INFO.TRUE_DP.CASCADED_PRIM36.ram_T/ADDRBWRADDR[8] (clocked by clk_out1_clk_wiz_0_1). Large setup violations at the end of those stages might be difficult to fix during the post-placement implementation flow and could be the result of non-optimal XDC constraints or non-optimal design architecture
Related violations: <none>

TIMING-16#38 Warning
Large setup violation  
There is a large setup violation of -1.124 ns between mb_block_i/hdmi_text_controller_0/inst/hdmi_text_controller_v1_0_AXI_inst/slv_regs_reg[64][4]/C (clocked by clk_out1_mb_blink_clk_wiz_1_0_1) and mb_block_i/hdmi_text_controller_0/inst/color_instance/background/sprite_background_rom/bkg_bram/U0/inst_blk_mem_gen/gnbram.gnativebmg.native_blk_mem_gen/valid.cstr/ramloop[14].ram.r/prim_init.ram/DEVICE_7SERIES.NO_BMM_INFO.TRUE_DP.CASCADED_PRIM36.ram_B/ADDRBWRADDR[2] (clocked by clk_out1_clk_wiz_0_1). Large setup violations at the end of those stages might be difficult to fix during the post-placement implementation flow and could be the result of non-optimal XDC constraints or non-optimal design architecture
Related violations: <none>

TIMING-16#39 Warning
Large setup violation  
There is a large setup violation of -1.128 ns between mb_block_i/hdmi_text_controller_0/inst/hdmi_text_controller_v1_0_AXI_inst/slv_regs_reg[64][4]/C (clocked by clk_out1_mb_blink_clk_wiz_1_0_1) and mb_block_i/hdmi_text_controller_0/inst/color_instance/background/sprite_background_rom/bkg_bram/U0/inst_blk_mem_gen/gnbram.gnativebmg.native_blk_mem_gen/valid.cstr/ramloop[12].ram.r/prim_init.ram/DEVICE_7SERIES.NO_BMM_INFO.TRUE_DP.CASCADED_PRIM36.ram_B/ADDRBWRADDR[2] (clocked by clk_out1_clk_wiz_0_1). Large setup violations at the end of those stages might be difficult to fix during the post-placement implementation flow and could be the result of non-optimal XDC constraints or non-optimal design architecture
Related violations: <none>

TIMING-16#40 Warning
Large setup violation  
There is a large setup violation of -1.140 ns between mb_block_i/hdmi_text_controller_0/inst/hdmi_text_controller_v1_0_AXI_inst/slv_regs_reg[64][4]/C (clocked by clk_out1_mb_blink_clk_wiz_1_0_1) and mb_block_i/hdmi_text_controller_0/inst/color_instance/background/sprite_background_rom/bkg_bram/U0/inst_blk_mem_gen/gnbram.gnativebmg.native_blk_mem_gen/valid.cstr/ramloop[20].ram.r/prim_init.ram/DEVICE_7SERIES.NO_BMM_INFO.TRUE_DP.CASCADED_PRIM36.ram_B/ADDRBWRADDR[1] (clocked by clk_out1_clk_wiz_0_1). Large setup violations at the end of those stages might be difficult to fix during the post-placement implementation flow and could be the result of non-optimal XDC constraints or non-optimal design architecture
Related violations: <none>

TIMING-16#41 Warning
Large setup violation  
There is a large setup violation of -1.141 ns between mb_block_i/hdmi_text_controller_0/inst/hdmi_text_controller_v1_0_AXI_inst/slv_regs_reg[64][4]/C (clocked by clk_out1_mb_blink_clk_wiz_1_0_1) and mb_block_i/hdmi_text_controller_0/inst/color_instance/background/sprite_background_rom/bkg_bram/U0/inst_blk_mem_gen/gnbram.gnativebmg.native_blk_mem_gen/valid.cstr/ramloop[13].ram.r/prim_init.ram/DEVICE_7SERIES.NO_BMM_INFO.TRUE_DP.CASCADED_PRIM36.ram_T/ENBWREN (clocked by clk_out1_clk_wiz_0_1). Large setup violations at the end of those stages might be difficult to fix during the post-placement implementation flow and could be the result of non-optimal XDC constraints or non-optimal design architecture
Related violations: <none>

TIMING-16#42 Warning
Large setup violation  
There is a large setup violation of -1.143 ns between mb_block_i/hdmi_text_controller_0/inst/hdmi_text_controller_v1_0_AXI_inst/slv_regs_reg[64][4]/C (clocked by clk_out1_mb_blink_clk_wiz_1_0_1) and mb_block_i/hdmi_text_controller_0/inst/color_instance/background/sprite_background_rom/bkg_bram/U0/inst_blk_mem_gen/gnbram.gnativebmg.native_blk_mem_gen/valid.cstr/ramloop[0].ram.r/prim_init.ram/DEVICE_7SERIES.NO_BMM_INFO.TRUE_DP.CASCADED_PRIM36.ram_T/ADDRBWRADDR[9] (clocked by clk_out1_clk_wiz_0_1). Large setup violations at the end of those stages might be difficult to fix during the post-placement implementation flow and could be the result of non-optimal XDC constraints or non-optimal design architecture
Related violations: <none>

TIMING-16#43 Warning
Large setup violation  
There is a large setup violation of -1.153 ns between mb_block_i/hdmi_text_controller_0/inst/hdmi_text_controller_v1_0_AXI_inst/slv_regs_reg[64][4]/C (clocked by clk_out1_mb_blink_clk_wiz_1_0_1) and mb_block_i/hdmi_text_controller_0/inst/color_instance/background/sprite_background_rom/bkg_bram/U0/inst_blk_mem_gen/gnbram.gnativebmg.native_blk_mem_gen/valid.cstr/ramloop[13].ram.r/prim_init.ram/DEVICE_7SERIES.NO_BMM_INFO.TRUE_DP.CASCADED_PRIM36.ram_T/ADDRBWRADDR[9] (clocked by clk_out1_clk_wiz_0_1). Large setup violations at the end of those stages might be difficult to fix during the post-placement implementation flow and could be the result of non-optimal XDC constraints or non-optimal design architecture
Related violations: <none>

TIMING-16#44 Warning
Large setup violation  
There is a large setup violation of -1.157 ns between mb_block_i/hdmi_text_controller_0/inst/hdmi_text_controller_v1_0_AXI_inst/slv_regs_reg[64][4]/C (clocked by clk_out1_mb_blink_clk_wiz_1_0_1) and mb_block_i/hdmi_text_controller_0/inst/color_instance/background/sprite_background_rom/bkg_bram/U0/inst_blk_mem_gen/gnbram.gnativebmg.native_blk_mem_gen/valid.cstr/ramloop[13].ram.r/prim_init.ram/DEVICE_7SERIES.NO_BMM_INFO.TRUE_DP.CASCADED_PRIM36.ram_T/ADDRBWRADDR[3] (clocked by clk_out1_clk_wiz_0_1). Large setup violations at the end of those stages might be difficult to fix during the post-placement implementation flow and could be the result of non-optimal XDC constraints or non-optimal design architecture
Related violations: <none>

TIMING-16#45 Warning
Large setup violation  
There is a large setup violation of -1.158 ns between mb_block_i/hdmi_text_controller_0/inst/hdmi_text_controller_v1_0_AXI_inst/slv_regs_reg[64][4]/C (clocked by clk_out1_mb_blink_clk_wiz_1_0_1) and mb_block_i/hdmi_text_controller_0/inst/color_instance/background/sprite_background_rom/bkg_bram/U0/inst_blk_mem_gen/gnbram.gnativebmg.native_blk_mem_gen/valid.cstr/ramloop[2].ram.r/prim_init.ram/DEVICE_7SERIES.NO_BMM_INFO.TRUE_DP.CASCADED_PRIM36.ram_T/ADDRBWRADDR[10] (clocked by clk_out1_clk_wiz_0_1). Large setup violations at the end of those stages might be difficult to fix during the post-placement implementation flow and could be the result of non-optimal XDC constraints or non-optimal design architecture
Related violations: <none>

TIMING-16#46 Warning
Large setup violation  
There is a large setup violation of -1.162 ns between mb_block_i/hdmi_text_controller_0/inst/hdmi_text_controller_v1_0_AXI_inst/slv_regs_reg[64][4]/C (clocked by clk_out1_mb_blink_clk_wiz_1_0_1) and mb_block_i/hdmi_text_controller_0/inst/color_instance/background/sprite_background_rom/bkg_bram/U0/inst_blk_mem_gen/gnbram.gnativebmg.native_blk_mem_gen/valid.cstr/ramloop[12].ram.r/prim_init.ram/DEVICE_7SERIES.NO_BMM_INFO.TRUE_DP.CASCADED_PRIM36.ram_T/ADDRBWRADDR[11] (clocked by clk_out1_clk_wiz_0_1). Large setup violations at the end of those stages might be difficult to fix during the post-placement implementation flow and could be the result of non-optimal XDC constraints or non-optimal design architecture
Related violations: <none>

TIMING-16#47 Warning
Large setup violation  
There is a large setup violation of -1.163 ns between mb_block_i/hdmi_text_controller_0/inst/hdmi_text_controller_v1_0_AXI_inst/slv_regs_reg[64][4]/C (clocked by clk_out1_mb_blink_clk_wiz_1_0_1) and mb_block_i/hdmi_text_controller_0/inst/color_instance/background/sprite_background_rom/bkg_bram/U0/inst_blk_mem_gen/gnbram.gnativebmg.native_blk_mem_gen/valid.cstr/ramloop[2].ram.r/prim_init.ram/DEVICE_7SERIES.NO_BMM_INFO.TRUE_DP.CASCADED_PRIM36.ram_T/ADDRBWRADDR[9] (clocked by clk_out1_clk_wiz_0_1). Large setup violations at the end of those stages might be difficult to fix during the post-placement implementation flow and could be the result of non-optimal XDC constraints or non-optimal design architecture
Related violations: <none>

TIMING-16#48 Warning
Large setup violation  
There is a large setup violation of -1.168 ns between mb_block_i/hdmi_text_controller_0/inst/hdmi_text_controller_v1_0_AXI_inst/slv_regs_reg[64][4]/C (clocked by clk_out1_mb_blink_clk_wiz_1_0_1) and mb_block_i/hdmi_text_controller_0/inst/color_instance/background/sprite_background_rom/bkg_bram/U0/inst_blk_mem_gen/gnbram.gnativebmg.native_blk_mem_gen/valid.cstr/ramloop[2].ram.r/prim_init.ram/DEVICE_7SERIES.NO_BMM_INFO.TRUE_DP.CASCADED_PRIM36.ram_T/ADDRBWRADDR[3] (clocked by clk_out1_clk_wiz_0_1). Large setup violations at the end of those stages might be difficult to fix during the post-placement implementation flow and could be the result of non-optimal XDC constraints or non-optimal design architecture
Related violations: <none>

TIMING-16#49 Warning
Large setup violation  
There is a large setup violation of -1.172 ns between mb_block_i/hdmi_text_controller_0/inst/hdmi_text_controller_v1_0_AXI_inst/slv_regs_reg[64][4]/C (clocked by clk_out1_mb_blink_clk_wiz_1_0_1) and mb_block_i/hdmi_text_controller_0/inst/color_instance/background/sprite_background_rom/bkg_bram/U0/inst_blk_mem_gen/gnbram.gnativebmg.native_blk_mem_gen/valid.cstr/ramloop[20].ram.r/prim_init.ram/DEVICE_7SERIES.NO_BMM_INFO.TRUE_DP.CASCADED_PRIM36.ram_B/ADDRBWRADDR[4] (clocked by clk_out1_clk_wiz_0_1). Large setup violations at the end of those stages might be difficult to fix during the post-placement implementation flow and could be the result of non-optimal XDC constraints or non-optimal design architecture
Related violations: <none>

TIMING-16#50 Warning
Large setup violation  
There is a large setup violation of -1.173 ns between mb_block_i/hdmi_text_controller_0/inst/hdmi_text_controller_v1_0_AXI_inst/slv_regs_reg[64][4]/C (clocked by clk_out1_mb_blink_clk_wiz_1_0_1) and mb_block_i/hdmi_text_controller_0/inst/color_instance/background/sprite_background_rom/bkg_bram/U0/inst_blk_mem_gen/gnbram.gnativebmg.native_blk_mem_gen/valid.cstr/ramloop[20].ram.r/prim_init.ram/DEVICE_7SERIES.NO_BMM_INFO.TRUE_DP.CASCADED_PRIM36.ram_T/ADDRBWRADDR[8] (clocked by clk_out1_clk_wiz_0_1). Large setup violations at the end of those stages might be difficult to fix during the post-placement implementation flow and could be the result of non-optimal XDC constraints or non-optimal design architecture
Related violations: <none>

TIMING-16#51 Warning
Large setup violation  
There is a large setup violation of -1.180 ns between mb_block_i/hdmi_text_controller_0/inst/hdmi_text_controller_v1_0_AXI_inst/slv_regs_reg[64][4]/C (clocked by clk_out1_mb_blink_clk_wiz_1_0_1) and mb_block_i/hdmi_text_controller_0/inst/color_instance/background/sprite_background_rom/bkg_bram/U0/inst_blk_mem_gen/gnbram.gnativebmg.native_blk_mem_gen/valid.cstr/ramloop[20].ram.r/prim_init.ram/DEVICE_7SERIES.NO_BMM_INFO.TRUE_DP.CASCADED_PRIM36.ram_T/ADDRBWRADDR[15] (clocked by clk_out1_clk_wiz_0_1). Large setup violations at the end of those stages might be difficult to fix during the post-placement implementation flow and could be the result of non-optimal XDC constraints or non-optimal design architecture
Related violations: <none>

TIMING-16#52 Warning
Large setup violation  
There is a large setup violation of -1.185 ns between mb_block_i/hdmi_text_controller_0/inst/hdmi_text_controller_v1_0_AXI_inst/slv_regs_reg[64][4]/C (clocked by clk_out1_mb_blink_clk_wiz_1_0_1) and mb_block_i/hdmi_text_controller_0/inst/color_instance/background/sprite_background_rom/bkg_bram/U0/inst_blk_mem_gen/gnbram.gnativebmg.native_blk_mem_gen/valid.cstr/ramloop[13].ram.r/prim_init.ram/DEVICE_7SERIES.NO_BMM_INFO.TRUE_DP.CASCADED_PRIM36.ram_T/ADDRBWRADDR[0] (clocked by clk_out1_clk_wiz_0_1). Large setup violations at the end of those stages might be difficult to fix during the post-placement implementation flow and could be the result of non-optimal XDC constraints or non-optimal design architecture
Related violations: <none>

TIMING-16#53 Warning
Large setup violation  
There is a large setup violation of -1.191 ns between mb_block_i/hdmi_text_controller_0/inst/hdmi_text_controller_v1_0_AXI_inst/slv_regs_reg[64][4]/C (clocked by clk_out1_mb_blink_clk_wiz_1_0_1) and mb_block_i/hdmi_text_controller_0/inst/color_instance/background/sprite_background_rom/bkg_bram/U0/inst_blk_mem_gen/gnbram.gnativebmg.native_blk_mem_gen/valid.cstr/ramloop[20].ram.r/prim_init.ram/DEVICE_7SERIES.NO_BMM_INFO.TRUE_DP.CASCADED_PRIM36.ram_T/ADDRBWRADDR[11] (clocked by clk_out1_clk_wiz_0_1). Large setup violations at the end of those stages might be difficult to fix during the post-placement implementation flow and could be the result of non-optimal XDC constraints or non-optimal design architecture
Related violations: <none>

TIMING-16#54 Warning
Large setup violation  
There is a large setup violation of -1.195 ns between mb_block_i/hdmi_text_controller_0/inst/hdmi_text_controller_v1_0_AXI_inst/slv_regs_reg[64][4]/C (clocked by clk_out1_mb_blink_clk_wiz_1_0_1) and mb_block_i/hdmi_text_controller_0/inst/color_instance/background/sprite_background_rom/bkg_bram/U0/inst_blk_mem_gen/gnbram.gnativebmg.native_blk_mem_gen/valid.cstr/ramloop[19].ram.r/prim_init.ram/DEVICE_7SERIES.NO_BMM_INFO.TRUE_DP.CASCADED_PRIM36.ram_T/ADDRBWRADDR[14] (clocked by clk_out1_clk_wiz_0_1). Large setup violations at the end of those stages might be difficult to fix during the post-placement implementation flow and could be the result of non-optimal XDC constraints or non-optimal design architecture
Related violations: <none>

TIMING-16#55 Warning
Large setup violation  
There is a large setup violation of -1.199 ns between mb_block_i/hdmi_text_controller_0/inst/hdmi_text_controller_v1_0_AXI_inst/slv_regs_reg[64][4]/C (clocked by clk_out1_mb_blink_clk_wiz_1_0_1) and mb_block_i/hdmi_text_controller_0/inst/color_instance/background/sprite_background_rom/bkg_bram/U0/inst_blk_mem_gen/gnbram.gnativebmg.native_blk_mem_gen/valid.cstr/ramloop[18].ram.r/prim_init.ram/DEVICE_7SERIES.NO_BMM_INFO.TRUE_DP.CASCADED_PRIM36.ram_B/ADDRBWRADDR[7] (clocked by clk_out1_clk_wiz_0_1). Large setup violations at the end of those stages might be difficult to fix during the post-placement implementation flow and could be the result of non-optimal XDC constraints or non-optimal design architecture
Related violations: <none>

TIMING-16#56 Warning
Large setup violation  
There is a large setup violation of -1.200 ns between mb_block_i/hdmi_text_controller_0/inst/hdmi_text_controller_v1_0_AXI_inst/slv_regs_reg[64][4]/C (clocked by clk_out1_mb_blink_clk_wiz_1_0_1) and mb_block_i/hdmi_text_controller_0/inst/color_instance/background/sprite_background_rom/bkg_bram/U0/inst_blk_mem_gen/gnbram.gnativebmg.native_blk_mem_gen/valid.cstr/ramloop[2].ram.r/prim_init.ram/DEVICE_7SERIES.NO_BMM_INFO.TRUE_DP.CASCADED_PRIM36.ram_T/ADDRBWRADDR[6] (clocked by clk_out1_clk_wiz_0_1). Large setup violations at the end of those stages might be difficult to fix during the post-placement implementation flow and could be the result of non-optimal XDC constraints or non-optimal design architecture
Related violations: <none>

TIMING-16#57 Warning
Large setup violation  
There is a large setup violation of -1.201 ns between mb_block_i/hdmi_text_controller_0/inst/hdmi_text_controller_v1_0_AXI_inst/slv_regs_reg[64][4]/C (clocked by clk_out1_mb_blink_clk_wiz_1_0_1) and mb_block_i/hdmi_text_controller_0/inst/color_instance/background/sprite_background_rom/bkg_bram/U0/inst_blk_mem_gen/gnbram.gnativebmg.native_blk_mem_gen/valid.cstr/ramloop[21].ram.r/prim_init.ram/DEVICE_7SERIES.NO_BMM_INFO.TRUE_DP.CASCADED_PRIM36.ram_B/ADDRBWRADDR[13] (clocked by clk_out1_clk_wiz_0_1). Large setup violations at the end of those stages might be difficult to fix during the post-placement implementation flow and could be the result of non-optimal XDC constraints or non-optimal design architecture
Related violations: <none>

TIMING-16#58 Warning
Large setup violation  
There is a large setup violation of -1.206 ns between mb_block_i/hdmi_text_controller_0/inst/hdmi_text_controller_v1_0_AXI_inst/slv_regs_reg[64][4]/C (clocked by clk_out1_mb_blink_clk_wiz_1_0_1) and mb_block_i/hdmi_text_controller_0/inst/color_instance/background/sprite_background_rom/bkg_bram/U0/inst_blk_mem_gen/gnbram.gnativebmg.native_blk_mem_gen/valid.cstr/ramloop[18].ram.r/prim_init.ram/DEVICE_7SERIES.NO_BMM_INFO.TRUE_DP.CASCADED_PRIM36.ram_T/ADDRBWRADDR[11] (clocked by clk_out1_clk_wiz_0_1). Large setup violations at the end of those stages might be difficult to fix during the post-placement implementation flow and could be the result of non-optimal XDC constraints or non-optimal design architecture
Related violations: <none>

TIMING-16#59 Warning
Large setup violation  
There is a large setup violation of -1.208 ns between mb_block_i/hdmi_text_controller_0/inst/hdmi_text_controller_v1_0_AXI_inst/slv_regs_reg[64][4]/C (clocked by clk_out1_mb_blink_clk_wiz_1_0_1) and mb_block_i/hdmi_text_controller_0/inst/color_instance/background/sprite_background_rom/bkg_bram/U0/inst_blk_mem_gen/gnbram.gnativebmg.native_blk_mem_gen/valid.cstr/ramloop[2].ram.r/prim_init.ram/DEVICE_7SERIES.NO_BMM_INFO.TRUE_DP.CASCADED_PRIM36.ram_B/ADDRBWRADDR[13] (clocked by clk_out1_clk_wiz_0_1). Large setup violations at the end of those stages might be difficult to fix during the post-placement implementation flow and could be the result of non-optimal XDC constraints or non-optimal design architecture
Related violations: <none>

TIMING-16#60 Warning
Large setup violation  
There is a large setup violation of -1.211 ns between mb_block_i/hdmi_text_controller_0/inst/hdmi_text_controller_v1_0_AXI_inst/slv_regs_reg[64][4]/C (clocked by clk_out1_mb_blink_clk_wiz_1_0_1) and mb_block_i/hdmi_text_controller_0/inst/color_instance/background/sprite_background_rom/bkg_bram/U0/inst_blk_mem_gen/gnbram.gnativebmg.native_blk_mem_gen/valid.cstr/ramloop[1].ram.r/prim_init.ram/DEVICE_7SERIES.NO_BMM_INFO.TRUE_DP.CASCADED_PRIM36.ram_T/ADDRBWRADDR[13] (clocked by clk_out1_clk_wiz_0_1). Large setup violations at the end of those stages might be difficult to fix during the post-placement implementation flow and could be the result of non-optimal XDC constraints or non-optimal design architecture
Related violations: <none>

TIMING-16#61 Warning
Large setup violation  
There is a large setup violation of -1.217 ns between mb_block_i/hdmi_text_controller_0/inst/hdmi_text_controller_v1_0_AXI_inst/slv_regs_reg[64][4]/C (clocked by clk_out1_mb_blink_clk_wiz_1_0_1) and mb_block_i/hdmi_text_controller_0/inst/color_instance/background/sprite_background_rom/bkg_bram/U0/inst_blk_mem_gen/gnbram.gnativebmg.native_blk_mem_gen/valid.cstr/ramloop[20].ram.r/prim_init.ram/DEVICE_7SERIES.NO_BMM_INFO.TRUE_DP.CASCADED_PRIM36.ram_B/ADDRBWRADDR[12] (clocked by clk_out1_clk_wiz_0_1). Large setup violations at the end of those stages might be difficult to fix during the post-placement implementation flow and could be the result of non-optimal XDC constraints or non-optimal design architecture
Related violations: <none>

TIMING-16#62 Warning
Large setup violation  
There is a large setup violation of -1.221 ns between mb_block_i/hdmi_text_controller_0/inst/hdmi_text_controller_v1_0_AXI_inst/slv_regs_reg[64][4]/C (clocked by clk_out1_mb_blink_clk_wiz_1_0_1) and mb_block_i/hdmi_text_controller_0/inst/color_instance/background/sprite_background_rom/bkg_bram/U0/inst_blk_mem_gen/gnbram.gnativebmg.native_blk_mem_gen/valid.cstr/ramloop[0].ram.r/prim_init.ram/DEVICE_7SERIES.NO_BMM_INFO.TRUE_DP.CASCADED_PRIM36.ram_B/ENBWREN (clocked by clk_out1_clk_wiz_0_1). Large setup violations at the end of those stages might be difficult to fix during the post-placement implementation flow and could be the result of non-optimal XDC constraints or non-optimal design architecture
Related violations: <none>

TIMING-16#63 Warning
Large setup violation  
There is a large setup violation of -1.226 ns between mb_block_i/hdmi_text_controller_0/inst/hdmi_text_controller_v1_0_AXI_inst/slv_regs_reg[64][4]/C (clocked by clk_out1_mb_blink_clk_wiz_1_0_1) and mb_block_i/hdmi_text_controller_0/inst/color_instance/background/sprite_background_rom/bkg_bram/U0/inst_blk_mem_gen/gnbram.gnativebmg.native_blk_mem_gen/valid.cstr/ramloop[12].ram.r/prim_init.ram/DEVICE_7SERIES.NO_BMM_INFO.TRUE_DP.CASCADED_PRIM36.ram_T/ADDRBWRADDR[7] (clocked by clk_out1_clk_wiz_0_1). Large setup violations at the end of those stages might be difficult to fix during the post-placement implementation flow and could be the result of non-optimal XDC constraints or non-optimal design architecture
Related violations: <none>

TIMING-16#64 Warning
Large setup violation  
There is a large setup violation of -1.227 ns between mb_block_i/hdmi_text_controller_0/inst/hdmi_text_controller_v1_0_AXI_inst/slv_regs_reg[64][4]/C (clocked by clk_out1_mb_blink_clk_wiz_1_0_1) and mb_block_i/hdmi_text_controller_0/inst/color_instance/background/sprite_background_rom/bkg_bram/U0/inst_blk_mem_gen/gnbram.gnativebmg.native_blk_mem_gen/valid.cstr/ramloop[0].ram.r/prim_init.ram/DEVICE_7SERIES.NO_BMM_INFO.TRUE_DP.CASCADED_PRIM36.ram_B/ADDRBWRADDR[13] (clocked by clk_out1_clk_wiz_0_1). Large setup violations at the end of those stages might be difficult to fix during the post-placement implementation flow and could be the result of non-optimal XDC constraints or non-optimal design architecture
Related violations: <none>

TIMING-16#65 Warning
Large setup violation  
There is a large setup violation of -1.227 ns between mb_block_i/hdmi_text_controller_0/inst/hdmi_text_controller_v1_0_AXI_inst/slv_regs_reg[64][4]/C (clocked by clk_out1_mb_blink_clk_wiz_1_0_1) and mb_block_i/hdmi_text_controller_0/inst/color_instance/background/sprite_background_rom/bkg_bram/U0/inst_blk_mem_gen/gnbram.gnativebmg.native_blk_mem_gen/valid.cstr/ramloop[11].ram.r/prim_init.ram/DEVICE_7SERIES.NO_BMM_INFO.TRUE_DP.SIMPLE_PRIM36.ram/ADDRBWRADDR[1] (clocked by clk_out1_clk_wiz_0_1). Large setup violations at the end of those stages might be difficult to fix during the post-placement implementation flow and could be the result of non-optimal XDC constraints or non-optimal design architecture
Related violations: <none>

TIMING-16#66 Warning
Large setup violation  
There is a large setup violation of -1.248 ns between mb_block_i/hdmi_text_controller_0/inst/hdmi_text_controller_v1_0_AXI_inst/slv_regs_reg[64][4]/C (clocked by clk_out1_mb_blink_clk_wiz_1_0_1) and mb_block_i/hdmi_text_controller_0/inst/color_instance/background/sprite_background_rom/bkg_bram/U0/inst_blk_mem_gen/gnbram.gnativebmg.native_blk_mem_gen/valid.cstr/ramloop[9].ram.r/prim_init.ram/DEVICE_7SERIES.NO_BMM_INFO.TRUE_DP.CASCADED_PRIM36.ram_T/ADDRBWRADDR[8] (clocked by clk_out1_clk_wiz_0_1). Large setup violations at the end of those stages might be difficult to fix during the post-placement implementation flow and could be the result of non-optimal XDC constraints or non-optimal design architecture
Related violations: <none>

TIMING-16#67 Warning
Large setup violation  
There is a large setup violation of -1.256 ns between mb_block_i/hdmi_text_controller_0/inst/hdmi_text_controller_v1_0_AXI_inst/slv_regs_reg[64][4]/C (clocked by clk_out1_mb_blink_clk_wiz_1_0_1) and mb_block_i/hdmi_text_controller_0/inst/color_instance/background/sprite_background_rom/bkg_bram/U0/inst_blk_mem_gen/gnbram.gnativebmg.native_blk_mem_gen/valid.cstr/ramloop[3].ram.r/prim_init.ram/DEVICE_7SERIES.NO_BMM_INFO.TRUE_DP.CASCADED_PRIM36.ram_B/ADDRBWRADDR[4] (clocked by clk_out1_clk_wiz_0_1). Large setup violations at the end of those stages might be difficult to fix during the post-placement implementation flow and could be the result of non-optimal XDC constraints or non-optimal design architecture
Related violations: <none>

TIMING-16#68 Warning
Large setup violation  
There is a large setup violation of -1.266 ns between mb_block_i/hdmi_text_controller_0/inst/hdmi_text_controller_v1_0_AXI_inst/slv_regs_reg[64][4]/C (clocked by clk_out1_mb_blink_clk_wiz_1_0_1) and mb_block_i/hdmi_text_controller_0/inst/color_instance/background/sprite_background_rom/bkg_bram/U0/inst_blk_mem_gen/gnbram.gnativebmg.native_blk_mem_gen/valid.cstr/ramloop[0].ram.r/prim_init.ram/DEVICE_7SERIES.NO_BMM_INFO.TRUE_DP.CASCADED_PRIM36.ram_B/ADDRBWRADDR[7] (clocked by clk_out1_clk_wiz_0_1). Large setup violations at the end of those stages might be difficult to fix during the post-placement implementation flow and could be the result of non-optimal XDC constraints or non-optimal design architecture
Related violations: <none>

TIMING-16#69 Warning
Large setup violation  
There is a large setup violation of -1.267 ns between mb_block_i/hdmi_text_controller_0/inst/hdmi_text_controller_v1_0_AXI_inst/slv_regs_reg[64][4]/C (clocked by clk_out1_mb_blink_clk_wiz_1_0_1) and mb_block_i/hdmi_text_controller_0/inst/color_instance/background/sprite_background_rom/bkg_bram/U0/inst_blk_mem_gen/gnbram.gnativebmg.native_blk_mem_gen/valid.cstr/ramloop[7].ram.r/prim_init.ram/DEVICE_7SERIES.NO_BMM_INFO.TRUE_DP.CASCADED_PRIM36.ram_B/ADDRBWRADDR[7] (clocked by clk_out1_clk_wiz_0_1). Large setup violations at the end of those stages might be difficult to fix during the post-placement implementation flow and could be the result of non-optimal XDC constraints or non-optimal design architecture
Related violations: <none>

TIMING-16#70 Warning
Large setup violation  
There is a large setup violation of -1.268 ns between mb_block_i/hdmi_text_controller_0/inst/hdmi_text_controller_v1_0_AXI_inst/slv_regs_reg[64][4]/C (clocked by clk_out1_mb_blink_clk_wiz_1_0_1) and mb_block_i/hdmi_text_controller_0/inst/color_instance/background/sprite_background_rom/bkg_bram/U0/inst_blk_mem_gen/gnbram.gnativebmg.native_blk_mem_gen/valid.cstr/ramloop[18].ram.r/prim_init.ram/DEVICE_7SERIES.NO_BMM_INFO.TRUE_DP.CASCADED_PRIM36.ram_T/ADDRBWRADDR[7] (clocked by clk_out1_clk_wiz_0_1). Large setup violations at the end of those stages might be difficult to fix during the post-placement implementation flow and could be the result of non-optimal XDC constraints or non-optimal design architecture
Related violations: <none>

TIMING-16#71 Warning
Large setup violation  
There is a large setup violation of -1.278 ns between mb_block_i/hdmi_text_controller_0/inst/hdmi_text_controller_v1_0_AXI_inst/slv_regs_reg[64][4]/C (clocked by clk_out1_mb_blink_clk_wiz_1_0_1) and mb_block_i/hdmi_text_controller_0/inst/color_instance/background/sprite_background_rom/bkg_bram/U0/inst_blk_mem_gen/gnbram.gnativebmg.native_blk_mem_gen/valid.cstr/ramloop[0].ram.r/prim_init.ram/DEVICE_7SERIES.NO_BMM_INFO.TRUE_DP.CASCADED_PRIM36.ram_T/ADDRBWRADDR[13] (clocked by clk_out1_clk_wiz_0_1). Large setup violations at the end of those stages might be difficult to fix during the post-placement implementation flow and could be the result of non-optimal XDC constraints or non-optimal design architecture
Related violations: <none>

TIMING-16#72 Warning
Large setup violation  
There is a large setup violation of -1.279 ns between mb_block_i/hdmi_text_controller_0/inst/hdmi_text_controller_v1_0_AXI_inst/slv_regs_reg[64][4]/C (clocked by clk_out1_mb_blink_clk_wiz_1_0_1) and mb_block_i/hdmi_text_controller_0/inst/color_instance/background/sprite_background_rom/bkg_bram/U0/inst_blk_mem_gen/gnbram.gnativebmg.native_blk_mem_gen/valid.cstr/ramloop[1].ram.r/prim_init.ram/DEVICE_7SERIES.NO_BMM_INFO.TRUE_DP.CASCADED_PRIM36.ram_B/ADDRBWRADDR[4] (clocked by clk_out1_clk_wiz_0_1). Large setup violations at the end of those stages might be difficult to fix during the post-placement implementation flow and could be the result of non-optimal XDC constraints or non-optimal design architecture
Related violations: <none>

TIMING-16#73 Warning
Large setup violation  
There is a large setup violation of -1.281 ns between mb_block_i/hdmi_text_controller_0/inst/hdmi_text_controller_v1_0_AXI_inst/slv_regs_reg[64][4]/C (clocked by clk_out1_mb_blink_clk_wiz_1_0_1) and mb_block_i/hdmi_text_controller_0/inst/color_instance/background/sprite_background_rom/bkg_bram/U0/inst_blk_mem_gen/gnbram.gnativebmg.native_blk_mem_gen/valid.cstr/ramloop[13].ram.r/prim_init.ram/DEVICE_7SERIES.NO_BMM_INFO.TRUE_DP.CASCADED_PRIM36.ram_B/ADDRBWRADDR[1] (clocked by clk_out1_clk_wiz_0_1). Large setup violations at the end of those stages might be difficult to fix during the post-placement implementation flow and could be the result of non-optimal XDC constraints or non-optimal design architecture
Related violations: <none>

TIMING-16#74 Warning
Large setup violation  
There is a large setup violation of -1.285 ns between mb_block_i/hdmi_text_controller_0/inst/hdmi_text_controller_v1_0_AXI_inst/slv_regs_reg[64][4]/C (clocked by clk_out1_mb_blink_clk_wiz_1_0_1) and mb_block_i/hdmi_text_controller_0/inst/color_instance/background/sprite_background_rom/bkg_bram/U0/inst_blk_mem_gen/gnbram.gnativebmg.native_blk_mem_gen/valid.cstr/ramloop[13].ram.r/prim_init.ram/DEVICE_7SERIES.NO_BMM_INFO.TRUE_DP.CASCADED_PRIM36.ram_T/ADDRBWRADDR[4] (clocked by clk_out1_clk_wiz_0_1). Large setup violations at the end of those stages might be difficult to fix during the post-placement implementation flow and could be the result of non-optimal XDC constraints or non-optimal design architecture
Related violations: <none>

TIMING-16#75 Warning
Large setup violation  
There is a large setup violation of -1.289 ns between mb_block_i/hdmi_text_controller_0/inst/hdmi_text_controller_v1_0_AXI_inst/slv_regs_reg[64][4]/C (clocked by clk_out1_mb_blink_clk_wiz_1_0_1) and mb_block_i/hdmi_text_controller_0/inst/color_instance/background/sprite_background_rom/bkg_bram/U0/inst_blk_mem_gen/gnbram.gnativebmg.native_blk_mem_gen/valid.cstr/ramloop[19].ram.r/prim_init.ram/DEVICE_7SERIES.NO_BMM_INFO.TRUE_DP.CASCADED_PRIM36.ram_T/ADDRBWRADDR[12] (clocked by clk_out1_clk_wiz_0_1). Large setup violations at the end of those stages might be difficult to fix during the post-placement implementation flow and could be the result of non-optimal XDC constraints or non-optimal design architecture
Related violations: <none>

TIMING-16#76 Warning
Large setup violation  
There is a large setup violation of -1.291 ns between mb_block_i/hdmi_text_controller_0/inst/hdmi_text_controller_v1_0_AXI_inst/slv_regs_reg[64][4]/C (clocked by clk_out1_mb_blink_clk_wiz_1_0_1) and mb_block_i/hdmi_text_controller_0/inst/color_instance/background/sprite_background_rom/bkg_bram/U0/inst_blk_mem_gen/gnbram.gnativebmg.native_blk_mem_gen/valid.cstr/ramloop[19].ram.r/prim_init.ram/DEVICE_7SERIES.NO_BMM_INFO.TRUE_DP.CASCADED_PRIM36.ram_B/ADDRBWRADDR[8] (clocked by clk_out1_clk_wiz_0_1). Large setup violations at the end of those stages might be difficult to fix during the post-placement implementation flow and could be the result of non-optimal XDC constraints or non-optimal design architecture
Related violations: <none>

TIMING-16#77 Warning
Large setup violation  
There is a large setup violation of -1.293 ns between mb_block_i/hdmi_text_controller_0/inst/hdmi_text_controller_v1_0_AXI_inst/slv_regs_reg[64][4]/C (clocked by clk_out1_mb_blink_clk_wiz_1_0_1) and mb_block_i/hdmi_text_controller_0/inst/color_instance/background/sprite_background_rom/bkg_bram/U0/inst_blk_mem_gen/gnbram.gnativebmg.native_blk_mem_gen/valid.cstr/ramloop[13].ram.r/prim_init.ram/DEVICE_7SERIES.NO_BMM_INFO.TRUE_DP.CASCADED_PRIM36.ram_B/ADDRBWRADDR[5] (clocked by clk_out1_clk_wiz_0_1). Large setup violations at the end of those stages might be difficult to fix during the post-placement implementation flow and could be the result of non-optimal XDC constraints or non-optimal design architecture
Related violations: <none>

TIMING-16#78 Warning
Large setup violation  
There is a large setup violation of -1.296 ns between mb_block_i/hdmi_text_controller_0/inst/hdmi_text_controller_v1_0_AXI_inst/slv_regs_reg[64][4]/C (clocked by clk_out1_mb_blink_clk_wiz_1_0_1) and mb_block_i/hdmi_text_controller_0/inst/color_instance/background/sprite_background_rom/bkg_bram/U0/inst_blk_mem_gen/gnbram.gnativebmg.native_blk_mem_gen/valid.cstr/ramloop[14].ram.r/prim_init.ram/DEVICE_7SERIES.NO_BMM_INFO.TRUE_DP.CASCADED_PRIM36.ram_B/ADDRBWRADDR[1] (clocked by clk_out1_clk_wiz_0_1). Large setup violations at the end of those stages might be difficult to fix during the post-placement implementation flow and could be the result of non-optimal XDC constraints or non-optimal design architecture
Related violations: <none>

TIMING-16#79 Warning
Large setup violation  
There is a large setup violation of -1.296 ns between mb_block_i/hdmi_text_controller_0/inst/hdmi_text_controller_v1_0_AXI_inst/slv_regs_reg[64][4]/C (clocked by clk_out1_mb_blink_clk_wiz_1_0_1) and mb_block_i/hdmi_text_controller_0/inst/color_instance/background/sprite_background_rom/bkg_bram/U0/inst_blk_mem_gen/gnbram.gnativebmg.native_blk_mem_gen/valid.cstr/ramloop[2].ram.r/prim_init.ram/DEVICE_7SERIES.NO_BMM_INFO.TRUE_DP.CASCADED_PRIM36.ram_T/ADDRBWRADDR[4] (clocked by clk_out1_clk_wiz_0_1). Large setup violations at the end of those stages might be difficult to fix during the post-placement implementation flow and could be the result of non-optimal XDC constraints or non-optimal design architecture
Related violations: <none>

TIMING-16#80 Warning
Large setup violation  
There is a large setup violation of -1.301 ns between mb_block_i/hdmi_text_controller_0/inst/hdmi_text_controller_v1_0_AXI_inst/slv_regs_reg[64][4]/C (clocked by clk_out1_mb_blink_clk_wiz_1_0_1) and mb_block_i/hdmi_text_controller_0/inst/color_instance/background/sprite_background_rom/bkg_bram/U0/inst_blk_mem_gen/gnbram.gnativebmg.native_blk_mem_gen/valid.cstr/ramloop[14].ram.r/prim_init.ram/DEVICE_7SERIES.NO_BMM_INFO.TRUE_DP.CASCADED_PRIM36.ram_T/ADDRBWRADDR[15] (clocked by clk_out1_clk_wiz_0_1). Large setup violations at the end of those stages might be difficult to fix during the post-placement implementation flow and could be the result of non-optimal XDC constraints or non-optimal design architecture
Related violations: <none>

TIMING-16#81 Warning
Large setup violation  
There is a large setup violation of -1.308 ns between mb_block_i/hdmi_text_controller_0/inst/hdmi_text_controller_v1_0_AXI_inst/slv_regs_reg[64][4]/C (clocked by clk_out1_mb_blink_clk_wiz_1_0_1) and mb_block_i/hdmi_text_controller_0/inst/color_instance/background/sprite_background_rom/bkg_bram/U0/inst_blk_mem_gen/gnbram.gnativebmg.native_blk_mem_gen/valid.cstr/ramloop[14].ram.r/prim_init.ram/DEVICE_7SERIES.NO_BMM_INFO.TRUE_DP.CASCADED_PRIM36.ram_B/ADDRBWRADDR[5] (clocked by clk_out1_clk_wiz_0_1). Large setup violations at the end of those stages might be difficult to fix during the post-placement implementation flow and could be the result of non-optimal XDC constraints or non-optimal design architecture
Related violations: <none>

TIMING-16#82 Warning
Large setup violation  
There is a large setup violation of -1.308 ns between mb_block_i/hdmi_text_controller_0/inst/hdmi_text_controller_v1_0_AXI_inst/slv_regs_reg[64][4]/C (clocked by clk_out1_mb_blink_clk_wiz_1_0_1) and mb_block_i/hdmi_text_controller_0/inst/color_instance/background/sprite_background_rom/bkg_bram/U0/inst_blk_mem_gen/gnbram.gnativebmg.native_blk_mem_gen/valid.cstr/ramloop[20].ram.r/prim_init.ram/DEVICE_7SERIES.NO_BMM_INFO.TRUE_DP.CASCADED_PRIM36.ram_T/ADDRBWRADDR[3] (clocked by clk_out1_clk_wiz_0_1). Large setup violations at the end of those stages might be difficult to fix during the post-placement implementation flow and could be the result of non-optimal XDC constraints or non-optimal design architecture
Related violations: <none>

TIMING-16#83 Warning
Large setup violation  
There is a large setup violation of -1.315 ns between mb_block_i/hdmi_text_controller_0/inst/hdmi_text_controller_v1_0_AXI_inst/slv_regs_reg[64][4]/C (clocked by clk_out1_mb_blink_clk_wiz_1_0_1) and mb_block_i/hdmi_text_controller_0/inst/color_instance/background/sprite_background_rom/bkg_bram/U0/inst_blk_mem_gen/gnbram.gnativebmg.native_blk_mem_gen/valid.cstr/ramloop[7].ram.r/prim_init.ram/DEVICE_7SERIES.NO_BMM_INFO.TRUE_DP.CASCADED_PRIM36.ram_T/ADDRBWRADDR[7] (clocked by clk_out1_clk_wiz_0_1). Large setup violations at the end of those stages might be difficult to fix during the post-placement implementation flow and could be the result of non-optimal XDC constraints or non-optimal design architecture
Related violations: <none>

TIMING-16#84 Warning
Large setup violation  
There is a large setup violation of -1.329 ns between mb_block_i/hdmi_text_controller_0/inst/hdmi_text_controller_v1_0_AXI_inst/slv_regs_reg[64][4]/C (clocked by clk_out1_mb_blink_clk_wiz_1_0_1) and mb_block_i/hdmi_text_controller_0/inst/color_instance/background/sprite_background_rom/bkg_bram/U0/inst_blk_mem_gen/gnbram.gnativebmg.native_blk_mem_gen/valid.cstr/ramloop[1].ram.r/prim_init.ram/DEVICE_7SERIES.NO_BMM_INFO.TRUE_DP.CASCADED_PRIM36.ram_B/ADDRBWRADDR[6] (clocked by clk_out1_clk_wiz_0_1). Large setup violations at the end of those stages might be difficult to fix during the post-placement implementation flow and could be the result of non-optimal XDC constraints or non-optimal design architecture
Related violations: <none>

TIMING-16#85 Warning
Large setup violation  
There is a large setup violation of -1.331 ns between mb_block_i/hdmi_text_controller_0/inst/hdmi_text_controller_v1_0_AXI_inst/slv_regs_reg[64][4]/C (clocked by clk_out1_mb_blink_clk_wiz_1_0_1) and mb_block_i/hdmi_text_controller_0/inst/color_instance/background/sprite_background_rom/bkg_bram/U0/inst_blk_mem_gen/gnbram.gnativebmg.native_blk_mem_gen/valid.cstr/ramloop[20].ram.r/prim_init.ram/DEVICE_7SERIES.NO_BMM_INFO.TRUE_DP.CASCADED_PRIM36.ram_T/ADDRBWRADDR[10] (clocked by clk_out1_clk_wiz_0_1). Large setup violations at the end of those stages might be difficult to fix during the post-placement implementation flow and could be the result of non-optimal XDC constraints or non-optimal design architecture
Related violations: <none>

TIMING-16#86 Warning
Large setup violation  
There is a large setup violation of -1.363 ns between mb_block_i/hdmi_text_controller_0/inst/hdmi_text_controller_v1_0_AXI_inst/slv_regs_reg[64][4]/C (clocked by clk_out1_mb_blink_clk_wiz_1_0_1) and mb_block_i/hdmi_text_controller_0/inst/color_instance/background/sprite_background_rom/bkg_bram/U0/inst_blk_mem_gen/gnbram.gnativebmg.native_blk_mem_gen/valid.cstr/ramloop[1].ram.r/prim_init.ram/DEVICE_7SERIES.NO_BMM_INFO.TRUE_DP.CASCADED_PRIM36.ram_T/ADDRBWRADDR[5] (clocked by clk_out1_clk_wiz_0_1). Large setup violations at the end of those stages might be difficult to fix during the post-placement implementation flow and could be the result of non-optimal XDC constraints or non-optimal design architecture
Related violations: <none>

TIMING-16#87 Warning
Large setup violation  
There is a large setup violation of -1.376 ns between mb_block_i/hdmi_text_controller_0/inst/hdmi_text_controller_v1_0_AXI_inst/slv_regs_reg[64][4]/C (clocked by clk_out1_mb_blink_clk_wiz_1_0_1) and mb_block_i/hdmi_text_controller_0/inst/color_instance/background/sprite_background_rom/bkg_bram/U0/inst_blk_mem_gen/gnbram.gnativebmg.native_blk_mem_gen/valid.cstr/ramloop[19].ram.r/prim_init.ram/DEVICE_7SERIES.NO_BMM_INFO.TRUE_DP.CASCADED_PRIM36.ram_T/ADDRBWRADDR[3] (clocked by clk_out1_clk_wiz_0_1). Large setup violations at the end of those stages might be difficult to fix during the post-placement implementation flow and could be the result of non-optimal XDC constraints or non-optimal design architecture
Related violations: <none>

TIMING-16#88 Warning
Large setup violation  
There is a large setup violation of -1.377 ns between mb_block_i/hdmi_text_controller_0/inst/hdmi_text_controller_v1_0_AXI_inst/slv_regs_reg[64][4]/C (clocked by clk_out1_mb_blink_clk_wiz_1_0_1) and mb_block_i/hdmi_text_controller_0/inst/color_instance/background/sprite_background_rom/bkg_bram/U0/inst_blk_mem_gen/gnbram.gnativebmg.native_blk_mem_gen/valid.cstr/ramloop[19].ram.r/prim_init.ram/DEVICE_7SERIES.NO_BMM_INFO.TRUE_DP.CASCADED_PRIM36.ram_B/ADDRBWRADDR[11] (clocked by clk_out1_clk_wiz_0_1). Large setup violations at the end of those stages might be difficult to fix during the post-placement implementation flow and could be the result of non-optimal XDC constraints or non-optimal design architecture
Related violations: <none>

TIMING-16#89 Warning
Large setup violation  
There is a large setup violation of -1.377 ns between mb_block_i/hdmi_text_controller_0/inst/hdmi_text_controller_v1_0_AXI_inst/slv_regs_reg[64][4]/C (clocked by clk_out1_mb_blink_clk_wiz_1_0_1) and mb_block_i/hdmi_text_controller_0/inst/color_instance/background/sprite_background_rom/bkg_bram/U0/inst_blk_mem_gen/gnbram.gnativebmg.native_blk_mem_gen/valid.cstr/ramloop[2].ram.r/prim_init.ram/DEVICE_7SERIES.NO_BMM_INFO.TRUE_DP.CASCADED_PRIM36.ram_B/ENBWREN (clocked by clk_out1_clk_wiz_0_1). Large setup violations at the end of those stages might be difficult to fix during the post-placement implementation flow and could be the result of non-optimal XDC constraints or non-optimal design architecture
Related violations: <none>

TIMING-16#90 Warning
Large setup violation  
There is a large setup violation of -1.400 ns between mb_block_i/hdmi_text_controller_0/inst/hdmi_text_controller_v1_0_AXI_inst/slv_regs_reg[64][4]/C (clocked by clk_out1_mb_blink_clk_wiz_1_0_1) and mb_block_i/hdmi_text_controller_0/inst/color_instance/background/sprite_background_rom/bkg_bram/U0/inst_blk_mem_gen/gnbram.gnativebmg.native_blk_mem_gen/valid.cstr/ramloop[20].ram.r/prim_init.ram/DEVICE_7SERIES.NO_BMM_INFO.TRUE_DP.CASCADED_PRIM36.ram_B/ADDRBWRADDR[5] (clocked by clk_out1_clk_wiz_0_1). Large setup violations at the end of those stages might be difficult to fix during the post-placement implementation flow and could be the result of non-optimal XDC constraints or non-optimal design architecture
Related violations: <none>

TIMING-16#91 Warning
Large setup violation  
There is a large setup violation of -1.403 ns between mb_block_i/hdmi_text_controller_0/inst/hdmi_text_controller_v1_0_AXI_inst/slv_regs_reg[64][4]/C (clocked by clk_out1_mb_blink_clk_wiz_1_0_1) and mb_block_i/hdmi_text_controller_0/inst/color_instance/background/sprite_background_rom/bkg_bram/U0/inst_blk_mem_gen/gnbram.gnativebmg.native_blk_mem_gen/valid.cstr/ramloop[20].ram.r/prim_init.ram/DEVICE_7SERIES.NO_BMM_INFO.TRUE_DP.CASCADED_PRIM36.ram_B/ADDRBWRADDR[6] (clocked by clk_out1_clk_wiz_0_1). Large setup violations at the end of those stages might be difficult to fix during the post-placement implementation flow and could be the result of non-optimal XDC constraints or non-optimal design architecture
Related violations: <none>

TIMING-16#92 Warning
Large setup violation  
There is a large setup violation of -1.409 ns between mb_block_i/hdmi_text_controller_0/inst/hdmi_text_controller_v1_0_AXI_inst/slv_regs_reg[64][4]/C (clocked by clk_out1_mb_blink_clk_wiz_1_0_1) and mb_block_i/hdmi_text_controller_0/inst/color_instance/background/sprite_background_rom/bkg_bram/U0/inst_blk_mem_gen/gnbram.gnativebmg.native_blk_mem_gen/valid.cstr/ramloop[1].ram.r/prim_init.ram/DEVICE_7SERIES.NO_BMM_INFO.TRUE_DP.CASCADED_PRIM36.ram_T/ADDRBWRADDR[9] (clocked by clk_out1_clk_wiz_0_1). Large setup violations at the end of those stages might be difficult to fix during the post-placement implementation flow and could be the result of non-optimal XDC constraints or non-optimal design architecture
Related violations: <none>

TIMING-16#93 Warning
Large setup violation  
There is a large setup violation of -1.422 ns between mb_block_i/hdmi_text_controller_0/inst/hdmi_text_controller_v1_0_AXI_inst/slv_regs_reg[64][4]/C (clocked by clk_out1_mb_blink_clk_wiz_1_0_1) and mb_block_i/hdmi_text_controller_0/inst/color_instance/background/sprite_background_rom/bkg_bram/U0/inst_blk_mem_gen/gnbram.gnativebmg.native_blk_mem_gen/valid.cstr/ramloop[14].ram.r/prim_init.ram/DEVICE_7SERIES.NO_BMM_INFO.TRUE_DP.CASCADED_PRIM36.ram_B/ADDRBWRADDR[12] (clocked by clk_out1_clk_wiz_0_1). Large setup violations at the end of those stages might be difficult to fix during the post-placement implementation flow and could be the result of non-optimal XDC constraints or non-optimal design architecture
Related violations: <none>

TIMING-16#94 Warning
Large setup violation  
There is a large setup violation of -1.427 ns between mb_block_i/hdmi_text_controller_0/inst/hdmi_text_controller_v1_0_AXI_inst/slv_regs_reg[64][4]/C (clocked by clk_out1_mb_blink_clk_wiz_1_0_1) and mb_block_i/hdmi_text_controller_0/inst/color_instance/background/sprite_background_rom/bkg_bram/U0/inst_blk_mem_gen/gnbram.gnativebmg.native_blk_mem_gen/valid.cstr/ramloop[19].ram.r/prim_init.ram/DEVICE_7SERIES.NO_BMM_INFO.TRUE_DP.CASCADED_PRIM36.ram_B/ADDRBWRADDR[15] (clocked by clk_out1_clk_wiz_0_1). Large setup violations at the end of those stages might be difficult to fix during the post-placement implementation flow and could be the result of non-optimal XDC constraints or non-optimal design architecture
Related violations: <none>

TIMING-16#95 Warning
Large setup violation  
There is a large setup violation of -1.433 ns between mb_block_i/hdmi_text_controller_0/inst/hdmi_text_controller_v1_0_AXI_inst/slv_regs_reg[64][4]/C (clocked by clk_out1_mb_blink_clk_wiz_1_0_1) and mb_block_i/hdmi_text_controller_0/inst/color_instance/background/sprite_background_rom/bkg_bram/U0/inst_blk_mem_gen/gnbram.gnativebmg.native_blk_mem_gen/valid.cstr/ramloop[19].ram.r/prim_init.ram/DEVICE_7SERIES.NO_BMM_INFO.TRUE_DP.CASCADED_PRIM36.ram_T/ADDRBWRADDR[11] (clocked by clk_out1_clk_wiz_0_1). Large setup violations at the end of those stages might be difficult to fix during the post-placement implementation flow and could be the result of non-optimal XDC constraints or non-optimal design architecture
Related violations: <none>

TIMING-16#96 Warning
Large setup violation  
There is a large setup violation of -1.435 ns between mb_block_i/hdmi_text_controller_0/inst/hdmi_text_controller_v1_0_AXI_inst/slv_regs_reg[64][4]/C (clocked by clk_out1_mb_blink_clk_wiz_1_0_1) and mb_block_i/hdmi_text_controller_0/inst/color_instance/background/sprite_background_rom/bkg_bram/U0/inst_blk_mem_gen/gnbram.gnativebmg.native_blk_mem_gen/valid.cstr/ramloop[20].ram.r/prim_init.ram/DEVICE_7SERIES.NO_BMM_INFO.TRUE_DP.CASCADED_PRIM36.ram_T/ADDRBWRADDR[7] (clocked by clk_out1_clk_wiz_0_1). Large setup violations at the end of those stages might be difficult to fix during the post-placement implementation flow and could be the result of non-optimal XDC constraints or non-optimal design architecture
Related violations: <none>

TIMING-16#97 Warning
Large setup violation  
There is a large setup violation of -1.437 ns between mb_block_i/hdmi_text_controller_0/inst/hdmi_text_controller_v1_0_AXI_inst/slv_regs_reg[64][4]/C (clocked by clk_out1_mb_blink_clk_wiz_1_0_1) and mb_block_i/hdmi_text_controller_0/inst/color_instance/background/sprite_background_rom/bkg_bram/U0/inst_blk_mem_gen/gnbram.gnativebmg.native_blk_mem_gen/valid.cstr/ramloop[20].ram.r/prim_init.ram/DEVICE_7SERIES.NO_BMM_INFO.TRUE_DP.CASCADED_PRIM36.ram_B/ENBWREN (clocked by clk_out1_clk_wiz_0_1). Large setup violations at the end of those stages might be difficult to fix during the post-placement implementation flow and could be the result of non-optimal XDC constraints or non-optimal design architecture
Related violations: <none>

TIMING-16#98 Warning
Large setup violation  
There is a large setup violation of -1.448 ns between mb_block_i/hdmi_text_controller_0/inst/hdmi_text_controller_v1_0_AXI_inst/slv_regs_reg[64][4]/C (clocked by clk_out1_mb_blink_clk_wiz_1_0_1) and mb_block_i/hdmi_text_controller_0/inst/color_instance/background/sprite_background_rom/bkg_bram/U0/inst_blk_mem_gen/gnbram.gnativebmg.native_blk_mem_gen/valid.cstr/ramloop[9].ram.r/prim_init.ram/DEVICE_7SERIES.NO_BMM_INFO.TRUE_DP.CASCADED_PRIM36.ram_T/ADDRBWRADDR[14] (clocked by clk_out1_clk_wiz_0_1). Large setup violations at the end of those stages might be difficult to fix during the post-placement implementation flow and could be the result of non-optimal XDC constraints or non-optimal design architecture
Related violations: <none>

TIMING-16#99 Warning
Large setup violation  
There is a large setup violation of -1.454 ns between mb_block_i/hdmi_text_controller_0/inst/hdmi_text_controller_v1_0_AXI_inst/slv_regs_reg[64][4]/C (clocked by clk_out1_mb_blink_clk_wiz_1_0_1) and mb_block_i/hdmi_text_controller_0/inst/color_instance/background/sprite_background_rom/bkg_bram/U0/inst_blk_mem_gen/gnbram.gnativebmg.native_blk_mem_gen/valid.cstr/ramloop[12].ram.r/prim_init.ram/DEVICE_7SERIES.NO_BMM_INFO.TRUE_DP.CASCADED_PRIM36.ram_B/ADDRBWRADDR[15] (clocked by clk_out1_clk_wiz_0_1). Large setup violations at the end of those stages might be difficult to fix during the post-placement implementation flow and could be the result of non-optimal XDC constraints or non-optimal design architecture
Related violations: <none>

TIMING-16#100 Warning
Large setup violation  
There is a large setup violation of -1.458 ns between mb_block_i/hdmi_text_controller_0/inst/hdmi_text_controller_v1_0_AXI_inst/slv_regs_reg[64][4]/C (clocked by clk_out1_mb_blink_clk_wiz_1_0_1) and mb_block_i/hdmi_text_controller_0/inst/color_instance/background/sprite_background_rom/bkg_bram/U0/inst_blk_mem_gen/gnbram.gnativebmg.native_blk_mem_gen/valid.cstr/ramloop[20].ram.r/prim_init.ram/DEVICE_7SERIES.NO_BMM_INFO.TRUE_DP.CASCADED_PRIM36.ram_T/ENBWREN (clocked by clk_out1_clk_wiz_0_1). Large setup violations at the end of those stages might be difficult to fix during the post-placement implementation flow and could be the result of non-optimal XDC constraints or non-optimal design architecture
Related violations: <none>

TIMING-16#101 Warning
Large setup violation  
There is a large setup violation of -1.464 ns between mb_block_i/hdmi_text_controller_0/inst/hdmi_text_controller_v1_0_AXI_inst/slv_regs_reg[64][4]/C (clocked by clk_out1_mb_blink_clk_wiz_1_0_1) and mb_block_i/hdmi_text_controller_0/inst/color_instance/background/sprite_background_rom/bkg_bram/U0/inst_blk_mem_gen/gnbram.gnativebmg.native_blk_mem_gen/valid.cstr/ramloop[21].ram.r/prim_init.ram/DEVICE_7SERIES.NO_BMM_INFO.TRUE_DP.CASCADED_PRIM36.ram_B/ENBWREN (clocked by clk_out1_clk_wiz_0_1). Large setup violations at the end of those stages might be difficult to fix during the post-placement implementation flow and could be the result of non-optimal XDC constraints or non-optimal design architecture
Related violations: <none>

TIMING-16#102 Warning
Large setup violation  
There is a large setup violation of -1.479 ns between mb_block_i/hdmi_text_controller_0/inst/hdmi_text_controller_v1_0_AXI_inst/slv_regs_reg[64][4]/C (clocked by clk_out1_mb_blink_clk_wiz_1_0_1) and mb_block_i/hdmi_text_controller_0/inst/color_instance/background/sprite_background_rom/bkg_bram/U0/inst_blk_mem_gen/gnbram.gnativebmg.native_blk_mem_gen/valid.cstr/ramloop[20].ram.r/prim_init.ram/DEVICE_7SERIES.NO_BMM_INFO.TRUE_DP.CASCADED_PRIM36.ram_T/ADDRBWRADDR[1] (clocked by clk_out1_clk_wiz_0_1). Large setup violations at the end of those stages might be difficult to fix during the post-placement implementation flow and could be the result of non-optimal XDC constraints or non-optimal design architecture
Related violations: <none>

TIMING-16#103 Warning
Large setup violation  
There is a large setup violation of -1.485 ns between mb_block_i/hdmi_text_controller_0/inst/hdmi_text_controller_v1_0_AXI_inst/slv_regs_reg[64][4]/C (clocked by clk_out1_mb_blink_clk_wiz_1_0_1) and mb_block_i/hdmi_text_controller_0/inst/color_instance/background/sprite_background_rom/bkg_bram/U0/inst_blk_mem_gen/gnbram.gnativebmg.native_blk_mem_gen/valid.cstr/ramloop[3].ram.r/prim_init.ram/DEVICE_7SERIES.NO_BMM_INFO.TRUE_DP.CASCADED_PRIM36.ram_B/ADDRBWRADDR[7] (clocked by clk_out1_clk_wiz_0_1). Large setup violations at the end of those stages might be difficult to fix during the post-placement implementation flow and could be the result of non-optimal XDC constraints or non-optimal design architecture
Related violations: <none>

TIMING-16#104 Warning
Large setup violation  
There is a large setup violation of -1.490 ns between mb_block_i/hdmi_text_controller_0/inst/hdmi_text_controller_v1_0_AXI_inst/slv_regs_reg[64][4]/C (clocked by clk_out1_mb_blink_clk_wiz_1_0_1) and mb_block_i/hdmi_text_controller_0/inst/color_instance/background/sprite_background_rom/bkg_bram/U0/inst_blk_mem_gen/gnbram.gnativebmg.native_blk_mem_gen/valid.cstr/ramloop[13].ram.r/prim_init.ram/DEVICE_7SERIES.NO_BMM_INFO.TRUE_DP.CASCADED_PRIM36.ram_B/ADDRBWRADDR[9] (clocked by clk_out1_clk_wiz_0_1). Large setup violations at the end of those stages might be difficult to fix during the post-placement implementation flow and could be the result of non-optimal XDC constraints or non-optimal design architecture
Related violations: <none>

TIMING-16#105 Warning
Large setup violation  
There is a large setup violation of -1.491 ns between mb_block_i/hdmi_text_controller_0/inst/hdmi_text_controller_v1_0_AXI_inst/slv_regs_reg[64][4]/C (clocked by clk_out1_mb_blink_clk_wiz_1_0_1) and mb_block_i/hdmi_text_controller_0/inst/color_instance/background/sprite_background_rom/bkg_bram/U0/inst_blk_mem_gen/gnbram.gnativebmg.native_blk_mem_gen/valid.cstr/ramloop[20].ram.r/prim_init.ram/DEVICE_7SERIES.NO_BMM_INFO.TRUE_DP.CASCADED_PRIM36.ram_B/ADDRBWRADDR[9] (clocked by clk_out1_clk_wiz_0_1). Large setup violations at the end of those stages might be difficult to fix during the post-placement implementation flow and could be the result of non-optimal XDC constraints or non-optimal design architecture
Related violations: <none>

TIMING-16#106 Warning
Large setup violation  
There is a large setup violation of -1.494 ns between mb_block_i/hdmi_text_controller_0/inst/hdmi_text_controller_v1_0_AXI_inst/slv_regs_reg[64][4]/C (clocked by clk_out1_mb_blink_clk_wiz_1_0_1) and mb_block_i/hdmi_text_controller_0/inst/color_instance/background/sprite_background_rom/bkg_bram/U0/inst_blk_mem_gen/gnbram.gnativebmg.native_blk_mem_gen/valid.cstr/ramloop[13].ram.r/prim_init.ram/DEVICE_7SERIES.NO_BMM_INFO.TRUE_DP.CASCADED_PRIM36.ram_B/ADDRBWRADDR[3] (clocked by clk_out1_clk_wiz_0_1). Large setup violations at the end of those stages might be difficult to fix during the post-placement implementation flow and could be the result of non-optimal XDC constraints or non-optimal design architecture
Related violations: <none>

TIMING-16#107 Warning
Large setup violation  
There is a large setup violation of -1.499 ns between mb_block_i/hdmi_text_controller_0/inst/hdmi_text_controller_v1_0_AXI_inst/slv_regs_reg[64][4]/C (clocked by clk_out1_mb_blink_clk_wiz_1_0_1) and mb_block_i/hdmi_text_controller_0/inst/color_instance/background/sprite_background_rom/bkg_bram/U0/inst_blk_mem_gen/gnbram.gnativebmg.native_blk_mem_gen/valid.cstr/ramloop[14].ram.r/prim_init.ram/DEVICE_7SERIES.NO_BMM_INFO.TRUE_DP.CASCADED_PRIM36.ram_B/ADDRBWRADDR[10] (clocked by clk_out1_clk_wiz_0_1). Large setup violations at the end of those stages might be difficult to fix during the post-placement implementation flow and could be the result of non-optimal XDC constraints or non-optimal design architecture
Related violations: <none>

TIMING-16#108 Warning
Large setup violation  
There is a large setup violation of -1.504 ns between mb_block_i/hdmi_text_controller_0/inst/hdmi_text_controller_v1_0_AXI_inst/slv_regs_reg[64][4]/C (clocked by clk_out1_mb_blink_clk_wiz_1_0_1) and mb_block_i/hdmi_text_controller_0/inst/color_instance/background/sprite_background_rom/bkg_bram/U0/inst_blk_mem_gen/gnbram.gnativebmg.native_blk_mem_gen/valid.cstr/ramloop[14].ram.r/prim_init.ram/DEVICE_7SERIES.NO_BMM_INFO.TRUE_DP.CASCADED_PRIM36.ram_B/ADDRBWRADDR[9] (clocked by clk_out1_clk_wiz_0_1). Large setup violations at the end of those stages might be difficult to fix during the post-placement implementation flow and could be the result of non-optimal XDC constraints or non-optimal design architecture
Related violations: <none>

TIMING-16#109 Warning
Large setup violation  
There is a large setup violation of -1.504 ns between mb_block_i/hdmi_text_controller_0/inst/hdmi_text_controller_v1_0_AXI_inst/slv_regs_reg[64][4]/C (clocked by clk_out1_mb_blink_clk_wiz_1_0_1) and mb_block_i/hdmi_text_controller_0/inst/color_instance/background/sprite_background_rom/bkg_bram/U0/inst_blk_mem_gen/gnbram.gnativebmg.native_blk_mem_gen/valid.cstr/ramloop[19].ram.r/prim_init.ram/DEVICE_7SERIES.NO_BMM_INFO.TRUE_DP.CASCADED_PRIM36.ram_T/ENBWREN (clocked by clk_out1_clk_wiz_0_1). Large setup violations at the end of those stages might be difficult to fix during the post-placement implementation flow and could be the result of non-optimal XDC constraints or non-optimal design architecture
Related violations: <none>

TIMING-16#110 Warning
Large setup violation  
There is a large setup violation of -1.505 ns between mb_block_i/hdmi_text_controller_0/inst/hdmi_text_controller_v1_0_AXI_inst/slv_regs_reg[64][4]/C (clocked by clk_out1_mb_blink_clk_wiz_1_0_1) and mb_block_i/hdmi_text_controller_0/inst/color_instance/background/sprite_background_rom/bkg_bram/U0/inst_blk_mem_gen/gnbram.gnativebmg.native_blk_mem_gen/valid.cstr/ramloop[0].ram.r/prim_init.ram/DEVICE_7SERIES.NO_BMM_INFO.TRUE_DP.CASCADED_PRIM36.ram_T/ENBWREN (clocked by clk_out1_clk_wiz_0_1). Large setup violations at the end of those stages might be difficult to fix during the post-placement implementation flow and could be the result of non-optimal XDC constraints or non-optimal design architecture
Related violations: <none>

TIMING-16#111 Warning
Large setup violation  
There is a large setup violation of -1.509 ns between mb_block_i/hdmi_text_controller_0/inst/hdmi_text_controller_v1_0_AXI_inst/slv_regs_reg[64][4]/C (clocked by clk_out1_mb_blink_clk_wiz_1_0_1) and mb_block_i/hdmi_text_controller_0/inst/color_instance/background/sprite_background_rom/bkg_bram/U0/inst_blk_mem_gen/gnbram.gnativebmg.native_blk_mem_gen/valid.cstr/ramloop[14].ram.r/prim_init.ram/DEVICE_7SERIES.NO_BMM_INFO.TRUE_DP.CASCADED_PRIM36.ram_B/ADDRBWRADDR[3] (clocked by clk_out1_clk_wiz_0_1). Large setup violations at the end of those stages might be difficult to fix during the post-placement implementation flow and could be the result of non-optimal XDC constraints or non-optimal design architecture
Related violations: <none>

TIMING-16#112 Warning
Large setup violation  
There is a large setup violation of -1.511 ns between mb_block_i/hdmi_text_controller_0/inst/hdmi_text_controller_v1_0_AXI_inst/slv_regs_reg[64][4]/C (clocked by clk_out1_mb_blink_clk_wiz_1_0_1) and mb_block_i/hdmi_text_controller_0/inst/color_instance/background/sprite_background_rom/bkg_bram/U0/inst_blk_mem_gen/gnbram.gnativebmg.native_blk_mem_gen/valid.cstr/ramloop[20].ram.r/prim_init.ram/DEVICE_7SERIES.NO_BMM_INFO.TRUE_DP.CASCADED_PRIM36.ram_T/ADDRBWRADDR[4] (clocked by clk_out1_clk_wiz_0_1). Large setup violations at the end of those stages might be difficult to fix during the post-placement implementation flow and could be the result of non-optimal XDC constraints or non-optimal design architecture
Related violations: <none>

TIMING-16#113 Warning
Large setup violation  
There is a large setup violation of -1.514 ns between mb_block_i/hdmi_text_controller_0/inst/hdmi_text_controller_v1_0_AXI_inst/slv_regs_reg[64][4]/C (clocked by clk_out1_mb_blink_clk_wiz_1_0_1) and mb_block_i/hdmi_text_controller_0/inst/color_instance/background/sprite_background_rom/bkg_bram/U0/inst_blk_mem_gen/gnbram.gnativebmg.native_blk_mem_gen/valid.cstr/ramloop[9].ram.r/prim_init.ram/DEVICE_7SERIES.NO_BMM_INFO.TRUE_DP.CASCADED_PRIM36.ram_B/ADDRBWRADDR[8] (clocked by clk_out1_clk_wiz_0_1). Large setup violations at the end of those stages might be difficult to fix during the post-placement implementation flow and could be the result of non-optimal XDC constraints or non-optimal design architecture
Related violations: <none>

TIMING-16#114 Warning
Large setup violation  
There is a large setup violation of -1.532 ns between mb_block_i/hdmi_text_controller_0/inst/hdmi_text_controller_v1_0_AXI_inst/slv_regs_reg[64][4]/C (clocked by clk_out1_mb_blink_clk_wiz_1_0_1) and mb_block_i/hdmi_text_controller_0/inst/color_instance/background/sprite_background_rom/bkg_bram/U0/inst_blk_mem_gen/gnbram.gnativebmg.native_blk_mem_gen/valid.cstr/ramloop[19].ram.r/prim_init.ram/DEVICE_7SERIES.NO_BMM_INFO.TRUE_DP.CASCADED_PRIM36.ram_B/ADDRBWRADDR[14] (clocked by clk_out1_clk_wiz_0_1). Large setup violations at the end of those stages might be difficult to fix during the post-placement implementation flow and could be the result of non-optimal XDC constraints or non-optimal design architecture
Related violations: <none>

TIMING-16#115 Warning
Large setup violation  
There is a large setup violation of -1.532 ns between mb_block_i/hdmi_text_controller_0/inst/hdmi_text_controller_v1_0_AXI_inst/slv_regs_reg[64][4]/C (clocked by clk_out1_mb_blink_clk_wiz_1_0_1) and mb_block_i/hdmi_text_controller_0/inst/color_instance/background/sprite_background_rom/bkg_bram/U0/inst_blk_mem_gen/gnbram.gnativebmg.native_blk_mem_gen/valid.cstr/ramloop[20].ram.r/prim_init.ram/DEVICE_7SERIES.NO_BMM_INFO.TRUE_DP.CASCADED_PRIM36.ram_B/ADDRBWRADDR[15] (clocked by clk_out1_clk_wiz_0_1). Large setup violations at the end of those stages might be difficult to fix during the post-placement implementation flow and could be the result of non-optimal XDC constraints or non-optimal design architecture
Related violations: <none>

TIMING-16#116 Warning
Large setup violation  
There is a large setup violation of -1.536 ns between mb_block_i/hdmi_text_controller_0/inst/hdmi_text_controller_v1_0_AXI_inst/slv_regs_reg[64][4]/C (clocked by clk_out1_mb_blink_clk_wiz_1_0_1) and mb_block_i/hdmi_text_controller_0/inst/color_instance/background/sprite_background_rom/bkg_bram/U0/inst_blk_mem_gen/gnbram.gnativebmg.native_blk_mem_gen/valid.cstr/ramloop[13].ram.r/prim_init.ram/DEVICE_7SERIES.NO_BMM_INFO.TRUE_DP.CASCADED_PRIM36.ram_T/ADDRBWRADDR[13] (clocked by clk_out1_clk_wiz_0_1). Large setup violations at the end of those stages might be difficult to fix during the post-placement implementation flow and could be the result of non-optimal XDC constraints or non-optimal design architecture
Related violations: <none>

TIMING-16#117 Warning
Large setup violation  
There is a large setup violation of -1.541 ns between mb_block_i/hdmi_text_controller_0/inst/hdmi_text_controller_v1_0_AXI_inst/slv_regs_reg[64][4]/C (clocked by clk_out1_mb_blink_clk_wiz_1_0_1) and mb_block_i/hdmi_text_controller_0/inst/color_instance/background/sprite_background_rom/bkg_bram/U0/inst_blk_mem_gen/gnbram.gnativebmg.native_blk_mem_gen/valid.cstr/ramloop[14].ram.r/prim_init.ram/DEVICE_7SERIES.NO_BMM_INFO.TRUE_DP.CASCADED_PRIM36.ram_B/ADDRBWRADDR[6] (clocked by clk_out1_clk_wiz_0_1). Large setup violations at the end of those stages might be difficult to fix during the post-placement implementation flow and could be the result of non-optimal XDC constraints or non-optimal design architecture
Related violations: <none>

TIMING-16#118 Warning
Large setup violation  
There is a large setup violation of -1.541 ns between mb_block_i/hdmi_text_controller_0/inst/hdmi_text_controller_v1_0_AXI_inst/slv_regs_reg[64][4]/C (clocked by clk_out1_mb_blink_clk_wiz_1_0_1) and mb_block_i/hdmi_text_controller_0/inst/color_instance/background/sprite_background_rom/bkg_bram/U0/inst_blk_mem_gen/gnbram.gnativebmg.native_blk_mem_gen/valid.cstr/ramloop[9].ram.r/prim_init.ram/DEVICE_7SERIES.NO_BMM_INFO.TRUE_DP.CASCADED_PRIM36.ram_B/ADDRBWRADDR[15] (clocked by clk_out1_clk_wiz_0_1). Large setup violations at the end of those stages might be difficult to fix during the post-placement implementation flow and could be the result of non-optimal XDC constraints or non-optimal design architecture
Related violations: <none>

TIMING-16#119 Warning
Large setup violation  
There is a large setup violation of -1.545 ns between mb_block_i/hdmi_text_controller_0/inst/hdmi_text_controller_v1_0_AXI_inst/slv_regs_reg[64][4]/C (clocked by clk_out1_mb_blink_clk_wiz_1_0_1) and mb_block_i/hdmi_text_controller_0/inst/color_instance/background/sprite_background_rom/bkg_bram/U0/inst_blk_mem_gen/gnbram.gnativebmg.native_blk_mem_gen/valid.cstr/ramloop[1].ram.r/prim_init.ram/DEVICE_7SERIES.NO_BMM_INFO.TRUE_DP.CASCADED_PRIM36.ram_B/ADDRBWRADDR[13] (clocked by clk_out1_clk_wiz_0_1). Large setup violations at the end of those stages might be difficult to fix during the post-placement implementation flow and could be the result of non-optimal XDC constraints or non-optimal design architecture
Related violations: <none>

TIMING-16#120 Warning
Large setup violation  
There is a large setup violation of -1.547 ns between mb_block_i/hdmi_text_controller_0/inst/hdmi_text_controller_v1_0_AXI_inst/slv_regs_reg[64][4]/C (clocked by clk_out1_mb_blink_clk_wiz_1_0_1) and mb_block_i/hdmi_text_controller_0/inst/color_instance/background/sprite_background_rom/bkg_bram/U0/inst_blk_mem_gen/gnbram.gnativebmg.native_blk_mem_gen/valid.cstr/ramloop[2].ram.r/prim_init.ram/DEVICE_7SERIES.NO_BMM_INFO.TRUE_DP.CASCADED_PRIM36.ram_T/ADDRBWRADDR[13] (clocked by clk_out1_clk_wiz_0_1). Large setup violations at the end of those stages might be difficult to fix during the post-placement implementation flow and could be the result of non-optimal XDC constraints or non-optimal design architecture
Related violations: <none>

TIMING-16#121 Warning
Large setup violation  
There is a large setup violation of -1.549 ns between mb_block_i/hdmi_text_controller_0/inst/hdmi_text_controller_v1_0_AXI_inst/slv_regs_reg[64][4]/C (clocked by clk_out1_mb_blink_clk_wiz_1_0_1) and mb_block_i/hdmi_text_controller_0/inst/color_instance/background/sprite_background_rom/bkg_bram/U0/inst_blk_mem_gen/gnbram.gnativebmg.native_blk_mem_gen/valid.cstr/ramloop[13].ram.r/prim_init.ram/DEVICE_7SERIES.NO_BMM_INFO.TRUE_DP.CASCADED_PRIM36.ram_B/ADDRBWRADDR[0] (clocked by clk_out1_clk_wiz_0_1). Large setup violations at the end of those stages might be difficult to fix during the post-placement implementation flow and could be the result of non-optimal XDC constraints or non-optimal design architecture
Related violations: <none>

TIMING-16#122 Warning
Large setup violation  
There is a large setup violation of -1.556 ns between mb_block_i/hdmi_text_controller_0/inst/hdmi_text_controller_v1_0_AXI_inst/slv_regs_reg[64][4]/C (clocked by clk_out1_mb_blink_clk_wiz_1_0_1) and mb_block_i/hdmi_text_controller_0/inst/color_instance/background/sprite_background_rom/bkg_bram/U0/inst_blk_mem_gen/gnbram.gnativebmg.native_blk_mem_gen/valid.cstr/ramloop[20].ram.r/prim_init.ram/DEVICE_7SERIES.NO_BMM_INFO.TRUE_DP.CASCADED_PRIM36.ram_T/ADDRBWRADDR[12] (clocked by clk_out1_clk_wiz_0_1). Large setup violations at the end of those stages might be difficult to fix during the post-placement implementation flow and could be the result of non-optimal XDC constraints or non-optimal design architecture
Related violations: <none>

TIMING-16#123 Warning
Large setup violation  
There is a large setup violation of -1.560 ns between mb_block_i/hdmi_text_controller_0/inst/hdmi_text_controller_v1_0_AXI_inst/slv_regs_reg[64][4]/C (clocked by clk_out1_mb_blink_clk_wiz_1_0_1) and mb_block_i/hdmi_text_controller_0/inst/color_instance/background/sprite_background_rom/bkg_bram/U0/inst_blk_mem_gen/gnbram.gnativebmg.native_blk_mem_gen/valid.cstr/ramloop[1].ram.r/prim_init.ram/DEVICE_7SERIES.NO_BMM_INFO.TRUE_DP.CASCADED_PRIM36.ram_T/ADDRBWRADDR[1] (clocked by clk_out1_clk_wiz_0_1). Large setup violations at the end of those stages might be difficult to fix during the post-placement implementation flow and could be the result of non-optimal XDC constraints or non-optimal design architecture
Related violations: <none>

TIMING-16#124 Warning
Large setup violation  
There is a large setup violation of -1.578 ns between mb_block_i/hdmi_text_controller_0/inst/hdmi_text_controller_v1_0_AXI_inst/slv_regs_reg[64][4]/C (clocked by clk_out1_mb_blink_clk_wiz_1_0_1) and mb_block_i/hdmi_text_controller_0/inst/color_instance/background/sprite_background_rom/bkg_bram/U0/inst_blk_mem_gen/gnbram.gnativebmg.native_blk_mem_gen/valid.cstr/ramloop[13].ram.r/prim_init.ram/DEVICE_7SERIES.NO_BMM_INFO.TRUE_DP.CASCADED_PRIM36.ram_B/ENBWREN (clocked by clk_out1_clk_wiz_0_1). Large setup violations at the end of those stages might be difficult to fix during the post-placement implementation flow and could be the result of non-optimal XDC constraints or non-optimal design architecture
Related violations: <none>

TIMING-16#125 Warning
Large setup violation  
There is a large setup violation of -1.602 ns between mb_block_i/hdmi_text_controller_0/inst/hdmi_text_controller_v1_0_AXI_inst/slv_regs_reg[64][4]/C (clocked by clk_out1_mb_blink_clk_wiz_1_0_1) and mb_block_i/hdmi_text_controller_0/inst/color_instance/background/sprite_background_rom/bkg_bram/U0/inst_blk_mem_gen/gnbram.gnativebmg.native_blk_mem_gen/valid.cstr/ramloop[9].ram.r/prim_init.ram/DEVICE_7SERIES.NO_BMM_INFO.TRUE_DP.CASCADED_PRIM36.ram_T/ENBWREN (clocked by clk_out1_clk_wiz_0_1). Large setup violations at the end of those stages might be difficult to fix during the post-placement implementation flow and could be the result of non-optimal XDC constraints or non-optimal design architecture
Related violations: <none>

TIMING-16#126 Warning
Large setup violation  
There is a large setup violation of -1.603 ns between mb_block_i/hdmi_text_controller_0/inst/hdmi_text_controller_v1_0_AXI_inst/slv_regs_reg[64][4]/C (clocked by clk_out1_mb_blink_clk_wiz_1_0_1) and mb_block_i/hdmi_text_controller_0/inst/color_instance/background/sprite_background_rom/bkg_bram/U0/inst_blk_mem_gen/gnbram.gnativebmg.native_blk_mem_gen/valid.cstr/ramloop[0].ram.r/prim_init.ram/DEVICE_7SERIES.NO_BMM_INFO.TRUE_DP.CASCADED_PRIM36.ram_T/ADDRBWRADDR[7] (clocked by clk_out1_clk_wiz_0_1). Large setup violations at the end of those stages might be difficult to fix during the post-placement implementation flow and could be the result of non-optimal XDC constraints or non-optimal design architecture
Related violations: <none>

TIMING-16#127 Warning
Large setup violation  
There is a large setup violation of -1.614 ns between mb_block_i/hdmi_text_controller_0/inst/hdmi_text_controller_v1_0_AXI_inst/slv_regs_reg[64][4]/C (clocked by clk_out1_mb_blink_clk_wiz_1_0_1) and mb_block_i/hdmi_text_controller_0/inst/color_instance/background/sprite_background_rom/bkg_bram/U0/inst_blk_mem_gen/gnbram.gnativebmg.native_blk_mem_gen/valid.cstr/ramloop[19].ram.r/prim_init.ram/DEVICE_7SERIES.NO_BMM_INFO.TRUE_DP.CASCADED_PRIM36.ram_T/ADDRBWRADDR[4] (clocked by clk_out1_clk_wiz_0_1). Large setup violations at the end of those stages might be difficult to fix during the post-placement implementation flow and could be the result of non-optimal XDC constraints or non-optimal design architecture
Related violations: <none>

TIMING-16#128 Warning
Large setup violation  
There is a large setup violation of -1.622 ns between mb_block_i/hdmi_text_controller_0/inst/hdmi_text_controller_v1_0_AXI_inst/slv_regs_reg[64][4]/C (clocked by clk_out1_mb_blink_clk_wiz_1_0_1) and mb_block_i/hdmi_text_controller_0/inst/color_instance/background/sprite_background_rom/bkg_bram/U0/inst_blk_mem_gen/gnbram.gnativebmg.native_blk_mem_gen/valid.cstr/ramloop[13].ram.r/prim_init.ram/DEVICE_7SERIES.NO_BMM_INFO.TRUE_DP.CASCADED_PRIM36.ram_B/ADDRBWRADDR[4] (clocked by clk_out1_clk_wiz_0_1). Large setup violations at the end of those stages might be difficult to fix during the post-placement implementation flow and could be the result of non-optimal XDC constraints or non-optimal design architecture
Related violations: <none>

TIMING-16#129 Warning
Large setup violation  
There is a large setup violation of -1.625 ns between mb_block_i/hdmi_text_controller_0/inst/hdmi_text_controller_v1_0_AXI_inst/slv_regs_reg[64][4]/C (clocked by clk_out1_mb_blink_clk_wiz_1_0_1) and mb_block_i/hdmi_text_controller_0/inst/color_instance/background/sprite_background_rom/bkg_bram/U0/inst_blk_mem_gen/gnbram.gnativebmg.native_blk_mem_gen/valid.cstr/ramloop[12].ram.r/prim_init.ram/DEVICE_7SERIES.NO_BMM_INFO.TRUE_DP.CASCADED_PRIM36.ram_B/ENBWREN (clocked by clk_out1_clk_wiz_0_1). Large setup violations at the end of those stages might be difficult to fix during the post-placement implementation flow and could be the result of non-optimal XDC constraints or non-optimal design architecture
Related violations: <none>

TIMING-16#130 Warning
Large setup violation  
There is a large setup violation of -1.625 ns between mb_block_i/hdmi_text_controller_0/inst/hdmi_text_controller_v1_0_AXI_inst/slv_regs_reg[64][4]/C (clocked by clk_out1_mb_blink_clk_wiz_1_0_1) and mb_block_i/hdmi_text_controller_0/inst/color_instance/background/sprite_background_rom/bkg_bram/U0/inst_blk_mem_gen/gnbram.gnativebmg.native_blk_mem_gen/valid.cstr/ramloop[20].ram.r/prim_init.ram/DEVICE_7SERIES.NO_BMM_INFO.TRUE_DP.CASCADED_PRIM36.ram_B/ADDRBWRADDR[13] (clocked by clk_out1_clk_wiz_0_1). Large setup violations at the end of those stages might be difficult to fix during the post-placement implementation flow and could be the result of non-optimal XDC constraints or non-optimal design architecture
Related violations: <none>

TIMING-16#131 Warning
Large setup violation  
There is a large setup violation of -1.626 ns between mb_block_i/hdmi_text_controller_0/inst/hdmi_text_controller_v1_0_AXI_inst/slv_regs_reg[64][4]/C (clocked by clk_out1_mb_blink_clk_wiz_1_0_1) and mb_block_i/hdmi_text_controller_0/inst/color_instance/background/sprite_background_rom/bkg_bram/U0/inst_blk_mem_gen/gnbram.gnativebmg.native_blk_mem_gen/valid.cstr/ramloop[19].ram.r/prim_init.ram/DEVICE_7SERIES.NO_BMM_INFO.TRUE_DP.CASCADED_PRIM36.ram_B/ADDRBWRADDR[12] (clocked by clk_out1_clk_wiz_0_1). Large setup violations at the end of those stages might be difficult to fix during the post-placement implementation flow and could be the result of non-optimal XDC constraints or non-optimal design architecture
Related violations: <none>

TIMING-16#132 Warning
Large setup violation  
There is a large setup violation of -1.637 ns between mb_block_i/hdmi_text_controller_0/inst/hdmi_text_controller_v1_0_AXI_inst/slv_regs_reg[64][4]/C (clocked by clk_out1_mb_blink_clk_wiz_1_0_1) and mb_block_i/hdmi_text_controller_0/inst/color_instance/background/sprite_background_rom/bkg_bram/U0/inst_blk_mem_gen/gnbram.gnativebmg.native_blk_mem_gen/valid.cstr/ramloop[14].ram.r/prim_init.ram/DEVICE_7SERIES.NO_BMM_INFO.TRUE_DP.CASCADED_PRIM36.ram_B/ADDRBWRADDR[4] (clocked by clk_out1_clk_wiz_0_1). Large setup violations at the end of those stages might be difficult to fix during the post-placement implementation flow and could be the result of non-optimal XDC constraints or non-optimal design architecture
Related violations: <none>

TIMING-16#133 Warning
Large setup violation  
There is a large setup violation of -1.638 ns between mb_block_i/hdmi_text_controller_0/inst/hdmi_text_controller_v1_0_AXI_inst/slv_regs_reg[64][4]/C (clocked by clk_out1_mb_blink_clk_wiz_1_0_1) and mb_block_i/hdmi_text_controller_0/inst/color_instance/background/sprite_background_rom/bkg_bram/U0/inst_blk_mem_gen/gnbram.gnativebmg.native_blk_mem_gen/valid.cstr/ramloop[14].ram.r/prim_init.ram/DEVICE_7SERIES.NO_BMM_INFO.TRUE_DP.CASCADED_PRIM36.ram_T/ADDRBWRADDR[1] (clocked by clk_out1_clk_wiz_0_1). Large setup violations at the end of those stages might be difficult to fix during the post-placement implementation flow and could be the result of non-optimal XDC constraints or non-optimal design architecture
Related violations: <none>

TIMING-16#134 Warning
Large setup violation  
There is a large setup violation of -1.649 ns between mb_block_i/hdmi_text_controller_0/inst/hdmi_text_controller_v1_0_AXI_inst/slv_regs_reg[64][4]/C (clocked by clk_out1_mb_blink_clk_wiz_1_0_1) and mb_block_i/hdmi_text_controller_0/inst/color_instance/background/sprite_background_rom/bkg_bram/U0/inst_blk_mem_gen/gnbram.gnativebmg.native_blk_mem_gen/valid.cstr/ramloop[9].ram.r/prim_init.ram/DEVICE_7SERIES.NO_BMM_INFO.TRUE_DP.CASCADED_PRIM36.ram_B/ADDRBWRADDR[3] (clocked by clk_out1_clk_wiz_0_1). Large setup violations at the end of those stages might be difficult to fix during the post-placement implementation flow and could be the result of non-optimal XDC constraints or non-optimal design architecture
Related violations: <none>

TIMING-16#135 Warning
Large setup violation  
There is a large setup violation of -1.650 ns between mb_block_i/hdmi_text_controller_0/inst/hdmi_text_controller_v1_0_AXI_inst/slv_regs_reg[64][4]/C (clocked by clk_out1_mb_blink_clk_wiz_1_0_1) and mb_block_i/hdmi_text_controller_0/inst/color_instance/background/sprite_background_rom/bkg_bram/U0/inst_blk_mem_gen/gnbram.gnativebmg.native_blk_mem_gen/valid.cstr/ramloop[14].ram.r/prim_init.ram/DEVICE_7SERIES.NO_BMM_INFO.TRUE_DP.CASCADED_PRIM36.ram_T/ADDRBWRADDR[5] (clocked by clk_out1_clk_wiz_0_1). Large setup violations at the end of those stages might be difficult to fix during the post-placement implementation flow and could be the result of non-optimal XDC constraints or non-optimal design architecture
Related violations: <none>

TIMING-16#136 Warning
Large setup violation  
There is a large setup violation of -1.654 ns between mb_block_i/hdmi_text_controller_0/inst/hdmi_text_controller_v1_0_AXI_inst/slv_regs_reg[64][4]/C (clocked by clk_out1_mb_blink_clk_wiz_1_0_1) and mb_block_i/hdmi_text_controller_0/inst/color_instance/background/sprite_background_rom/bkg_bram/U0/inst_blk_mem_gen/gnbram.gnativebmg.native_blk_mem_gen/valid.cstr/ramloop[9].ram.r/prim_init.ram/DEVICE_7SERIES.NO_BMM_INFO.TRUE_DP.CASCADED_PRIM36.ram_B/ENBWREN (clocked by clk_out1_clk_wiz_0_1). Large setup violations at the end of those stages might be difficult to fix during the post-placement implementation flow and could be the result of non-optimal XDC constraints or non-optimal design architecture
Related violations: <none>

TIMING-16#137 Warning
Large setup violation  
There is a large setup violation of -1.664 ns between mb_block_i/hdmi_text_controller_0/inst/hdmi_text_controller_v1_0_AXI_inst/slv_regs_reg[64][4]/C (clocked by clk_out1_mb_blink_clk_wiz_1_0_1) and mb_block_i/hdmi_text_controller_0/inst/color_instance/background/sprite_background_rom/bkg_bram/U0/inst_blk_mem_gen/gnbram.gnativebmg.native_blk_mem_gen/valid.cstr/ramloop[19].ram.r/prim_init.ram/DEVICE_7SERIES.NO_BMM_INFO.TRUE_DP.CASCADED_PRIM36.ram_T/ADDRBWRADDR[6] (clocked by clk_out1_clk_wiz_0_1). Large setup violations at the end of those stages might be difficult to fix during the post-placement implementation flow and could be the result of non-optimal XDC constraints or non-optimal design architecture
Related violations: <none>

TIMING-16#138 Warning
Large setup violation  
There is a large setup violation of -1.672 ns between mb_block_i/hdmi_text_controller_0/inst/hdmi_text_controller_v1_0_AXI_inst/slv_regs_reg[64][4]/C (clocked by clk_out1_mb_blink_clk_wiz_1_0_1) and mb_block_i/hdmi_text_controller_0/inst/color_instance/background/sprite_background_rom/bkg_bram/U0/inst_blk_mem_gen/gnbram.gnativebmg.native_blk_mem_gen/valid.cstr/ramloop[9].ram.r/prim_init.ram/DEVICE_7SERIES.NO_BMM_INFO.TRUE_DP.CASCADED_PRIM36.ram_B/ADDRBWRADDR[10] (clocked by clk_out1_clk_wiz_0_1). Large setup violations at the end of those stages might be difficult to fix during the post-placement implementation flow and could be the result of non-optimal XDC constraints or non-optimal design architecture
Related violations: <none>

TIMING-16#139 Warning
Large setup violation  
There is a large setup violation of -1.677 ns between mb_block_i/hdmi_text_controller_0/inst/hdmi_text_controller_v1_0_AXI_inst/slv_regs_reg[64][4]/C (clocked by clk_out1_mb_blink_clk_wiz_1_0_1) and mb_block_i/hdmi_text_controller_0/inst/color_instance/background/sprite_background_rom/bkg_bram/U0/inst_blk_mem_gen/gnbram.gnativebmg.native_blk_mem_gen/valid.cstr/ramloop[0].ram.r/prim_init.ram/DEVICE_7SERIES.NO_BMM_INFO.TRUE_DP.CASCADED_PRIM36.ram_T/ADDRBWRADDR[15] (clocked by clk_out1_clk_wiz_0_1). Large setup violations at the end of those stages might be difficult to fix during the post-placement implementation flow and could be the result of non-optimal XDC constraints or non-optimal design architecture
Related violations: <none>

TIMING-16#140 Warning
Large setup violation  
There is a large setup violation of -1.697 ns between mb_block_i/hdmi_text_controller_0/inst/hdmi_text_controller_v1_0_AXI_inst/slv_regs_reg[64][4]/C (clocked by clk_out1_mb_blink_clk_wiz_1_0_1) and mb_block_i/hdmi_text_controller_0/inst/color_instance/background/sprite_background_rom/bkg_bram/U0/inst_blk_mem_gen/gnbram.gnativebmg.native_blk_mem_gen/valid.cstr/ramloop[1].ram.r/prim_init.ram/DEVICE_7SERIES.NO_BMM_INFO.TRUE_DP.CASCADED_PRIM36.ram_B/ADDRBWRADDR[5] (clocked by clk_out1_clk_wiz_0_1). Large setup violations at the end of those stages might be difficult to fix during the post-placement implementation flow and could be the result of non-optimal XDC constraints or non-optimal design architecture
Related violations: <none>

TIMING-16#141 Warning
Large setup violation  
There is a large setup violation of -1.713 ns between mb_block_i/hdmi_text_controller_0/inst/hdmi_text_controller_v1_0_AXI_inst/slv_regs_reg[64][4]/C (clocked by clk_out1_mb_blink_clk_wiz_1_0_1) and mb_block_i/hdmi_text_controller_0/inst/color_instance/background/sprite_background_rom/bkg_bram/U0/inst_blk_mem_gen/gnbram.gnativebmg.native_blk_mem_gen/valid.cstr/ramloop[19].ram.r/prim_init.ram/DEVICE_7SERIES.NO_BMM_INFO.TRUE_DP.CASCADED_PRIM36.ram_B/ADDRBWRADDR[3] (clocked by clk_out1_clk_wiz_0_1). Large setup violations at the end of those stages might be difficult to fix during the post-placement implementation flow and could be the result of non-optimal XDC constraints or non-optimal design architecture
Related violations: <none>

TIMING-16#142 Warning
Large setup violation  
There is a large setup violation of -1.739 ns between mb_block_i/hdmi_text_controller_0/inst/hdmi_text_controller_v1_0_AXI_inst/slv_regs_reg[64][4]/C (clocked by clk_out1_mb_blink_clk_wiz_1_0_1) and mb_block_i/hdmi_text_controller_0/inst/color_instance/background/sprite_background_rom/bkg_bram/U0/inst_blk_mem_gen/gnbram.gnativebmg.native_blk_mem_gen/valid.cstr/ramloop[20].ram.r/prim_init.ram/DEVICE_7SERIES.NO_BMM_INFO.TRUE_DP.CASCADED_PRIM36.ram_T/ADDRBWRADDR[5] (clocked by clk_out1_clk_wiz_0_1). Large setup violations at the end of those stages might be difficult to fix during the post-placement implementation flow and could be the result of non-optimal XDC constraints or non-optimal design architecture
Related violations: <none>

TIMING-16#143 Warning
Large setup violation  
There is a large setup violation of -1.742 ns between mb_block_i/hdmi_text_controller_0/inst/hdmi_text_controller_v1_0_AXI_inst/slv_regs_reg[64][4]/C (clocked by clk_out1_mb_blink_clk_wiz_1_0_1) and mb_block_i/hdmi_text_controller_0/inst/color_instance/background/sprite_background_rom/bkg_bram/U0/inst_blk_mem_gen/gnbram.gnativebmg.native_blk_mem_gen/valid.cstr/ramloop[20].ram.r/prim_init.ram/DEVICE_7SERIES.NO_BMM_INFO.TRUE_DP.CASCADED_PRIM36.ram_T/ADDRBWRADDR[6] (clocked by clk_out1_clk_wiz_0_1). Large setup violations at the end of those stages might be difficult to fix during the post-placement implementation flow and could be the result of non-optimal XDC constraints or non-optimal design architecture
Related violations: <none>

TIMING-16#144 Warning
Large setup violation  
There is a large setup violation of -1.743 ns between mb_block_i/hdmi_text_controller_0/inst/hdmi_text_controller_v1_0_AXI_inst/slv_regs_reg[64][4]/C (clocked by clk_out1_mb_blink_clk_wiz_1_0_1) and mb_block_i/hdmi_text_controller_0/inst/color_instance/background/sprite_background_rom/bkg_bram/U0/inst_blk_mem_gen/gnbram.gnativebmg.native_blk_mem_gen/valid.cstr/ramloop[1].ram.r/prim_init.ram/DEVICE_7SERIES.NO_BMM_INFO.TRUE_DP.CASCADED_PRIM36.ram_B/ADDRBWRADDR[9] (clocked by clk_out1_clk_wiz_0_1). Large setup violations at the end of those stages might be difficult to fix during the post-placement implementation flow and could be the result of non-optimal XDC constraints or non-optimal design architecture
Related violations: <none>

TIMING-16#145 Warning
Large setup violation  
There is a large setup violation of -1.764 ns between mb_block_i/hdmi_text_controller_0/inst/hdmi_text_controller_v1_0_AXI_inst/slv_regs_reg[64][4]/C (clocked by clk_out1_mb_blink_clk_wiz_1_0_1) and mb_block_i/hdmi_text_controller_0/inst/color_instance/background/sprite_background_rom/bkg_bram/U0/inst_blk_mem_gen/gnbram.gnativebmg.native_blk_mem_gen/valid.cstr/ramloop[14].ram.r/prim_init.ram/DEVICE_7SERIES.NO_BMM_INFO.TRUE_DP.CASCADED_PRIM36.ram_T/ADDRBWRADDR[12] (clocked by clk_out1_clk_wiz_0_1). Large setup violations at the end of those stages might be difficult to fix during the post-placement implementation flow and could be the result of non-optimal XDC constraints or non-optimal design architecture
Related violations: <none>

TIMING-16#146 Warning
Large setup violation  
There is a large setup violation of -1.787 ns between mb_block_i/hdmi_text_controller_0/inst/hdmi_text_controller_v1_0_AXI_inst/slv_regs_reg[64][4]/C (clocked by clk_out1_mb_blink_clk_wiz_1_0_1) and mb_block_i/hdmi_text_controller_0/inst/color_instance/background/sprite_background_rom/bkg_bram/U0/inst_blk_mem_gen/gnbram.gnativebmg.native_blk_mem_gen/valid.cstr/ramloop[1].ram.r/prim_init.ram/DEVICE_7SERIES.NO_BMM_INFO.TRUE_DP.CASCADED_PRIM36.ram_B/ENBWREN (clocked by clk_out1_clk_wiz_0_1). Large setup violations at the end of those stages might be difficult to fix during the post-placement implementation flow and could be the result of non-optimal XDC constraints or non-optimal design architecture
Related violations: <none>

TIMING-16#147 Warning
Large setup violation  
There is a large setup violation of -1.807 ns between mb_block_i/hdmi_text_controller_0/inst/hdmi_text_controller_v1_0_AXI_inst/slv_regs_reg[64][4]/C (clocked by clk_out1_mb_blink_clk_wiz_1_0_1) and mb_block_i/hdmi_text_controller_0/inst/color_instance/background/sprite_background_rom/bkg_bram/U0/inst_blk_mem_gen/gnbram.gnativebmg.native_blk_mem_gen/valid.cstr/ramloop[20].ram.r/prim_init.ram/DEVICE_7SERIES.NO_BMM_INFO.TRUE_DP.CASCADED_PRIM36.ram_B/ADDRBWRADDR[7] (clocked by clk_out1_clk_wiz_0_1). Large setup violations at the end of those stages might be difficult to fix during the post-placement implementation flow and could be the result of non-optimal XDC constraints or non-optimal design architecture
Related violations: <none>

TIMING-16#148 Warning
Large setup violation  
There is a large setup violation of -1.810 ns between mb_block_i/hdmi_text_controller_0/inst/hdmi_text_controller_v1_0_AXI_inst/slv_regs_reg[64][4]/C (clocked by clk_out1_mb_blink_clk_wiz_1_0_1) and mb_block_i/hdmi_text_controller_0/inst/color_instance/background/sprite_background_rom/bkg_bram/U0/inst_blk_mem_gen/gnbram.gnativebmg.native_blk_mem_gen/valid.cstr/ramloop[18].ram.r/prim_init.ram/DEVICE_7SERIES.NO_BMM_INFO.TRUE_DP.CASCADED_PRIM36.ram_B/ENBWREN (clocked by clk_out1_clk_wiz_0_1). Large setup violations at the end of those stages might be difficult to fix during the post-placement implementation flow and could be the result of non-optimal XDC constraints or non-optimal design architecture
Related violations: <none>

TIMING-16#149 Warning
Large setup violation  
There is a large setup violation of -1.820 ns between mb_block_i/hdmi_text_controller_0/inst/hdmi_text_controller_v1_0_AXI_inst/slv_regs_reg[64][4]/C (clocked by clk_out1_mb_blink_clk_wiz_1_0_1) and mb_block_i/hdmi_text_controller_0/inst/color_instance/background/sprite_background_rom/bkg_bram/U0/inst_blk_mem_gen/gnbram.gnativebmg.native_blk_mem_gen/valid.cstr/ramloop[9].ram.r/prim_init.ram/DEVICE_7SERIES.NO_BMM_INFO.TRUE_DP.CASCADED_PRIM36.ram_B/ADDRBWRADDR[1] (clocked by clk_out1_clk_wiz_0_1). Large setup violations at the end of those stages might be difficult to fix during the post-placement implementation flow and could be the result of non-optimal XDC constraints or non-optimal design architecture
Related violations: <none>

TIMING-16#150 Warning
Large setup violation  
There is a large setup violation of -1.825 ns between mb_block_i/hdmi_text_controller_0/inst/hdmi_text_controller_v1_0_AXI_inst/slv_regs_reg[64][4]/C (clocked by clk_out1_mb_blink_clk_wiz_1_0_1) and mb_block_i/hdmi_text_controller_0/inst/color_instance/background/sprite_background_rom/bkg_bram/U0/inst_blk_mem_gen/gnbram.gnativebmg.native_blk_mem_gen/valid.cstr/ramloop[2].ram.r/prim_init.ram/DEVICE_7SERIES.NO_BMM_INFO.TRUE_DP.CASCADED_PRIM36.ram_T/ENBWREN (clocked by clk_out1_clk_wiz_0_1). Large setup violations at the end of those stages might be difficult to fix during the post-placement implementation flow and could be the result of non-optimal XDC constraints or non-optimal design architecture
Related violations: <none>

TIMING-16#151 Warning
Large setup violation  
There is a large setup violation of -1.830 ns between mb_block_i/hdmi_text_controller_0/inst/hdmi_text_controller_v1_0_AXI_inst/slv_regs_reg[64][4]/C (clocked by clk_out1_mb_blink_clk_wiz_1_0_1) and mb_block_i/hdmi_text_controller_0/inst/color_instance/background/sprite_background_rom/bkg_bram/U0/inst_blk_mem_gen/gnbram.gnativebmg.native_blk_mem_gen/valid.cstr/ramloop[20].ram.r/prim_init.ram/DEVICE_7SERIES.NO_BMM_INFO.TRUE_DP.CASCADED_PRIM36.ram_T/ADDRBWRADDR[9] (clocked by clk_out1_clk_wiz_0_1). Large setup violations at the end of those stages might be difficult to fix during the post-placement implementation flow and could be the result of non-optimal XDC constraints or non-optimal design architecture
Related violations: <none>

TIMING-16#152 Warning
Large setup violation  
There is a large setup violation of -1.840 ns between mb_block_i/hdmi_text_controller_0/inst/hdmi_text_controller_v1_0_AXI_inst/slv_regs_reg[64][4]/C (clocked by clk_out1_mb_blink_clk_wiz_1_0_1) and mb_block_i/hdmi_text_controller_0/inst/color_instance/background/sprite_background_rom/bkg_bram/U0/inst_blk_mem_gen/gnbram.gnativebmg.native_blk_mem_gen/valid.cstr/ramloop[12].ram.r/prim_init.ram/DEVICE_7SERIES.NO_BMM_INFO.TRUE_DP.CASCADED_PRIM36.ram_T/ENBWREN (clocked by clk_out1_clk_wiz_0_1). Large setup violations at the end of those stages might be difficult to fix during the post-placement implementation flow and could be the result of non-optimal XDC constraints or non-optimal design architecture
Related violations: <none>

TIMING-16#153 Warning
Large setup violation  
There is a large setup violation of -1.841 ns between mb_block_i/hdmi_text_controller_0/inst/hdmi_text_controller_v1_0_AXI_inst/slv_regs_reg[64][4]/C (clocked by clk_out1_mb_blink_clk_wiz_1_0_1) and mb_block_i/hdmi_text_controller_0/inst/color_instance/background/sprite_background_rom/bkg_bram/U0/inst_blk_mem_gen/gnbram.gnativebmg.native_blk_mem_gen/valid.cstr/ramloop[14].ram.r/prim_init.ram/DEVICE_7SERIES.NO_BMM_INFO.TRUE_DP.CASCADED_PRIM36.ram_T/ADDRBWRADDR[10] (clocked by clk_out1_clk_wiz_0_1). Large setup violations at the end of those stages might be difficult to fix during the post-placement implementation flow and could be the result of non-optimal XDC constraints or non-optimal design architecture
Related violations: <none>

TIMING-16#154 Warning
Large setup violation  
There is a large setup violation of -1.842 ns between mb_block_i/hdmi_text_controller_0/inst/hdmi_text_controller_v1_0_AXI_inst/slv_regs_reg[64][4]/C (clocked by clk_out1_mb_blink_clk_wiz_1_0_1) and mb_block_i/hdmi_text_controller_0/inst/color_instance/background/sprite_background_rom/bkg_bram/U0/inst_blk_mem_gen/gnbram.gnativebmg.native_blk_mem_gen/valid.cstr/ramloop[1].ram.r/prim_init.ram/DEVICE_7SERIES.NO_BMM_INFO.TRUE_DP.CASCADED_PRIM36.ram_T/ENBWREN (clocked by clk_out1_clk_wiz_0_1). Large setup violations at the end of those stages might be difficult to fix during the post-placement implementation flow and could be the result of non-optimal XDC constraints or non-optimal design architecture
Related violations: <none>

TIMING-16#155 Warning
Large setup violation  
There is a large setup violation of -1.846 ns between mb_block_i/hdmi_text_controller_0/inst/hdmi_text_controller_v1_0_AXI_inst/slv_regs_reg[64][4]/C (clocked by clk_out1_mb_blink_clk_wiz_1_0_1) and mb_block_i/hdmi_text_controller_0/inst/color_instance/background/sprite_background_rom/bkg_bram/U0/inst_blk_mem_gen/gnbram.gnativebmg.native_blk_mem_gen/valid.cstr/ramloop[14].ram.r/prim_init.ram/DEVICE_7SERIES.NO_BMM_INFO.TRUE_DP.CASCADED_PRIM36.ram_T/ADDRBWRADDR[9] (clocked by clk_out1_clk_wiz_0_1). Large setup violations at the end of those stages might be difficult to fix during the post-placement implementation flow and could be the result of non-optimal XDC constraints or non-optimal design architecture
Related violations: <none>

TIMING-16#156 Warning
Large setup violation  
There is a large setup violation of -1.850 ns between mb_block_i/hdmi_text_controller_0/inst/hdmi_text_controller_v1_0_AXI_inst/slv_regs_reg[64][4]/C (clocked by clk_out1_mb_blink_clk_wiz_1_0_1) and mb_block_i/hdmi_text_controller_0/inst/color_instance/background/sprite_background_rom/bkg_bram/U0/inst_blk_mem_gen/gnbram.gnativebmg.native_blk_mem_gen/valid.cstr/ramloop[12].ram.r/prim_init.ram/DEVICE_7SERIES.NO_BMM_INFO.TRUE_DP.CASCADED_PRIM36.ram_T/ADDRBWRADDR[15] (clocked by clk_out1_clk_wiz_0_1). Large setup violations at the end of those stages might be difficult to fix during the post-placement implementation flow and could be the result of non-optimal XDC constraints or non-optimal design architecture
Related violations: <none>

TIMING-16#157 Warning
Large setup violation  
There is a large setup violation of -1.851 ns between mb_block_i/hdmi_text_controller_0/inst/hdmi_text_controller_v1_0_AXI_inst/slv_regs_reg[64][4]/C (clocked by clk_out1_mb_blink_clk_wiz_1_0_1) and mb_block_i/hdmi_text_controller_0/inst/color_instance/background/sprite_background_rom/bkg_bram/U0/inst_blk_mem_gen/gnbram.gnativebmg.native_blk_mem_gen/valid.cstr/ramloop[14].ram.r/prim_init.ram/DEVICE_7SERIES.NO_BMM_INFO.TRUE_DP.CASCADED_PRIM36.ram_T/ADDRBWRADDR[3] (clocked by clk_out1_clk_wiz_0_1). Large setup violations at the end of those stages might be difficult to fix during the post-placement implementation flow and could be the result of non-optimal XDC constraints or non-optimal design architecture
Related violations: <none>

TIMING-16#158 Warning
Large setup violation  
There is a large setup violation of -1.852 ns between mb_block_i/hdmi_text_controller_0/inst/hdmi_text_controller_v1_0_AXI_inst/slv_regs_reg[64][4]/C (clocked by clk_out1_mb_blink_clk_wiz_1_0_1) and mb_block_i/hdmi_text_controller_0/inst/color_instance/background/sprite_background_rom/bkg_bram/U0/inst_blk_mem_gen/gnbram.gnativebmg.native_blk_mem_gen/valid.cstr/ramloop[9].ram.r/prim_init.ram/DEVICE_7SERIES.NO_BMM_INFO.TRUE_DP.CASCADED_PRIM36.ram_B/ADDRBWRADDR[4] (clocked by clk_out1_clk_wiz_0_1). Large setup violations at the end of those stages might be difficult to fix during the post-placement implementation flow and could be the result of non-optimal XDC constraints or non-optimal design architecture
Related violations: <none>

TIMING-16#159 Warning
Large setup violation  
There is a large setup violation of -1.854 ns between mb_block_i/hdmi_text_controller_0/inst/hdmi_text_controller_v1_0_AXI_inst/slv_regs_reg[64][4]/C (clocked by clk_out1_mb_blink_clk_wiz_1_0_1) and mb_block_i/hdmi_text_controller_0/inst/color_instance/background/sprite_background_rom/bkg_bram/U0/inst_blk_mem_gen/gnbram.gnativebmg.native_blk_mem_gen/valid.cstr/ramloop[6].ram.r/prim_init.ram/DEVICE_7SERIES.NO_BMM_INFO.TRUE_DP.SIMPLE_PRIM18.ram/ENBWREN (clocked by clk_out1_clk_wiz_0_1). Large setup violations at the end of those stages might be difficult to fix during the post-placement implementation flow and could be the result of non-optimal XDC constraints or non-optimal design architecture
Related violations: <none>

TIMING-16#160 Warning
Large setup violation  
There is a large setup violation of -1.855 ns between mb_block_i/hdmi_text_controller_0/inst/hdmi_text_controller_v1_0_AXI_inst/slv_regs_reg[64][4]/C (clocked by clk_out1_mb_blink_clk_wiz_1_0_1) and mb_block_i/hdmi_text_controller_0/inst/color_instance/background/sprite_background_rom/bkg_bram/U0/inst_blk_mem_gen/gnbram.gnativebmg.native_blk_mem_gen/valid.cstr/ramloop[19].ram.r/prim_init.ram/DEVICE_7SERIES.NO_BMM_INFO.TRUE_DP.CASCADED_PRIM36.ram_B/ENBWREN (clocked by clk_out1_clk_wiz_0_1). Large setup violations at the end of those stages might be difficult to fix during the post-placement implementation flow and could be the result of non-optimal XDC constraints or non-optimal design architecture
Related violations: <none>

TIMING-16#161 Warning
Large setup violation  
There is a large setup violation of -1.873 ns between mb_block_i/hdmi_text_controller_0/inst/hdmi_text_controller_v1_0_AXI_inst/slv_regs_reg[64][4]/C (clocked by clk_out1_mb_blink_clk_wiz_1_0_1) and mb_block_i/hdmi_text_controller_0/inst/color_instance/background/sprite_background_rom/bkg_bram/U0/inst_blk_mem_gen/gnbram.gnativebmg.native_blk_mem_gen/valid.cstr/ramloop[13].ram.r/prim_init.ram/DEVICE_7SERIES.NO_BMM_INFO.TRUE_DP.CASCADED_PRIM36.ram_B/ADDRBWRADDR[13] (clocked by clk_out1_clk_wiz_0_1). Large setup violations at the end of those stages might be difficult to fix during the post-placement implementation flow and could be the result of non-optimal XDC constraints or non-optimal design architecture
Related violations: <none>

TIMING-16#162 Warning
Large setup violation  
There is a large setup violation of -1.880 ns between mb_block_i/hdmi_text_controller_0/inst/hdmi_text_controller_v1_0_AXI_inst/slv_regs_reg[64][4]/C (clocked by clk_out1_mb_blink_clk_wiz_1_0_1) and mb_block_i/hdmi_text_controller_0/inst/color_instance/background/sprite_background_rom/bkg_bram/U0/inst_blk_mem_gen/gnbram.gnativebmg.native_blk_mem_gen/valid.cstr/ramloop[19].ram.r/prim_init.ram/DEVICE_7SERIES.NO_BMM_INFO.TRUE_DP.CASCADED_PRIM36.ram_T/ADDRBWRADDR[13] (clocked by clk_out1_clk_wiz_0_1). Large setup violations at the end of those stages might be difficult to fix during the post-placement implementation flow and could be the result of non-optimal XDC constraints or non-optimal design architecture
Related violations: <none>

TIMING-16#163 Warning
Large setup violation  
There is a large setup violation of -1.881 ns between mb_block_i/hdmi_text_controller_0/inst/hdmi_text_controller_v1_0_AXI_inst/slv_regs_reg[64][4]/C (clocked by clk_out1_mb_blink_clk_wiz_1_0_1) and mb_block_i/hdmi_text_controller_0/inst/color_instance/background/sprite_background_rom/bkg_bram/U0/inst_blk_mem_gen/gnbram.gnativebmg.native_blk_mem_gen/valid.cstr/ramloop[7].ram.r/prim_init.ram/DEVICE_7SERIES.NO_BMM_INFO.TRUE_DP.CASCADED_PRIM36.ram_T/ENBWREN (clocked by clk_out1_clk_wiz_0_1). Large setup violations at the end of those stages might be difficult to fix during the post-placement implementation flow and could be the result of non-optimal XDC constraints or non-optimal design architecture
Related violations: <none>

TIMING-16#164 Warning
Large setup violation  
There is a large setup violation of -1.883 ns between mb_block_i/hdmi_text_controller_0/inst/hdmi_text_controller_v1_0_AXI_inst/slv_regs_reg[64][4]/C (clocked by clk_out1_mb_blink_clk_wiz_1_0_1) and mb_block_i/hdmi_text_controller_0/inst/color_instance/background/sprite_background_rom/bkg_bram/U0/inst_blk_mem_gen/gnbram.gnativebmg.native_blk_mem_gen/valid.cstr/ramloop[14].ram.r/prim_init.ram/DEVICE_7SERIES.NO_BMM_INFO.TRUE_DP.CASCADED_PRIM36.ram_T/ADDRBWRADDR[6] (clocked by clk_out1_clk_wiz_0_1). Large setup violations at the end of those stages might be difficult to fix during the post-placement implementation flow and could be the result of non-optimal XDC constraints or non-optimal design architecture
Related violations: <none>

TIMING-16#165 Warning
Large setup violation  
There is a large setup violation of -1.888 ns between mb_block_i/hdmi_text_controller_0/inst/hdmi_text_controller_v1_0_AXI_inst/slv_regs_reg[64][4]/C (clocked by clk_out1_mb_blink_clk_wiz_1_0_1) and mb_block_i/hdmi_text_controller_0/inst/color_instance/background/sprite_background_rom/bkg_bram/U0/inst_blk_mem_gen/gnbram.gnativebmg.native_blk_mem_gen/valid.cstr/ramloop[14].ram.r/prim_init.ram/DEVICE_7SERIES.NO_BMM_INFO.TRUE_DP.CASCADED_PRIM36.ram_B/ADDRBWRADDR[13] (clocked by clk_out1_clk_wiz_0_1). Large setup violations at the end of those stages might be difficult to fix during the post-placement implementation flow and could be the result of non-optimal XDC constraints or non-optimal design architecture
Related violations: <none>

TIMING-16#166 Warning
Large setup violation  
There is a large setup violation of -1.894 ns between mb_block_i/hdmi_text_controller_0/inst/hdmi_text_controller_v1_0_AXI_inst/slv_regs_reg[64][4]/C (clocked by clk_out1_mb_blink_clk_wiz_1_0_1) and mb_block_i/hdmi_text_controller_0/inst/color_instance/background/sprite_background_rom/bkg_bram/U0/inst_blk_mem_gen/gnbram.gnativebmg.native_blk_mem_gen/valid.cstr/ramloop[1].ram.r/prim_init.ram/DEVICE_7SERIES.NO_BMM_INFO.TRUE_DP.CASCADED_PRIM36.ram_B/ADDRBWRADDR[1] (clocked by clk_out1_clk_wiz_0_1). Large setup violations at the end of those stages might be difficult to fix during the post-placement implementation flow and could be the result of non-optimal XDC constraints or non-optimal design architecture
Related violations: <none>

TIMING-16#167 Warning
Large setup violation  
There is a large setup violation of -1.895 ns between mb_block_i/hdmi_text_controller_0/inst/hdmi_text_controller_v1_0_AXI_inst/slv_regs_reg[64][4]/C (clocked by clk_out1_mb_blink_clk_wiz_1_0_1) and mb_block_i/hdmi_text_controller_0/inst/color_instance/background/sprite_background_rom/bkg_bram/U0/inst_blk_mem_gen/gnbram.gnativebmg.native_blk_mem_gen/valid.cstr/ramloop[14].ram.r/prim_init.ram/DEVICE_7SERIES.NO_BMM_INFO.TRUE_DP.CASCADED_PRIM36.ram_B/ENBWREN (clocked by clk_out1_clk_wiz_0_1). Large setup violations at the end of those stages might be difficult to fix during the post-placement implementation flow and could be the result of non-optimal XDC constraints or non-optimal design architecture
Related violations: <none>

TIMING-16#168 Warning
Large setup violation  
There is a large setup violation of -1.897 ns between mb_block_i/hdmi_text_controller_0/inst/hdmi_text_controller_v1_0_AXI_inst/slv_regs_reg[64][4]/C (clocked by clk_out1_mb_blink_clk_wiz_1_0_1) and mb_block_i/hdmi_text_controller_0/inst/color_instance/background/sprite_background_rom/bkg_bram/U0/inst_blk_mem_gen/gnbram.gnativebmg.native_blk_mem_gen/valid.cstr/ramloop[9].ram.r/prim_init.ram/DEVICE_7SERIES.NO_BMM_INFO.TRUE_DP.CASCADED_PRIM36.ram_B/ADDRBWRADDR[12] (clocked by clk_out1_clk_wiz_0_1). Large setup violations at the end of those stages might be difficult to fix during the post-placement implementation flow and could be the result of non-optimal XDC constraints or non-optimal design architecture
Related violations: <none>

TIMING-16#169 Warning
Large setup violation  
There is a large setup violation of -1.939 ns between mb_block_i/hdmi_text_controller_0/inst/hdmi_text_controller_v1_0_AXI_inst/slv_regs_reg[64][4]/C (clocked by clk_out1_mb_blink_clk_wiz_1_0_1) and mb_block_i/hdmi_text_controller_0/inst/color_instance/background/sprite_background_rom/bkg_bram/U0/inst_blk_mem_gen/gnbram.gnativebmg.native_blk_mem_gen/valid.cstr/ramloop[7].ram.r/prim_init.ram/DEVICE_7SERIES.NO_BMM_INFO.TRUE_DP.CASCADED_PRIM36.ram_B/ENBWREN (clocked by clk_out1_clk_wiz_0_1). Large setup violations at the end of those stages might be difficult to fix during the post-placement implementation flow and could be the result of non-optimal XDC constraints or non-optimal design architecture
Related violations: <none>

TIMING-16#170 Warning
Large setup violation  
There is a large setup violation of -1.951 ns between mb_block_i/hdmi_text_controller_0/inst/hdmi_text_controller_v1_0_AXI_inst/slv_regs_reg[64][4]/C (clocked by clk_out1_mb_blink_clk_wiz_1_0_1) and mb_block_i/hdmi_text_controller_0/inst/color_instance/background/sprite_background_rom/bkg_bram/U0/inst_blk_mem_gen/gnbram.gnativebmg.native_blk_mem_gen/valid.cstr/ramloop[19].ram.r/prim_init.ram/DEVICE_7SERIES.NO_BMM_INFO.TRUE_DP.CASCADED_PRIM36.ram_B/ADDRBWRADDR[4] (clocked by clk_out1_clk_wiz_0_1). Large setup violations at the end of those stages might be difficult to fix during the post-placement implementation flow and could be the result of non-optimal XDC constraints or non-optimal design architecture
Related violations: <none>

TIMING-16#171 Warning
Large setup violation  
There is a large setup violation of -1.964 ns between mb_block_i/hdmi_text_controller_0/inst/hdmi_text_controller_v1_0_AXI_inst/slv_regs_reg[64][4]/C (clocked by clk_out1_mb_blink_clk_wiz_1_0_1) and mb_block_i/hdmi_text_controller_0/inst/color_instance/background/sprite_background_rom/bkg_bram/U0/inst_blk_mem_gen/gnbram.gnativebmg.native_blk_mem_gen/valid.cstr/ramloop[20].ram.r/prim_init.ram/DEVICE_7SERIES.NO_BMM_INFO.TRUE_DP.CASCADED_PRIM36.ram_T/ADDRBWRADDR[13] (clocked by clk_out1_clk_wiz_0_1). Large setup violations at the end of those stages might be difficult to fix during the post-placement implementation flow and could be the result of non-optimal XDC constraints or non-optimal design architecture
Related violations: <none>

TIMING-16#172 Warning
Large setup violation  
There is a large setup violation of -1.979 ns between mb_block_i/hdmi_text_controller_0/inst/hdmi_text_controller_v1_0_AXI_inst/slv_regs_reg[64][4]/C (clocked by clk_out1_mb_blink_clk_wiz_1_0_1) and mb_block_i/hdmi_text_controller_0/inst/color_instance/background/sprite_background_rom/bkg_bram/U0/inst_blk_mem_gen/gnbram.gnativebmg.native_blk_mem_gen/valid.cstr/ramloop[14].ram.r/prim_init.ram/DEVICE_7SERIES.NO_BMM_INFO.TRUE_DP.CASCADED_PRIM36.ram_T/ADDRBWRADDR[4] (clocked by clk_out1_clk_wiz_0_1). Large setup violations at the end of those stages might be difficult to fix during the post-placement implementation flow and could be the result of non-optimal XDC constraints or non-optimal design architecture
Related violations: <none>

TIMING-16#173 Warning
Large setup violation  
There is a large setup violation of -1.981 ns between mb_block_i/hdmi_text_controller_0/inst/hdmi_text_controller_v1_0_AXI_inst/slv_regs_reg[64][4]/C (clocked by clk_out1_mb_blink_clk_wiz_1_0_1) and mb_block_i/hdmi_text_controller_0/inst/color_instance/background/sprite_background_rom/bkg_bram/U0/inst_blk_mem_gen/gnbram.gnativebmg.native_blk_mem_gen/valid.cstr/ramloop[12].ram.r/prim_init.ram/DEVICE_7SERIES.NO_BMM_INFO.TRUE_DP.CASCADED_PRIM36.ram_B/ADDRBWRADDR[1] (clocked by clk_out1_clk_wiz_0_1). Large setup violations at the end of those stages might be difficult to fix during the post-placement implementation flow and could be the result of non-optimal XDC constraints or non-optimal design architecture
Related violations: <none>

TIMING-16#174 Warning
Large setup violation  
There is a large setup violation of -1.991 ns between mb_block_i/hdmi_text_controller_0/inst/hdmi_text_controller_v1_0_AXI_inst/slv_regs_reg[64][4]/C (clocked by clk_out1_mb_blink_clk_wiz_1_0_1) and mb_block_i/hdmi_text_controller_0/inst/color_instance/background/sprite_background_rom/bkg_bram/U0/inst_blk_mem_gen/gnbram.gnativebmg.native_blk_mem_gen/valid.cstr/ramloop[9].ram.r/prim_init.ram/DEVICE_7SERIES.NO_BMM_INFO.TRUE_DP.CASCADED_PRIM36.ram_T/ADDRBWRADDR[3] (clocked by clk_out1_clk_wiz_0_1). Large setup violations at the end of those stages might be difficult to fix during the post-placement implementation flow and could be the result of non-optimal XDC constraints or non-optimal design architecture
Related violations: <none>

TIMING-16#175 Warning
Large setup violation  
There is a large setup violation of -1.993 ns between mb_block_i/hdmi_text_controller_0/inst/hdmi_text_controller_v1_0_AXI_inst/slv_regs_reg[64][4]/C (clocked by clk_out1_mb_blink_clk_wiz_1_0_1) and mb_block_i/hdmi_text_controller_0/inst/color_instance/background/sprite_background_rom/bkg_bram/U0/inst_blk_mem_gen/gnbram.gnativebmg.native_blk_mem_gen/valid.cstr/ramloop[12].ram.r/prim_init.ram/DEVICE_7SERIES.NO_BMM_INFO.TRUE_DP.CASCADED_PRIM36.ram_B/ADDRBWRADDR[5] (clocked by clk_out1_clk_wiz_0_1). Large setup violations at the end of those stages might be difficult to fix during the post-placement implementation flow and could be the result of non-optimal XDC constraints or non-optimal design architecture
Related violations: <none>

TIMING-16#176 Warning
Large setup violation  
There is a large setup violation of -19.143 ns between mb_block_i/hdmi_text_controller_0/inst/hdmi_text_controller_v1_0_AXI_inst/slv_regs_reg[1][8]/C (clocked by clk_out1_mb_blink_clk_wiz_1_0_1) and mb_block_i/hdmi_text_controller_0/inst/color_instance/sprite/sprite_sample_on_q_reg/D (clocked by clk_out1_clk_wiz_0_1). Large setup violations at the end of those stages might be difficult to fix during the post-placement implementation flow and could be the result of non-optimal XDC constraints or non-optimal design architecture
Related violations: <none>

TIMING-16#177 Warning
Large setup violation  
There is a large setup violation of -19.434 ns between mb_block_i/hdmi_text_controller_0/inst/hdmi_text_controller_v1_0_AXI_inst/slv_regs_reg[1][8]/C (clocked by clk_out1_mb_blink_clk_wiz_1_0_1) and mb_block_i/hdmi_text_controller_0/inst/color_instance/sprite/red_reg[0]/D (clocked by clk_out1_clk_wiz_0_1). Large setup violations at the end of those stages might be difficult to fix during the post-placement implementation flow and could be the result of non-optimal XDC constraints or non-optimal design architecture
Related violations: <none>

TIMING-16#178 Warning
Large setup violation  
There is a large setup violation of -19.528 ns between mb_block_i/hdmi_text_controller_0/inst/hdmi_text_controller_v1_0_AXI_inst/slv_regs_reg[1][8]/C (clocked by clk_out1_mb_blink_clk_wiz_1_0_1) and mb_block_i/hdmi_text_controller_0/inst/color_instance/sprite/red_reg[1]/D (clocked by clk_out1_clk_wiz_0_1). Large setup violations at the end of those stages might be difficult to fix during the post-placement implementation flow and could be the result of non-optimal XDC constraints or non-optimal design architecture
Related violations: <none>

TIMING-16#179 Warning
Large setup violation  
There is a large setup violation of -19.534 ns between mb_block_i/hdmi_text_controller_0/inst/hdmi_text_controller_v1_0_AXI_inst/slv_regs_reg[1][8]/C (clocked by clk_out1_mb_blink_clk_wiz_1_0_1) and mb_block_i/hdmi_text_controller_0/inst/color_instance/sprite/blue_reg[3]/D (clocked by clk_out1_clk_wiz_0_1). Large setup violations at the end of those stages might be difficult to fix during the post-placement implementation flow and could be the result of non-optimal XDC constraints or non-optimal design architecture
Related violations: <none>

TIMING-16#180 Warning
Large setup violation  
There is a large setup violation of -19.665 ns between mb_block_i/hdmi_text_controller_0/inst/hdmi_text_controller_v1_0_AXI_inst/slv_regs_reg[1][8]/C (clocked by clk_out1_mb_blink_clk_wiz_1_0_1) and mb_block_i/hdmi_text_controller_0/inst/color_instance/sprite/blue_reg[0]/D (clocked by clk_out1_clk_wiz_0_1). Large setup violations at the end of those stages might be difficult to fix during the post-placement implementation flow and could be the result of non-optimal XDC constraints or non-optimal design architecture
Related violations: <none>

TIMING-16#181 Warning
Large setup violation  
There is a large setup violation of -19.698 ns between mb_block_i/hdmi_text_controller_0/inst/hdmi_text_controller_v1_0_AXI_inst/slv_regs_reg[1][8]/C (clocked by clk_out1_mb_blink_clk_wiz_1_0_1) and mb_block_i/hdmi_text_controller_0/inst/color_instance/sprite/red_reg[2]/D (clocked by clk_out1_clk_wiz_0_1). Large setup violations at the end of those stages might be difficult to fix during the post-placement implementation flow and could be the result of non-optimal XDC constraints or non-optimal design architecture
Related violations: <none>

TIMING-16#182 Warning
Large setup violation  
There is a large setup violation of -19.700 ns between mb_block_i/hdmi_text_controller_0/inst/hdmi_text_controller_v1_0_AXI_inst/slv_regs_reg[1][8]/C (clocked by clk_out1_mb_blink_clk_wiz_1_0_1) and mb_block_i/hdmi_text_controller_0/inst/color_instance/sprite/green_reg[2]/D (clocked by clk_out1_clk_wiz_0_1). Large setup violations at the end of those stages might be difficult to fix during the post-placement implementation flow and could be the result of non-optimal XDC constraints or non-optimal design architecture
Related violations: <none>

TIMING-16#183 Warning
Large setup violation  
There is a large setup violation of -19.707 ns between mb_block_i/hdmi_text_controller_0/inst/hdmi_text_controller_v1_0_AXI_inst/slv_regs_reg[1][8]/C (clocked by clk_out1_mb_blink_clk_wiz_1_0_1) and mb_block_i/hdmi_text_controller_0/inst/color_instance/sprite/green_reg[1]/D (clocked by clk_out1_clk_wiz_0_1). Large setup violations at the end of those stages might be difficult to fix during the post-placement implementation flow and could be the result of non-optimal XDC constraints or non-optimal design architecture
Related violations: <none>

TIMING-16#184 Warning
Large setup violation  
There is a large setup violation of -19.781 ns between mb_block_i/hdmi_text_controller_0/inst/hdmi_text_controller_v1_0_AXI_inst/slv_regs_reg[1][8]/C (clocked by clk_out1_mb_blink_clk_wiz_1_0_1) and mb_block_i/hdmi_text_controller_0/inst/color_instance/sprite/red_reg[3]/D (clocked by clk_out1_clk_wiz_0_1). Large setup violations at the end of those stages might be difficult to fix during the post-placement implementation flow and could be the result of non-optimal XDC constraints or non-optimal design architecture
Related violations: <none>

TIMING-16#185 Warning
Large setup violation  
There is a large setup violation of -19.827 ns between mb_block_i/hdmi_text_controller_0/inst/hdmi_text_controller_v1_0_AXI_inst/slv_regs_reg[1][8]/C (clocked by clk_out1_mb_blink_clk_wiz_1_0_1) and mb_block_i/hdmi_text_controller_0/inst/color_instance/sprite/green_reg[3]/D (clocked by clk_out1_clk_wiz_0_1). Large setup violations at the end of those stages might be difficult to fix during the post-placement implementation flow and could be the result of non-optimal XDC constraints or non-optimal design architecture
Related violations: <none>

TIMING-16#186 Warning
Large setup violation  
There is a large setup violation of -19.856 ns between mb_block_i/hdmi_text_controller_0/inst/hdmi_text_controller_v1_0_AXI_inst/slv_regs_reg[1][8]/C (clocked by clk_out1_mb_blink_clk_wiz_1_0_1) and mb_block_i/hdmi_text_controller_0/inst/color_instance/sprite/blue_reg[2]/D (clocked by clk_out1_clk_wiz_0_1). Large setup violations at the end of those stages might be difficult to fix during the post-placement implementation flow and could be the result of non-optimal XDC constraints or non-optimal design architecture
Related violations: <none>

TIMING-16#187 Warning
Large setup violation  
There is a large setup violation of -19.908 ns between mb_block_i/hdmi_text_controller_0/inst/hdmi_text_controller_v1_0_AXI_inst/slv_regs_reg[1][8]/C (clocked by clk_out1_mb_blink_clk_wiz_1_0_1) and mb_block_i/hdmi_text_controller_0/inst/color_instance/sprite/green_reg[0]/D (clocked by clk_out1_clk_wiz_0_1). Large setup violations at the end of those stages might be difficult to fix during the post-placement implementation flow and could be the result of non-optimal XDC constraints or non-optimal design architecture
Related violations: <none>

TIMING-16#188 Warning
Large setup violation  
There is a large setup violation of -2.001 ns between mb_block_i/hdmi_text_controller_0/inst/hdmi_text_controller_v1_0_AXI_inst/slv_regs_reg[64][4]/C (clocked by clk_out1_mb_blink_clk_wiz_1_0_1) and mb_block_i/hdmi_text_controller_0/inst/color_instance/background/sprite_background_rom/bkg_bram/U0/inst_blk_mem_gen/gnbram.gnativebmg.native_blk_mem_gen/valid.cstr/ramloop[19].ram.r/prim_init.ram/DEVICE_7SERIES.NO_BMM_INFO.TRUE_DP.CASCADED_PRIM36.ram_B/ADDRBWRADDR[6] (clocked by clk_out1_clk_wiz_0_1). Large setup violations at the end of those stages might be difficult to fix during the post-placement implementation flow and could be the result of non-optimal XDC constraints or non-optimal design architecture
Related violations: <none>

TIMING-16#189 Warning
Large setup violation  
There is a large setup violation of -2.014 ns between mb_block_i/hdmi_text_controller_0/inst/hdmi_text_controller_v1_0_AXI_inst/slv_regs_reg[64][4]/C (clocked by clk_out1_mb_blink_clk_wiz_1_0_1) and mb_block_i/hdmi_text_controller_0/inst/color_instance/background/sprite_background_rom/bkg_bram/U0/inst_blk_mem_gen/gnbram.gnativebmg.native_blk_mem_gen/valid.cstr/ramloop[9].ram.r/prim_init.ram/DEVICE_7SERIES.NO_BMM_INFO.TRUE_DP.CASCADED_PRIM36.ram_T/ADDRBWRADDR[10] (clocked by clk_out1_clk_wiz_0_1). Large setup violations at the end of those stages might be difficult to fix during the post-placement implementation flow and could be the result of non-optimal XDC constraints or non-optimal design architecture
Related violations: <none>

TIMING-16#190 Warning
Large setup violation  
There is a large setup violation of -2.018 ns between mb_block_i/hdmi_text_controller_0/inst/hdmi_text_controller_v1_0_AXI_inst/slv_regs_reg[64][4]/C (clocked by clk_out1_mb_blink_clk_wiz_1_0_1) and mb_block_i/hdmi_text_controller_0/inst/color_instance/background/sprite_background_rom/bkg_bram/U0/inst_blk_mem_gen/gnbram.gnativebmg.native_blk_mem_gen/valid.cstr/ramloop[7].ram.r/prim_init.ram/DEVICE_7SERIES.NO_BMM_INFO.TRUE_DP.CASCADED_PRIM36.ram_B/ADDRBWRADDR[15] (clocked by clk_out1_clk_wiz_0_1). Large setup violations at the end of those stages might be difficult to fix during the post-placement implementation flow and could be the result of non-optimal XDC constraints or non-optimal design architecture
Related violations: <none>

TIMING-16#191 Warning
Large setup violation  
There is a large setup violation of -2.020 ns between mb_block_i/hdmi_text_controller_0/inst/hdmi_text_controller_v1_0_AXI_inst/slv_regs_reg[64][4]/C (clocked by clk_out1_mb_blink_clk_wiz_1_0_1) and mb_block_i/hdmi_text_controller_0/inst/color_instance/background/sprite_background_rom/bkg_bram/U0/inst_blk_mem_gen/gnbram.gnativebmg.native_blk_mem_gen/valid.cstr/ramloop[0].ram.r/prim_init.ram/DEVICE_7SERIES.NO_BMM_INFO.TRUE_DP.CASCADED_PRIM36.ram_B/ADDRBWRADDR[15] (clocked by clk_out1_clk_wiz_0_1). Large setup violations at the end of those stages might be difficult to fix during the post-placement implementation flow and could be the result of non-optimal XDC constraints or non-optimal design architecture
Related violations: <none>

TIMING-16#192 Warning
Large setup violation  
There is a large setup violation of -2.032 ns between mb_block_i/hdmi_text_controller_0/inst/hdmi_text_controller_v1_0_AXI_inst/slv_regs_reg[64][4]/C (clocked by clk_out1_mb_blink_clk_wiz_1_0_1) and mb_block_i/hdmi_text_controller_0/inst/color_instance/background/sprite_background_rom/bkg_bram/U0/inst_blk_mem_gen/gnbram.gnativebmg.native_blk_mem_gen/valid.cstr/ramloop[19].ram.r/prim_init.ram/DEVICE_7SERIES.NO_BMM_INFO.TRUE_DP.CASCADED_PRIM36.ram_T/ADDRBWRADDR[5] (clocked by clk_out1_clk_wiz_0_1). Large setup violations at the end of those stages might be difficult to fix during the post-placement implementation flow and could be the result of non-optimal XDC constraints or non-optimal design architecture
Related violations: <none>

TIMING-16#193 Warning
Large setup violation  
There is a large setup violation of -2.078 ns between mb_block_i/hdmi_text_controller_0/inst/hdmi_text_controller_v1_0_AXI_inst/slv_regs_reg[64][4]/C (clocked by clk_out1_mb_blink_clk_wiz_1_0_1) and mb_block_i/hdmi_text_controller_0/inst/color_instance/background/sprite_background_rom/bkg_bram/U0/inst_blk_mem_gen/gnbram.gnativebmg.native_blk_mem_gen/valid.cstr/ramloop[19].ram.r/prim_init.ram/DEVICE_7SERIES.NO_BMM_INFO.TRUE_DP.CASCADED_PRIM36.ram_T/ADDRBWRADDR[9] (clocked by clk_out1_clk_wiz_0_1). Large setup violations at the end of those stages might be difficult to fix during the post-placement implementation flow and could be the result of non-optimal XDC constraints or non-optimal design architecture
Related violations: <none>

TIMING-16#194 Warning
Large setup violation  
There is a large setup violation of -2.080 ns between mb_block_i/hdmi_text_controller_0/inst/hdmi_text_controller_v1_0_AXI_inst/slv_regs_reg[64][4]/C (clocked by clk_out1_mb_blink_clk_wiz_1_0_1) and mb_block_i/hdmi_text_controller_0/inst/color_instance/background/sprite_background_rom/bkg_bram/U0/inst_blk_mem_gen/gnbram.gnativebmg.native_blk_mem_gen/valid.cstr/ramloop[9].ram.r/prim_init.ram/DEVICE_7SERIES.NO_BMM_INFO.TRUE_DP.CASCADED_PRIM36.ram_B/ADDRBWRADDR[5] (clocked by clk_out1_clk_wiz_0_1). Large setup violations at the end of those stages might be difficult to fix during the post-placement implementation flow and could be the result of non-optimal XDC constraints or non-optimal design architecture
Related violations: <none>

TIMING-16#195 Warning
Large setup violation  
There is a large setup violation of -2.082 ns between mb_block_i/hdmi_text_controller_0/inst/hdmi_text_controller_v1_0_AXI_inst/slv_regs_reg[64][4]/C (clocked by clk_out1_mb_blink_clk_wiz_1_0_1) and mb_block_i/hdmi_text_controller_0/inst/color_instance/background/sprite_background_rom/bkg_bram/U0/inst_blk_mem_gen/gnbram.gnativebmg.native_blk_mem_gen/valid.cstr/ramloop[18].ram.r/prim_init.ram/DEVICE_7SERIES.NO_BMM_INFO.TRUE_DP.CASCADED_PRIM36.ram_T/ENBWREN (clocked by clk_out1_clk_wiz_0_1). Large setup violations at the end of those stages might be difficult to fix during the post-placement implementation flow and could be the result of non-optimal XDC constraints or non-optimal design architecture
Related violations: <none>

TIMING-16#196 Warning
Large setup violation  
There is a large setup violation of -2.083 ns between mb_block_i/hdmi_text_controller_0/inst/hdmi_text_controller_v1_0_AXI_inst/slv_regs_reg[64][4]/C (clocked by clk_out1_mb_blink_clk_wiz_1_0_1) and mb_block_i/hdmi_text_controller_0/inst/color_instance/background/sprite_background_rom/bkg_bram/U0/inst_blk_mem_gen/gnbram.gnativebmg.native_blk_mem_gen/valid.cstr/ramloop[9].ram.r/prim_init.ram/DEVICE_7SERIES.NO_BMM_INFO.TRUE_DP.CASCADED_PRIM36.ram_B/ADDRBWRADDR[6] (clocked by clk_out1_clk_wiz_0_1). Large setup violations at the end of those stages might be difficult to fix during the post-placement implementation flow and could be the result of non-optimal XDC constraints or non-optimal design architecture
Related violations: <none>

TIMING-16#197 Warning
Large setup violation  
There is a large setup violation of -2.092 ns between mb_block_i/hdmi_text_controller_0/inst/hdmi_text_controller_v1_0_AXI_inst/slv_regs_reg[64][4]/C (clocked by clk_out1_mb_blink_clk_wiz_1_0_1) and mb_block_i/hdmi_text_controller_0/inst/color_instance/background/sprite_background_rom/bkg_bram/U0/inst_blk_mem_gen/gnbram.gnativebmg.native_blk_mem_gen/valid.cstr/ramloop[14].ram.r/prim_init.ram/DEVICE_7SERIES.NO_BMM_INFO.TRUE_DP.CASCADED_PRIM36.ram_T/ENBWREN (clocked by clk_out1_clk_wiz_0_1). Large setup violations at the end of those stages might be difficult to fix during the post-placement implementation flow and could be the result of non-optimal XDC constraints or non-optimal design architecture
Related violations: <none>

TIMING-16#198 Warning
Large setup violation  
There is a large setup violation of -2.107 ns between mb_block_i/hdmi_text_controller_0/inst/hdmi_text_controller_v1_0_AXI_inst/slv_regs_reg[64][4]/C (clocked by clk_out1_mb_blink_clk_wiz_1_0_1) and mb_block_i/hdmi_text_controller_0/inst/color_instance/background/sprite_background_rom/bkg_bram/U0/inst_blk_mem_gen/gnbram.gnativebmg.native_blk_mem_gen/valid.cstr/ramloop[12].ram.r/prim_init.ram/DEVICE_7SERIES.NO_BMM_INFO.TRUE_DP.CASCADED_PRIM36.ram_B/ADDRBWRADDR[12] (clocked by clk_out1_clk_wiz_0_1). Large setup violations at the end of those stages might be difficult to fix during the post-placement implementation flow and could be the result of non-optimal XDC constraints or non-optimal design architecture
Related violations: <none>

TIMING-16#199 Warning
Large setup violation  
There is a large setup violation of -2.122 ns between mb_block_i/hdmi_text_controller_0/inst/hdmi_text_controller_v1_0_AXI_inst/slv_regs_reg[64][4]/C (clocked by clk_out1_mb_blink_clk_wiz_1_0_1) and mb_block_i/hdmi_text_controller_0/inst/color_instance/background/sprite_background_rom/bkg_bram/U0/inst_blk_mem_gen/gnbram.gnativebmg.native_blk_mem_gen/valid.cstr/ramloop[9].ram.r/prim_init.ram/DEVICE_7SERIES.NO_BMM_INFO.TRUE_DP.CASCADED_PRIM36.ram_T/ADDRBWRADDR[15] (clocked by clk_out1_clk_wiz_0_1). Large setup violations at the end of those stages might be difficult to fix during the post-placement implementation flow and could be the result of non-optimal XDC constraints or non-optimal design architecture
Related violations: <none>

TIMING-16#200 Warning
Large setup violation  
There is a large setup violation of -2.162 ns between mb_block_i/hdmi_text_controller_0/inst/hdmi_text_controller_v1_0_AXI_inst/slv_regs_reg[64][4]/C (clocked by clk_out1_mb_blink_clk_wiz_1_0_1) and mb_block_i/hdmi_text_controller_0/inst/color_instance/background/sprite_background_rom/bkg_bram/U0/inst_blk_mem_gen/gnbram.gnativebmg.native_blk_mem_gen/valid.cstr/ramloop[9].ram.r/prim_init.ram/DEVICE_7SERIES.NO_BMM_INFO.TRUE_DP.CASCADED_PRIM36.ram_T/ADDRBWRADDR[1] (clocked by clk_out1_clk_wiz_0_1). Large setup violations at the end of those stages might be difficult to fix during the post-placement implementation flow and could be the result of non-optimal XDC constraints or non-optimal design architecture
Related violations: <none>

TIMING-16#201 Warning
Large setup violation  
There is a large setup violation of -2.171 ns between mb_block_i/hdmi_text_controller_0/inst/hdmi_text_controller_v1_0_AXI_inst/slv_regs_reg[64][4]/C (clocked by clk_out1_mb_blink_clk_wiz_1_0_1) and mb_block_i/hdmi_text_controller_0/inst/color_instance/background/sprite_background_rom/bkg_bram/U0/inst_blk_mem_gen/gnbram.gnativebmg.native_blk_mem_gen/valid.cstr/ramloop[9].ram.r/prim_init.ram/DEVICE_7SERIES.NO_BMM_INFO.TRUE_DP.CASCADED_PRIM36.ram_B/ADDRBWRADDR[9] (clocked by clk_out1_clk_wiz_0_1). Large setup violations at the end of those stages might be difficult to fix during the post-placement implementation flow and could be the result of non-optimal XDC constraints or non-optimal design architecture
Related violations: <none>

TIMING-16#202 Warning
Large setup violation  
There is a large setup violation of -2.184 ns between mb_block_i/hdmi_text_controller_0/inst/hdmi_text_controller_v1_0_AXI_inst/slv_regs_reg[64][4]/C (clocked by clk_out1_mb_blink_clk_wiz_1_0_1) and mb_block_i/hdmi_text_controller_0/inst/color_instance/background/sprite_background_rom/bkg_bram/U0/inst_blk_mem_gen/gnbram.gnativebmg.native_blk_mem_gen/valid.cstr/ramloop[12].ram.r/prim_init.ram/DEVICE_7SERIES.NO_BMM_INFO.TRUE_DP.CASCADED_PRIM36.ram_B/ADDRBWRADDR[10] (clocked by clk_out1_clk_wiz_0_1). Large setup violations at the end of those stages might be difficult to fix during the post-placement implementation flow and could be the result of non-optimal XDC constraints or non-optimal design architecture
Related violations: <none>

TIMING-16#203 Warning
Large setup violation  
There is a large setup violation of -2.186 ns between mb_block_i/hdmi_text_controller_0/inst/hdmi_text_controller_v1_0_AXI_inst/slv_regs_reg[64][4]/C (clocked by clk_out1_mb_blink_clk_wiz_1_0_1) and mb_block_i/hdmi_text_controller_0/inst/color_instance/background/sprite_background_rom/bkg_bram/U0/inst_blk_mem_gen/gnbram.gnativebmg.native_blk_mem_gen/valid.cstr/ramloop[7].ram.r/prim_init.ram/DEVICE_7SERIES.NO_BMM_INFO.TRUE_DP.CASCADED_PRIM36.ram_T/ADDRBWRADDR[15] (clocked by clk_out1_clk_wiz_0_1). Large setup violations at the end of those stages might be difficult to fix during the post-placement implementation flow and could be the result of non-optimal XDC constraints or non-optimal design architecture
Related violations: <none>

TIMING-16#204 Warning
Large setup violation  
There is a large setup violation of -2.189 ns between mb_block_i/hdmi_text_controller_0/inst/hdmi_text_controller_v1_0_AXI_inst/slv_regs_reg[64][4]/C (clocked by clk_out1_mb_blink_clk_wiz_1_0_1) and mb_block_i/hdmi_text_controller_0/inst/color_instance/background/sprite_background_rom/bkg_bram/U0/inst_blk_mem_gen/gnbram.gnativebmg.native_blk_mem_gen/valid.cstr/ramloop[12].ram.r/prim_init.ram/DEVICE_7SERIES.NO_BMM_INFO.TRUE_DP.CASCADED_PRIM36.ram_B/ADDRBWRADDR[9] (clocked by clk_out1_clk_wiz_0_1). Large setup violations at the end of those stages might be difficult to fix during the post-placement implementation flow and could be the result of non-optimal XDC constraints or non-optimal design architecture
Related violations: <none>

TIMING-16#205 Warning
Large setup violation  
There is a large setup violation of -2.194 ns between mb_block_i/hdmi_text_controller_0/inst/hdmi_text_controller_v1_0_AXI_inst/slv_regs_reg[64][4]/C (clocked by clk_out1_mb_blink_clk_wiz_1_0_1) and mb_block_i/hdmi_text_controller_0/inst/color_instance/background/sprite_background_rom/bkg_bram/U0/inst_blk_mem_gen/gnbram.gnativebmg.native_blk_mem_gen/valid.cstr/ramloop[12].ram.r/prim_init.ram/DEVICE_7SERIES.NO_BMM_INFO.TRUE_DP.CASCADED_PRIM36.ram_B/ADDRBWRADDR[3] (clocked by clk_out1_clk_wiz_0_1). Large setup violations at the end of those stages might be difficult to fix during the post-placement implementation flow and could be the result of non-optimal XDC constraints or non-optimal design architecture
Related violations: <none>

TIMING-16#206 Warning
Large setup violation  
There is a large setup violation of -2.194 ns between mb_block_i/hdmi_text_controller_0/inst/hdmi_text_controller_v1_0_AXI_inst/slv_regs_reg[64][4]/C (clocked by clk_out1_mb_blink_clk_wiz_1_0_1) and mb_block_i/hdmi_text_controller_0/inst/color_instance/background/sprite_background_rom/bkg_bram/U0/inst_blk_mem_gen/gnbram.gnativebmg.native_blk_mem_gen/valid.cstr/ramloop[18].ram.r/prim_init.ram/DEVICE_7SERIES.NO_BMM_INFO.TRUE_DP.CASCADED_PRIM36.ram_B/ADDRBWRADDR[15] (clocked by clk_out1_clk_wiz_0_1). Large setup violations at the end of those stages might be difficult to fix during the post-placement implementation flow and could be the result of non-optimal XDC constraints or non-optimal design architecture
Related violations: <none>

TIMING-16#207 Warning
Large setup violation  
There is a large setup violation of -2.194 ns between mb_block_i/hdmi_text_controller_0/inst/hdmi_text_controller_v1_0_AXI_inst/slv_regs_reg[64][4]/C (clocked by clk_out1_mb_blink_clk_wiz_1_0_1) and mb_block_i/hdmi_text_controller_0/inst/color_instance/background/sprite_background_rom/bkg_bram/U0/inst_blk_mem_gen/gnbram.gnativebmg.native_blk_mem_gen/valid.cstr/ramloop[9].ram.r/prim_init.ram/DEVICE_7SERIES.NO_BMM_INFO.TRUE_DP.CASCADED_PRIM36.ram_T/ADDRBWRADDR[4] (clocked by clk_out1_clk_wiz_0_1). Large setup violations at the end of those stages might be difficult to fix during the post-placement implementation flow and could be the result of non-optimal XDC constraints or non-optimal design architecture
Related violations: <none>

TIMING-16#208 Warning
Large setup violation  
There is a large setup violation of -2.217 ns between mb_block_i/hdmi_text_controller_0/inst/hdmi_text_controller_v1_0_AXI_inst/slv_regs_reg[64][4]/C (clocked by clk_out1_mb_blink_clk_wiz_1_0_1) and mb_block_i/hdmi_text_controller_0/inst/color_instance/background/sprite_background_rom/bkg_bram/U0/inst_blk_mem_gen/gnbram.gnativebmg.native_blk_mem_gen/valid.cstr/ramloop[19].ram.r/prim_init.ram/DEVICE_7SERIES.NO_BMM_INFO.TRUE_DP.CASCADED_PRIM36.ram_B/ADDRBWRADDR[13] (clocked by clk_out1_clk_wiz_0_1). Large setup violations at the end of those stages might be difficult to fix during the post-placement implementation flow and could be the result of non-optimal XDC constraints or non-optimal design architecture
Related violations: <none>

TIMING-16#209 Warning
Large setup violation  
There is a large setup violation of -2.226 ns between mb_block_i/hdmi_text_controller_0/inst/hdmi_text_controller_v1_0_AXI_inst/slv_regs_reg[64][4]/C (clocked by clk_out1_mb_blink_clk_wiz_1_0_1) and mb_block_i/hdmi_text_controller_0/inst/color_instance/background/sprite_background_rom/bkg_bram/U0/inst_blk_mem_gen/gnbram.gnativebmg.native_blk_mem_gen/valid.cstr/ramloop[12].ram.r/prim_init.ram/DEVICE_7SERIES.NO_BMM_INFO.TRUE_DP.CASCADED_PRIM36.ram_B/ADDRBWRADDR[6] (clocked by clk_out1_clk_wiz_0_1). Large setup violations at the end of those stages might be difficult to fix during the post-placement implementation flow and could be the result of non-optimal XDC constraints or non-optimal design architecture
Related violations: <none>

TIMING-16#210 Warning
Large setup violation  
There is a large setup violation of -2.229 ns between mb_block_i/hdmi_text_controller_0/inst/hdmi_text_controller_v1_0_AXI_inst/slv_regs_reg[64][4]/C (clocked by clk_out1_mb_blink_clk_wiz_1_0_1) and mb_block_i/hdmi_text_controller_0/inst/color_instance/background/sprite_background_rom/bkg_bram/U0/inst_blk_mem_gen/gnbram.gnativebmg.native_blk_mem_gen/valid.cstr/ramloop[19].ram.r/prim_init.ram/DEVICE_7SERIES.NO_BMM_INFO.TRUE_DP.CASCADED_PRIM36.ram_T/ADDRBWRADDR[1] (clocked by clk_out1_clk_wiz_0_1). Large setup violations at the end of those stages might be difficult to fix during the post-placement implementation flow and could be the result of non-optimal XDC constraints or non-optimal design architecture
Related violations: <none>

TIMING-16#211 Warning
Large setup violation  
There is a large setup violation of -2.230 ns between mb_block_i/hdmi_text_controller_0/inst/hdmi_text_controller_v1_0_AXI_inst/slv_regs_reg[64][4]/C (clocked by clk_out1_mb_blink_clk_wiz_1_0_1) and mb_block_i/hdmi_text_controller_0/inst/color_instance/background/sprite_background_rom/bkg_bram/U0/inst_blk_mem_gen/gnbram.gnativebmg.native_blk_mem_gen/valid.cstr/ramloop[14].ram.r/prim_init.ram/DEVICE_7SERIES.NO_BMM_INFO.TRUE_DP.CASCADED_PRIM36.ram_T/ADDRBWRADDR[13] (clocked by clk_out1_clk_wiz_0_1). Large setup violations at the end of those stages might be difficult to fix during the post-placement implementation flow and could be the result of non-optimal XDC constraints or non-optimal design architecture
Related violations: <none>

TIMING-16#212 Warning
Large setup violation  
There is a large setup violation of -2.239 ns between mb_block_i/hdmi_text_controller_0/inst/hdmi_text_controller_v1_0_AXI_inst/slv_regs_reg[64][4]/C (clocked by clk_out1_mb_blink_clk_wiz_1_0_1) and mb_block_i/hdmi_text_controller_0/inst/color_instance/background/sprite_background_rom/bkg_bram/U0/inst_blk_mem_gen/gnbram.gnativebmg.native_blk_mem_gen/valid.cstr/ramloop[9].ram.r/prim_init.ram/DEVICE_7SERIES.NO_BMM_INFO.TRUE_DP.CASCADED_PRIM36.ram_T/ADDRBWRADDR[12] (clocked by clk_out1_clk_wiz_0_1). Large setup violations at the end of those stages might be difficult to fix during the post-placement implementation flow and could be the result of non-optimal XDC constraints or non-optimal design architecture
Related violations: <none>

TIMING-16#213 Warning
Large setup violation  
There is a large setup violation of -2.305 ns between mb_block_i/hdmi_text_controller_0/inst/hdmi_text_controller_v1_0_AXI_inst/slv_regs_reg[64][4]/C (clocked by clk_out1_mb_blink_clk_wiz_1_0_1) and mb_block_i/hdmi_text_controller_0/inst/color_instance/background/sprite_background_rom/bkg_bram/U0/inst_blk_mem_gen/gnbram.gnativebmg.native_blk_mem_gen/valid.cstr/ramloop[9].ram.r/prim_init.ram/DEVICE_7SERIES.NO_BMM_INFO.TRUE_DP.CASCADED_PRIM36.ram_B/ADDRBWRADDR[13] (clocked by clk_out1_clk_wiz_0_1). Large setup violations at the end of those stages might be difficult to fix during the post-placement implementation flow and could be the result of non-optimal XDC constraints or non-optimal design architecture
Related violations: <none>

TIMING-16#214 Warning
Large setup violation  
There is a large setup violation of -2.322 ns between mb_block_i/hdmi_text_controller_0/inst/hdmi_text_controller_v1_0_AXI_inst/slv_regs_reg[64][4]/C (clocked by clk_out1_mb_blink_clk_wiz_1_0_1) and mb_block_i/hdmi_text_controller_0/inst/color_instance/background/sprite_background_rom/bkg_bram/U0/inst_blk_mem_gen/gnbram.gnativebmg.native_blk_mem_gen/valid.cstr/ramloop[12].ram.r/prim_init.ram/DEVICE_7SERIES.NO_BMM_INFO.TRUE_DP.CASCADED_PRIM36.ram_B/ADDRBWRADDR[4] (clocked by clk_out1_clk_wiz_0_1). Large setup violations at the end of those stages might be difficult to fix during the post-placement implementation flow and could be the result of non-optimal XDC constraints or non-optimal design architecture
Related violations: <none>

TIMING-16#215 Warning
Large setup violation  
There is a large setup violation of -2.322 ns between mb_block_i/hdmi_text_controller_0/inst/hdmi_text_controller_v1_0_AXI_inst/slv_regs_reg[64][4]/C (clocked by clk_out1_mb_blink_clk_wiz_1_0_1) and mb_block_i/hdmi_text_controller_0/inst/color_instance/background/sprite_background_rom/bkg_bram/U0/inst_blk_mem_gen/gnbram.gnativebmg.native_blk_mem_gen/valid.cstr/ramloop[12].ram.r/prim_init.ram/DEVICE_7SERIES.NO_BMM_INFO.TRUE_DP.CASCADED_PRIM36.ram_T/ADDRBWRADDR[1] (clocked by clk_out1_clk_wiz_0_1). Large setup violations at the end of those stages might be difficult to fix during the post-placement implementation flow and could be the result of non-optimal XDC constraints or non-optimal design architecture
Related violations: <none>

TIMING-16#216 Warning
Large setup violation  
There is a large setup violation of -2.334 ns between mb_block_i/hdmi_text_controller_0/inst/hdmi_text_controller_v1_0_AXI_inst/slv_regs_reg[64][4]/C (clocked by clk_out1_mb_blink_clk_wiz_1_0_1) and mb_block_i/hdmi_text_controller_0/inst/color_instance/background/sprite_background_rom/bkg_bram/U0/inst_blk_mem_gen/gnbram.gnativebmg.native_blk_mem_gen/valid.cstr/ramloop[12].ram.r/prim_init.ram/DEVICE_7SERIES.NO_BMM_INFO.TRUE_DP.CASCADED_PRIM36.ram_T/ADDRBWRADDR[5] (clocked by clk_out1_clk_wiz_0_1). Large setup violations at the end of those stages might be difficult to fix during the post-placement implementation flow and could be the result of non-optimal XDC constraints or non-optimal design architecture
Related violations: <none>

TIMING-16#217 Warning
Large setup violation  
There is a large setup violation of -2.334 ns between mb_block_i/hdmi_text_controller_0/inst/hdmi_text_controller_v1_0_AXI_inst/slv_regs_reg[64][4]/C (clocked by clk_out1_mb_blink_clk_wiz_1_0_1) and mb_block_i/hdmi_text_controller_0/inst/color_instance/background/sprite_background_rom/bkg_bram/U0/inst_blk_mem_gen/gnbram.gnativebmg.native_blk_mem_gen/valid.cstr/ramloop[18].ram.r/prim_init.ram/DEVICE_7SERIES.NO_BMM_INFO.TRUE_DP.CASCADED_PRIM36.ram_B/ADDRBWRADDR[3] (clocked by clk_out1_clk_wiz_0_1). Large setup violations at the end of those stages might be difficult to fix during the post-placement implementation flow and could be the result of non-optimal XDC constraints or non-optimal design architecture
Related violations: <none>

TIMING-16#218 Warning
Large setup violation  
There is a large setup violation of -2.357 ns between mb_block_i/hdmi_text_controller_0/inst/hdmi_text_controller_v1_0_AXI_inst/slv_regs_reg[64][4]/C (clocked by clk_out1_mb_blink_clk_wiz_1_0_1) and mb_block_i/hdmi_text_controller_0/inst/color_instance/background/sprite_background_rom/bkg_bram/U0/inst_blk_mem_gen/gnbram.gnativebmg.native_blk_mem_gen/valid.cstr/ramloop[18].ram.r/prim_init.ram/DEVICE_7SERIES.NO_BMM_INFO.TRUE_DP.CASCADED_PRIM36.ram_B/ADDRBWRADDR[10] (clocked by clk_out1_clk_wiz_0_1). Large setup violations at the end of those stages might be difficult to fix during the post-placement implementation flow and could be the result of non-optimal XDC constraints or non-optimal design architecture
Related violations: <none>

TIMING-16#219 Warning
Large setup violation  
There is a large setup violation of -2.369 ns between mb_block_i/hdmi_text_controller_0/inst/hdmi_text_controller_v1_0_AXI_inst/slv_regs_reg[64][4]/C (clocked by clk_out1_mb_blink_clk_wiz_1_0_1) and mb_block_i/hdmi_text_controller_0/inst/color_instance/background/sprite_background_rom/bkg_bram/U0/inst_blk_mem_gen/gnbram.gnativebmg.native_blk_mem_gen/valid.cstr/ramloop[19].ram.r/prim_init.ram/DEVICE_7SERIES.NO_BMM_INFO.TRUE_DP.CASCADED_PRIM36.ram_B/ADDRBWRADDR[5] (clocked by clk_out1_clk_wiz_0_1). Large setup violations at the end of those stages might be difficult to fix during the post-placement implementation flow and could be the result of non-optimal XDC constraints or non-optimal design architecture
Related violations: <none>

TIMING-16#220 Warning
Large setup violation  
There is a large setup violation of -2.415 ns between mb_block_i/hdmi_text_controller_0/inst/hdmi_text_controller_v1_0_AXI_inst/slv_regs_reg[64][4]/C (clocked by clk_out1_mb_blink_clk_wiz_1_0_1) and mb_block_i/hdmi_text_controller_0/inst/color_instance/background/sprite_background_rom/bkg_bram/U0/inst_blk_mem_gen/gnbram.gnativebmg.native_blk_mem_gen/valid.cstr/ramloop[19].ram.r/prim_init.ram/DEVICE_7SERIES.NO_BMM_INFO.TRUE_DP.CASCADED_PRIM36.ram_B/ADDRBWRADDR[9] (clocked by clk_out1_clk_wiz_0_1). Large setup violations at the end of those stages might be difficult to fix during the post-placement implementation flow and could be the result of non-optimal XDC constraints or non-optimal design architecture
Related violations: <none>

TIMING-16#221 Warning
Large setup violation  
There is a large setup violation of -2.422 ns between mb_block_i/hdmi_text_controller_0/inst/hdmi_text_controller_v1_0_AXI_inst/slv_regs_reg[64][4]/C (clocked by clk_out1_mb_blink_clk_wiz_1_0_1) and mb_block_i/hdmi_text_controller_0/inst/color_instance/background/sprite_background_rom/bkg_bram/U0/inst_blk_mem_gen/gnbram.gnativebmg.native_blk_mem_gen/valid.cstr/ramloop[9].ram.r/prim_init.ram/DEVICE_7SERIES.NO_BMM_INFO.TRUE_DP.CASCADED_PRIM36.ram_T/ADDRBWRADDR[5] (clocked by clk_out1_clk_wiz_0_1). Large setup violations at the end of those stages might be difficult to fix during the post-placement implementation flow and could be the result of non-optimal XDC constraints or non-optimal design architecture
Related violations: <none>

TIMING-16#222 Warning
Large setup violation  
There is a large setup violation of -2.425 ns between mb_block_i/hdmi_text_controller_0/inst/hdmi_text_controller_v1_0_AXI_inst/slv_regs_reg[64][4]/C (clocked by clk_out1_mb_blink_clk_wiz_1_0_1) and mb_block_i/hdmi_text_controller_0/inst/color_instance/background/sprite_background_rom/bkg_bram/U0/inst_blk_mem_gen/gnbram.gnativebmg.native_blk_mem_gen/valid.cstr/ramloop[9].ram.r/prim_init.ram/DEVICE_7SERIES.NO_BMM_INFO.TRUE_DP.CASCADED_PRIM36.ram_T/ADDRBWRADDR[6] (clocked by clk_out1_clk_wiz_0_1). Large setup violations at the end of those stages might be difficult to fix during the post-placement implementation flow and could be the result of non-optimal XDC constraints or non-optimal design architecture
Related violations: <none>

TIMING-16#223 Warning
Large setup violation  
There is a large setup violation of -2.448 ns between mb_block_i/hdmi_text_controller_0/inst/hdmi_text_controller_v1_0_AXI_inst/slv_regs_reg[64][4]/C (clocked by clk_out1_mb_blink_clk_wiz_1_0_1) and mb_block_i/hdmi_text_controller_0/inst/color_instance/background/sprite_background_rom/bkg_bram/U0/inst_blk_mem_gen/gnbram.gnativebmg.native_blk_mem_gen/valid.cstr/ramloop[12].ram.r/prim_init.ram/DEVICE_7SERIES.NO_BMM_INFO.TRUE_DP.CASCADED_PRIM36.ram_T/ADDRBWRADDR[12] (clocked by clk_out1_clk_wiz_0_1). Large setup violations at the end of those stages might be difficult to fix during the post-placement implementation flow and could be the result of non-optimal XDC constraints or non-optimal design architecture
Related violations: <none>

TIMING-16#224 Warning
Large setup violation  
There is a large setup violation of -2.505 ns between mb_block_i/hdmi_text_controller_0/inst/hdmi_text_controller_v1_0_AXI_inst/slv_regs_reg[64][4]/C (clocked by clk_out1_mb_blink_clk_wiz_1_0_1) and mb_block_i/hdmi_text_controller_0/inst/color_instance/background/sprite_background_rom/bkg_bram/U0/inst_blk_mem_gen/gnbram.gnativebmg.native_blk_mem_gen/valid.cstr/ramloop[18].ram.r/prim_init.ram/DEVICE_7SERIES.NO_BMM_INFO.TRUE_DP.CASCADED_PRIM36.ram_B/ADDRBWRADDR[1] (clocked by clk_out1_clk_wiz_0_1). Large setup violations at the end of those stages might be difficult to fix during the post-placement implementation flow and could be the result of non-optimal XDC constraints or non-optimal design architecture
Related violations: <none>

TIMING-16#225 Warning
Large setup violation  
There is a large setup violation of -2.513 ns between mb_block_i/hdmi_text_controller_0/inst/hdmi_text_controller_v1_0_AXI_inst/slv_regs_reg[64][4]/C (clocked by clk_out1_mb_blink_clk_wiz_1_0_1) and mb_block_i/hdmi_text_controller_0/inst/color_instance/background/sprite_background_rom/bkg_bram/U0/inst_blk_mem_gen/gnbram.gnativebmg.native_blk_mem_gen/valid.cstr/ramloop[9].ram.r/prim_init.ram/DEVICE_7SERIES.NO_BMM_INFO.TRUE_DP.CASCADED_PRIM36.ram_T/ADDRBWRADDR[9] (clocked by clk_out1_clk_wiz_0_1). Large setup violations at the end of those stages might be difficult to fix during the post-placement implementation flow and could be the result of non-optimal XDC constraints or non-optimal design architecture
Related violations: <none>

TIMING-16#226 Warning
Large setup violation  
There is a large setup violation of -2.525 ns between mb_block_i/hdmi_text_controller_0/inst/hdmi_text_controller_v1_0_AXI_inst/slv_regs_reg[64][4]/C (clocked by clk_out1_mb_blink_clk_wiz_1_0_1) and mb_block_i/hdmi_text_controller_0/inst/color_instance/background/sprite_background_rom/bkg_bram/U0/inst_blk_mem_gen/gnbram.gnativebmg.native_blk_mem_gen/valid.cstr/ramloop[12].ram.r/prim_init.ram/DEVICE_7SERIES.NO_BMM_INFO.TRUE_DP.CASCADED_PRIM36.ram_T/ADDRBWRADDR[10] (clocked by clk_out1_clk_wiz_0_1). Large setup violations at the end of those stages might be difficult to fix during the post-placement implementation flow and could be the result of non-optimal XDC constraints or non-optimal design architecture
Related violations: <none>

TIMING-16#227 Warning
Large setup violation  
There is a large setup violation of -2.530 ns between mb_block_i/hdmi_text_controller_0/inst/hdmi_text_controller_v1_0_AXI_inst/slv_regs_reg[64][4]/C (clocked by clk_out1_mb_blink_clk_wiz_1_0_1) and mb_block_i/hdmi_text_controller_0/inst/color_instance/background/sprite_background_rom/bkg_bram/U0/inst_blk_mem_gen/gnbram.gnativebmg.native_blk_mem_gen/valid.cstr/ramloop[12].ram.r/prim_init.ram/DEVICE_7SERIES.NO_BMM_INFO.TRUE_DP.CASCADED_PRIM36.ram_T/ADDRBWRADDR[9] (clocked by clk_out1_clk_wiz_0_1). Large setup violations at the end of those stages might be difficult to fix during the post-placement implementation flow and could be the result of non-optimal XDC constraints or non-optimal design architecture
Related violations: <none>

TIMING-16#228 Warning
Large setup violation  
There is a large setup violation of -2.535 ns between mb_block_i/hdmi_text_controller_0/inst/hdmi_text_controller_v1_0_AXI_inst/slv_regs_reg[64][4]/C (clocked by clk_out1_mb_blink_clk_wiz_1_0_1) and mb_block_i/hdmi_text_controller_0/inst/color_instance/background/sprite_background_rom/bkg_bram/U0/inst_blk_mem_gen/gnbram.gnativebmg.native_blk_mem_gen/valid.cstr/ramloop[12].ram.r/prim_init.ram/DEVICE_7SERIES.NO_BMM_INFO.TRUE_DP.CASCADED_PRIM36.ram_T/ADDRBWRADDR[3] (clocked by clk_out1_clk_wiz_0_1). Large setup violations at the end of those stages might be difficult to fix during the post-placement implementation flow and could be the result of non-optimal XDC constraints or non-optimal design architecture
Related violations: <none>

TIMING-16#229 Warning
Large setup violation  
There is a large setup violation of -2.537 ns between mb_block_i/hdmi_text_controller_0/inst/hdmi_text_controller_v1_0_AXI_inst/slv_regs_reg[64][4]/C (clocked by clk_out1_mb_blink_clk_wiz_1_0_1) and mb_block_i/hdmi_text_controller_0/inst/color_instance/background/sprite_background_rom/bkg_bram/U0/inst_blk_mem_gen/gnbram.gnativebmg.native_blk_mem_gen/valid.cstr/ramloop[18].ram.r/prim_init.ram/DEVICE_7SERIES.NO_BMM_INFO.TRUE_DP.CASCADED_PRIM36.ram_B/ADDRBWRADDR[4] (clocked by clk_out1_clk_wiz_0_1). Large setup violations at the end of those stages might be difficult to fix during the post-placement implementation flow and could be the result of non-optimal XDC constraints or non-optimal design architecture
Related violations: <none>

TIMING-16#230 Warning
Large setup violation  
There is a large setup violation of -2.566 ns between mb_block_i/hdmi_text_controller_0/inst/hdmi_text_controller_v1_0_AXI_inst/slv_regs_reg[64][4]/C (clocked by clk_out1_mb_blink_clk_wiz_1_0_1) and mb_block_i/hdmi_text_controller_0/inst/color_instance/background/sprite_background_rom/bkg_bram/U0/inst_blk_mem_gen/gnbram.gnativebmg.native_blk_mem_gen/valid.cstr/ramloop[19].ram.r/prim_init.ram/DEVICE_7SERIES.NO_BMM_INFO.TRUE_DP.CASCADED_PRIM36.ram_B/ADDRBWRADDR[1] (clocked by clk_out1_clk_wiz_0_1). Large setup violations at the end of those stages might be difficult to fix during the post-placement implementation flow and could be the result of non-optimal XDC constraints or non-optimal design architecture
Related violations: <none>

TIMING-16#231 Warning
Large setup violation  
There is a large setup violation of -2.567 ns between mb_block_i/hdmi_text_controller_0/inst/hdmi_text_controller_v1_0_AXI_inst/slv_regs_reg[64][4]/C (clocked by clk_out1_mb_blink_clk_wiz_1_0_1) and mb_block_i/hdmi_text_controller_0/inst/color_instance/background/sprite_background_rom/bkg_bram/U0/inst_blk_mem_gen/gnbram.gnativebmg.native_blk_mem_gen/valid.cstr/ramloop[12].ram.r/prim_init.ram/DEVICE_7SERIES.NO_BMM_INFO.TRUE_DP.CASCADED_PRIM36.ram_T/ADDRBWRADDR[6] (clocked by clk_out1_clk_wiz_0_1). Large setup violations at the end of those stages might be difficult to fix during the post-placement implementation flow and could be the result of non-optimal XDC constraints or non-optimal design architecture
Related violations: <none>

TIMING-16#232 Warning
Large setup violation  
There is a large setup violation of -2.573 ns between mb_block_i/hdmi_text_controller_0/inst/hdmi_text_controller_v1_0_AXI_inst/slv_regs_reg[64][4]/C (clocked by clk_out1_mb_blink_clk_wiz_1_0_1) and mb_block_i/hdmi_text_controller_0/inst/color_instance/background/sprite_background_rom/bkg_bram/U0/inst_blk_mem_gen/gnbram.gnativebmg.native_blk_mem_gen/valid.cstr/ramloop[12].ram.r/prim_init.ram/DEVICE_7SERIES.NO_BMM_INFO.TRUE_DP.CASCADED_PRIM36.ram_B/ADDRBWRADDR[13] (clocked by clk_out1_clk_wiz_0_1). Large setup violations at the end of those stages might be difficult to fix during the post-placement implementation flow and could be the result of non-optimal XDC constraints or non-optimal design architecture
Related violations: <none>

TIMING-16#233 Warning
Large setup violation  
There is a large setup violation of -2.582 ns between mb_block_i/hdmi_text_controller_0/inst/hdmi_text_controller_v1_0_AXI_inst/slv_regs_reg[64][4]/C (clocked by clk_out1_mb_blink_clk_wiz_1_0_1) and mb_block_i/hdmi_text_controller_0/inst/color_instance/background/sprite_background_rom/bkg_bram/U0/inst_blk_mem_gen/gnbram.gnativebmg.native_blk_mem_gen/valid.cstr/ramloop[18].ram.r/prim_init.ram/DEVICE_7SERIES.NO_BMM_INFO.TRUE_DP.CASCADED_PRIM36.ram_B/ADDRBWRADDR[12] (clocked by clk_out1_clk_wiz_0_1). Large setup violations at the end of those stages might be difficult to fix during the post-placement implementation flow and could be the result of non-optimal XDC constraints or non-optimal design architecture
Related violations: <none>

TIMING-16#234 Warning
Large setup violation  
There is a large setup violation of -2.647 ns between mb_block_i/hdmi_text_controller_0/inst/hdmi_text_controller_v1_0_AXI_inst/slv_regs_reg[64][4]/C (clocked by clk_out1_mb_blink_clk_wiz_1_0_1) and mb_block_i/hdmi_text_controller_0/inst/color_instance/background/sprite_background_rom/bkg_bram/U0/inst_blk_mem_gen/gnbram.gnativebmg.native_blk_mem_gen/valid.cstr/ramloop[9].ram.r/prim_init.ram/DEVICE_7SERIES.NO_BMM_INFO.TRUE_DP.CASCADED_PRIM36.ram_T/ADDRBWRADDR[13] (clocked by clk_out1_clk_wiz_0_1). Large setup violations at the end of those stages might be difficult to fix during the post-placement implementation flow and could be the result of non-optimal XDC constraints or non-optimal design architecture
Related violations: <none>

TIMING-16#235 Warning
Large setup violation  
There is a large setup violation of -2.654 ns between mb_block_i/hdmi_text_controller_0/inst/hdmi_text_controller_v1_0_AXI_inst/slv_regs_reg[64][4]/C (clocked by clk_out1_mb_blink_clk_wiz_1_0_1) and mb_block_i/hdmi_text_controller_0/inst/color_instance/background/sprite_background_rom/bkg_bram/U0/inst_blk_mem_gen/gnbram.gnativebmg.native_blk_mem_gen/valid.cstr/ramloop[18].ram.r/prim_init.ram/DEVICE_7SERIES.NO_BMM_INFO.TRUE_DP.CASCADED_PRIM36.ram_T/ADDRBWRADDR[15] (clocked by clk_out1_clk_wiz_0_1). Large setup violations at the end of those stages might be difficult to fix during the post-placement implementation flow and could be the result of non-optimal XDC constraints or non-optimal design architecture
Related violations: <none>

TIMING-16#236 Warning
Large setup violation  
There is a large setup violation of -2.655 ns between mb_block_i/hdmi_text_controller_0/inst/hdmi_text_controller_v1_0_AXI_inst/slv_regs_reg[64][4]/C (clocked by clk_out1_mb_blink_clk_wiz_1_0_1) and mb_block_i/hdmi_text_controller_0/inst/color_instance/background/sprite_background_rom/bkg_bram/U0/inst_blk_mem_gen/gnbram.gnativebmg.native_blk_mem_gen/valid.cstr/ramloop[7].ram.r/prim_init.ram/DEVICE_7SERIES.NO_BMM_INFO.TRUE_DP.CASCADED_PRIM36.ram_B/ADDRBWRADDR[1] (clocked by clk_out1_clk_wiz_0_1). Large setup violations at the end of those stages might be difficult to fix during the post-placement implementation flow and could be the result of non-optimal XDC constraints or non-optimal design architecture
Related violations: <none>

TIMING-16#237 Warning
Large setup violation  
There is a large setup violation of -2.663 ns between mb_block_i/hdmi_text_controller_0/inst/hdmi_text_controller_v1_0_AXI_inst/slv_regs_reg[64][4]/C (clocked by clk_out1_mb_blink_clk_wiz_1_0_1) and mb_block_i/hdmi_text_controller_0/inst/color_instance/background/sprite_background_rom/bkg_bram/U0/inst_blk_mem_gen/gnbram.gnativebmg.native_blk_mem_gen/valid.cstr/ramloop[12].ram.r/prim_init.ram/DEVICE_7SERIES.NO_BMM_INFO.TRUE_DP.CASCADED_PRIM36.ram_T/ADDRBWRADDR[4] (clocked by clk_out1_clk_wiz_0_1). Large setup violations at the end of those stages might be difficult to fix during the post-placement implementation flow and could be the result of non-optimal XDC constraints or non-optimal design architecture
Related violations: <none>

TIMING-16#238 Warning
Large setup violation  
There is a large setup violation of -2.667 ns between mb_block_i/hdmi_text_controller_0/inst/hdmi_text_controller_v1_0_AXI_inst/slv_regs_reg[64][4]/C (clocked by clk_out1_mb_blink_clk_wiz_1_0_1) and mb_block_i/hdmi_text_controller_0/inst/color_instance/background/sprite_background_rom/bkg_bram/U0/inst_blk_mem_gen/gnbram.gnativebmg.native_blk_mem_gen/valid.cstr/ramloop[7].ram.r/prim_init.ram/DEVICE_7SERIES.NO_BMM_INFO.TRUE_DP.CASCADED_PRIM36.ram_B/ADDRBWRADDR[5] (clocked by clk_out1_clk_wiz_0_1). Large setup violations at the end of those stages might be difficult to fix during the post-placement implementation flow and could be the result of non-optimal XDC constraints or non-optimal design architecture
Related violations: <none>

TIMING-16#239 Warning
Large setup violation  
There is a large setup violation of -2.675 ns between mb_block_i/hdmi_text_controller_0/inst/hdmi_text_controller_v1_0_AXI_inst/slv_regs_reg[64][4]/C (clocked by clk_out1_mb_blink_clk_wiz_1_0_1) and mb_block_i/hdmi_text_controller_0/inst/color_instance/background/sprite_background_rom/bkg_bram/U0/inst_blk_mem_gen/gnbram.gnativebmg.native_blk_mem_gen/valid.cstr/ramloop[18].ram.r/prim_init.ram/DEVICE_7SERIES.NO_BMM_INFO.TRUE_DP.CASCADED_PRIM36.ram_T/ADDRBWRADDR[3] (clocked by clk_out1_clk_wiz_0_1). Large setup violations at the end of those stages might be difficult to fix during the post-placement implementation flow and could be the result of non-optimal XDC constraints or non-optimal design architecture
Related violations: <none>

TIMING-16#240 Warning
Large setup violation  
There is a large setup violation of -2.698 ns between mb_block_i/hdmi_text_controller_0/inst/hdmi_text_controller_v1_0_AXI_inst/slv_regs_reg[64][4]/C (clocked by clk_out1_mb_blink_clk_wiz_1_0_1) and mb_block_i/hdmi_text_controller_0/inst/color_instance/background/sprite_background_rom/bkg_bram/U0/inst_blk_mem_gen/gnbram.gnativebmg.native_blk_mem_gen/valid.cstr/ramloop[18].ram.r/prim_init.ram/DEVICE_7SERIES.NO_BMM_INFO.TRUE_DP.CASCADED_PRIM36.ram_T/ADDRBWRADDR[10] (clocked by clk_out1_clk_wiz_0_1). Large setup violations at the end of those stages might be difficult to fix during the post-placement implementation flow and could be the result of non-optimal XDC constraints or non-optimal design architecture
Related violations: <none>

TIMING-16#241 Warning
Large setup violation  
There is a large setup violation of -2.765 ns between mb_block_i/hdmi_text_controller_0/inst/hdmi_text_controller_v1_0_AXI_inst/slv_regs_reg[64][4]/C (clocked by clk_out1_mb_blink_clk_wiz_1_0_1) and mb_block_i/hdmi_text_controller_0/inst/color_instance/background/sprite_background_rom/bkg_bram/U0/inst_blk_mem_gen/gnbram.gnativebmg.native_blk_mem_gen/valid.cstr/ramloop[18].ram.r/prim_init.ram/DEVICE_7SERIES.NO_BMM_INFO.TRUE_DP.CASCADED_PRIM36.ram_B/ADDRBWRADDR[5] (clocked by clk_out1_clk_wiz_0_1). Large setup violations at the end of those stages might be difficult to fix during the post-placement implementation flow and could be the result of non-optimal XDC constraints or non-optimal design architecture
Related violations: <none>

TIMING-16#242 Warning
Large setup violation  
There is a large setup violation of -2.768 ns between mb_block_i/hdmi_text_controller_0/inst/hdmi_text_controller_v1_0_AXI_inst/slv_regs_reg[64][4]/C (clocked by clk_out1_mb_blink_clk_wiz_1_0_1) and mb_block_i/hdmi_text_controller_0/inst/color_instance/background/sprite_background_rom/bkg_bram/U0/inst_blk_mem_gen/gnbram.gnativebmg.native_blk_mem_gen/valid.cstr/ramloop[18].ram.r/prim_init.ram/DEVICE_7SERIES.NO_BMM_INFO.TRUE_DP.CASCADED_PRIM36.ram_B/ADDRBWRADDR[6] (clocked by clk_out1_clk_wiz_0_1). Large setup violations at the end of those stages might be difficult to fix during the post-placement implementation flow and could be the result of non-optimal XDC constraints or non-optimal design architecture
Related violations: <none>

TIMING-16#243 Warning
Large setup violation  
There is a large setup violation of -2.781 ns between mb_block_i/hdmi_text_controller_0/inst/hdmi_text_controller_v1_0_AXI_inst/slv_regs_reg[64][4]/C (clocked by clk_out1_mb_blink_clk_wiz_1_0_1) and mb_block_i/hdmi_text_controller_0/inst/color_instance/background/sprite_background_rom/bkg_bram/U0/inst_blk_mem_gen/gnbram.gnativebmg.native_blk_mem_gen/valid.cstr/ramloop[7].ram.r/prim_init.ram/DEVICE_7SERIES.NO_BMM_INFO.TRUE_DP.CASCADED_PRIM36.ram_B/ADDRBWRADDR[12] (clocked by clk_out1_clk_wiz_0_1). Large setup violations at the end of those stages might be difficult to fix during the post-placement implementation flow and could be the result of non-optimal XDC constraints or non-optimal design architecture
Related violations: <none>

TIMING-16#244 Warning
Large setup violation  
There is a large setup violation of -2.846 ns between mb_block_i/hdmi_text_controller_0/inst/hdmi_text_controller_v1_0_AXI_inst/slv_regs_reg[64][4]/C (clocked by clk_out1_mb_blink_clk_wiz_1_0_1) and mb_block_i/hdmi_text_controller_0/inst/color_instance/background/sprite_background_rom/bkg_bram/U0/inst_blk_mem_gen/gnbram.gnativebmg.native_blk_mem_gen/valid.cstr/ramloop[18].ram.r/prim_init.ram/DEVICE_7SERIES.NO_BMM_INFO.TRUE_DP.CASCADED_PRIM36.ram_T/ADDRBWRADDR[1] (clocked by clk_out1_clk_wiz_0_1). Large setup violations at the end of those stages might be difficult to fix during the post-placement implementation flow and could be the result of non-optimal XDC constraints or non-optimal design architecture
Related violations: <none>

TIMING-16#245 Warning
Large setup violation  
There is a large setup violation of -2.856 ns between mb_block_i/hdmi_text_controller_0/inst/hdmi_text_controller_v1_0_AXI_inst/slv_regs_reg[64][4]/C (clocked by clk_out1_mb_blink_clk_wiz_1_0_1) and mb_block_i/hdmi_text_controller_0/inst/color_instance/background/sprite_background_rom/bkg_bram/U0/inst_blk_mem_gen/gnbram.gnativebmg.native_blk_mem_gen/valid.cstr/ramloop[18].ram.r/prim_init.ram/DEVICE_7SERIES.NO_BMM_INFO.TRUE_DP.CASCADED_PRIM36.ram_B/ADDRBWRADDR[9] (clocked by clk_out1_clk_wiz_0_1). Large setup violations at the end of those stages might be difficult to fix during the post-placement implementation flow and could be the result of non-optimal XDC constraints or non-optimal design architecture
Related violations: <none>

TIMING-16#246 Warning
Large setup violation  
There is a large setup violation of -2.858 ns between mb_block_i/hdmi_text_controller_0/inst/hdmi_text_controller_v1_0_AXI_inst/slv_regs_reg[64][4]/C (clocked by clk_out1_mb_blink_clk_wiz_1_0_1) and mb_block_i/hdmi_text_controller_0/inst/color_instance/background/sprite_background_rom/bkg_bram/U0/inst_blk_mem_gen/gnbram.gnativebmg.native_blk_mem_gen/valid.cstr/ramloop[7].ram.r/prim_init.ram/DEVICE_7SERIES.NO_BMM_INFO.TRUE_DP.CASCADED_PRIM36.ram_B/ADDRBWRADDR[10] (clocked by clk_out1_clk_wiz_0_1). Large setup violations at the end of those stages might be difficult to fix during the post-placement implementation flow and could be the result of non-optimal XDC constraints or non-optimal design architecture
Related violations: <none>

TIMING-16#247 Warning
Large setup violation  
There is a large setup violation of -2.863 ns between mb_block_i/hdmi_text_controller_0/inst/hdmi_text_controller_v1_0_AXI_inst/slv_regs_reg[64][4]/C (clocked by clk_out1_mb_blink_clk_wiz_1_0_1) and mb_block_i/hdmi_text_controller_0/inst/color_instance/background/sprite_background_rom/bkg_bram/U0/inst_blk_mem_gen/gnbram.gnativebmg.native_blk_mem_gen/valid.cstr/ramloop[7].ram.r/prim_init.ram/DEVICE_7SERIES.NO_BMM_INFO.TRUE_DP.CASCADED_PRIM36.ram_B/ADDRBWRADDR[9] (clocked by clk_out1_clk_wiz_0_1). Large setup violations at the end of those stages might be difficult to fix during the post-placement implementation flow and could be the result of non-optimal XDC constraints or non-optimal design architecture
Related violations: <none>

TIMING-16#248 Warning
Large setup violation  
There is a large setup violation of -2.868 ns between mb_block_i/hdmi_text_controller_0/inst/hdmi_text_controller_v1_0_AXI_inst/slv_regs_reg[64][4]/C (clocked by clk_out1_mb_blink_clk_wiz_1_0_1) and mb_block_i/hdmi_text_controller_0/inst/color_instance/background/sprite_background_rom/bkg_bram/U0/inst_blk_mem_gen/gnbram.gnativebmg.native_blk_mem_gen/valid.cstr/ramloop[7].ram.r/prim_init.ram/DEVICE_7SERIES.NO_BMM_INFO.TRUE_DP.CASCADED_PRIM36.ram_B/ADDRBWRADDR[3] (clocked by clk_out1_clk_wiz_0_1). Large setup violations at the end of those stages might be difficult to fix during the post-placement implementation flow and could be the result of non-optimal XDC constraints or non-optimal design architecture
Related violations: <none>

TIMING-16#249 Warning
Large setup violation  
There is a large setup violation of -2.878 ns between mb_block_i/hdmi_text_controller_0/inst/hdmi_text_controller_v1_0_AXI_inst/slv_regs_reg[64][4]/C (clocked by clk_out1_mb_blink_clk_wiz_1_0_1) and mb_block_i/hdmi_text_controller_0/inst/color_instance/background/sprite_background_rom/bkg_bram/U0/inst_blk_mem_gen/gnbram.gnativebmg.native_blk_mem_gen/valid.cstr/ramloop[18].ram.r/prim_init.ram/DEVICE_7SERIES.NO_BMM_INFO.TRUE_DP.CASCADED_PRIM36.ram_T/ADDRBWRADDR[4] (clocked by clk_out1_clk_wiz_0_1). Large setup violations at the end of those stages might be difficult to fix during the post-placement implementation flow and could be the result of non-optimal XDC constraints or non-optimal design architecture
Related violations: <none>

TIMING-16#250 Warning
Large setup violation  
There is a large setup violation of -2.900 ns between mb_block_i/hdmi_text_controller_0/inst/hdmi_text_controller_v1_0_AXI_inst/slv_regs_reg[64][4]/C (clocked by clk_out1_mb_blink_clk_wiz_1_0_1) and mb_block_i/hdmi_text_controller_0/inst/color_instance/background/sprite_background_rom/bkg_bram/U0/inst_blk_mem_gen/gnbram.gnativebmg.native_blk_mem_gen/valid.cstr/ramloop[7].ram.r/prim_init.ram/DEVICE_7SERIES.NO_BMM_INFO.TRUE_DP.CASCADED_PRIM36.ram_B/ADDRBWRADDR[6] (clocked by clk_out1_clk_wiz_0_1). Large setup violations at the end of those stages might be difficult to fix during the post-placement implementation flow and could be the result of non-optimal XDC constraints or non-optimal design architecture
Related violations: <none>

TIMING-16#251 Warning
Large setup violation  
There is a large setup violation of -2.914 ns between mb_block_i/hdmi_text_controller_0/inst/hdmi_text_controller_v1_0_AXI_inst/slv_regs_reg[64][4]/C (clocked by clk_out1_mb_blink_clk_wiz_1_0_1) and mb_block_i/hdmi_text_controller_0/inst/color_instance/background/sprite_background_rom/bkg_bram/U0/inst_blk_mem_gen/gnbram.gnativebmg.native_blk_mem_gen/valid.cstr/ramloop[12].ram.r/prim_init.ram/DEVICE_7SERIES.NO_BMM_INFO.TRUE_DP.CASCADED_PRIM36.ram_T/ADDRBWRADDR[13] (clocked by clk_out1_clk_wiz_0_1). Large setup violations at the end of those stages might be difficult to fix during the post-placement implementation flow and could be the result of non-optimal XDC constraints or non-optimal design architecture
Related violations: <none>

TIMING-16#252 Warning
Large setup violation  
There is a large setup violation of -2.923 ns between mb_block_i/hdmi_text_controller_0/inst/hdmi_text_controller_v1_0_AXI_inst/slv_regs_reg[64][4]/C (clocked by clk_out1_mb_blink_clk_wiz_1_0_1) and mb_block_i/hdmi_text_controller_0/inst/color_instance/background/sprite_background_rom/bkg_bram/U0/inst_blk_mem_gen/gnbram.gnativebmg.native_blk_mem_gen/valid.cstr/ramloop[18].ram.r/prim_init.ram/DEVICE_7SERIES.NO_BMM_INFO.TRUE_DP.CASCADED_PRIM36.ram_T/ADDRBWRADDR[12] (clocked by clk_out1_clk_wiz_0_1). Large setup violations at the end of those stages might be difficult to fix during the post-placement implementation flow and could be the result of non-optimal XDC constraints or non-optimal design architecture
Related violations: <none>

TIMING-16#253 Warning
Large setup violation  
There is a large setup violation of -2.988 ns between mb_block_i/hdmi_text_controller_0/inst/hdmi_text_controller_v1_0_AXI_inst/slv_regs_reg[64][4]/C (clocked by clk_out1_mb_blink_clk_wiz_1_0_1) and mb_block_i/hdmi_text_controller_0/inst/color_instance/background/sprite_background_rom/bkg_bram/U0/inst_blk_mem_gen/gnbram.gnativebmg.native_blk_mem_gen/valid.cstr/ramloop[7].ram.r/prim_init.ram/DEVICE_7SERIES.NO_BMM_INFO.TRUE_DP.CASCADED_PRIM36.ram_T/ADDRBWRADDR[1] (clocked by clk_out1_clk_wiz_0_1). Large setup violations at the end of those stages might be difficult to fix during the post-placement implementation flow and could be the result of non-optimal XDC constraints or non-optimal design architecture
Related violations: <none>

TIMING-16#254 Warning
Large setup violation  
There is a large setup violation of -2.990 ns between mb_block_i/hdmi_text_controller_0/inst/hdmi_text_controller_v1_0_AXI_inst/slv_regs_reg[64][4]/C (clocked by clk_out1_mb_blink_clk_wiz_1_0_1) and mb_block_i/hdmi_text_controller_0/inst/color_instance/background/sprite_background_rom/bkg_bram/U0/inst_blk_mem_gen/gnbram.gnativebmg.native_blk_mem_gen/valid.cstr/ramloop[18].ram.r/prim_init.ram/DEVICE_7SERIES.NO_BMM_INFO.TRUE_DP.CASCADED_PRIM36.ram_B/ADDRBWRADDR[13] (clocked by clk_out1_clk_wiz_0_1). Large setup violations at the end of those stages might be difficult to fix during the post-placement implementation flow and could be the result of non-optimal XDC constraints or non-optimal design architecture
Related violations: <none>

TIMING-16#255 Warning
Large setup violation  
There is a large setup violation of -2.996 ns between mb_block_i/hdmi_text_controller_0/inst/hdmi_text_controller_v1_0_AXI_inst/slv_regs_reg[64][4]/C (clocked by clk_out1_mb_blink_clk_wiz_1_0_1) and mb_block_i/hdmi_text_controller_0/inst/color_instance/background/sprite_background_rom/bkg_bram/U0/inst_blk_mem_gen/gnbram.gnativebmg.native_blk_mem_gen/valid.cstr/ramloop[7].ram.r/prim_init.ram/DEVICE_7SERIES.NO_BMM_INFO.TRUE_DP.CASCADED_PRIM36.ram_B/ADDRBWRADDR[4] (clocked by clk_out1_clk_wiz_0_1). Large setup violations at the end of those stages might be difficult to fix during the post-placement implementation flow and could be the result of non-optimal XDC constraints or non-optimal design architecture
Related violations: <none>

TIMING-16#256 Warning
Large setup violation  
There is a large setup violation of -20.000 ns between mb_block_i/hdmi_text_controller_0/inst/hdmi_text_controller_v1_0_AXI_inst/slv_regs_reg[1][8]/C (clocked by clk_out1_mb_blink_clk_wiz_1_0_1) and mb_block_i/hdmi_text_controller_0/inst/color_instance/sprite/blue_reg[1]/D (clocked by clk_out1_clk_wiz_0_1). Large setup violations at the end of those stages might be difficult to fix during the post-placement implementation flow and could be the result of non-optimal XDC constraints or non-optimal design architecture
Related violations: <none>

TIMING-16#257 Warning
Large setup violation  
There is a large setup violation of -20.699 ns between mb_block_i/hdmi_text_controller_0/inst/hdmi_text_controller_v1_0_AXI_inst/slv_regs_reg[2][12]/C (clocked by clk_out1_mb_blink_clk_wiz_1_0_1) and mb_block_i/hdmi_text_controller_0/inst/color_instance/sprite/under_sprite_sample_on_q_reg/D (clocked by clk_out1_clk_wiz_0_1). Large setup violations at the end of those stages might be difficult to fix during the post-placement implementation flow and could be the result of non-optimal XDC constraints or non-optimal design architecture
Related violations: <none>

TIMING-16#258 Warning
Large setup violation  
There is a large setup violation of -20.894 ns between mb_block_i/hdmi_text_controller_0/inst/hdmi_text_controller_v1_0_AXI_inst/slv_regs_reg[1][8]/C (clocked by clk_out1_mb_blink_clk_wiz_1_0_1) and mb_block_i/hdmi_text_controller_0/inst/color_instance/sprite/sprite_collection_rom/sprite_rom/U0/inst_blk_mem_gen/gnbram.gnativebmg.native_blk_mem_gen/valid.cstr/ramloop[3].ram.r/prim_init.ram/DEVICE_7SERIES.NO_BMM_INFO.TRUE_DP.SIMPLE_PRIM36.ram/ADDRARDADDR[1] (clocked by clk_out1_clk_wiz_0_1). Large setup violations at the end of those stages might be difficult to fix during the post-placement implementation flow and could be the result of non-optimal XDC constraints or non-optimal design architecture
Related violations: <none>

TIMING-16#259 Warning
Large setup violation  
There is a large setup violation of -20.909 ns between mb_block_i/hdmi_text_controller_0/inst/hdmi_text_controller_v1_0_AXI_inst/slv_regs_reg[1][8]/C (clocked by clk_out1_mb_blink_clk_wiz_1_0_1) and mb_block_i/hdmi_text_controller_0/inst/color_instance/sprite/sprite_collection_rom/sprite_rom/U0/inst_blk_mem_gen/gnbram.gnativebmg.native_blk_mem_gen/valid.cstr/ramloop[3].ram.r/prim_init.ram/DEVICE_7SERIES.NO_BMM_INFO.TRUE_DP.SIMPLE_PRIM36.ram/ADDRARDADDR[0] (clocked by clk_out1_clk_wiz_0_1). Large setup violations at the end of those stages might be difficult to fix during the post-placement implementation flow and could be the result of non-optimal XDC constraints or non-optimal design architecture
Related violations: <none>

TIMING-16#260 Warning
Large setup violation  
There is a large setup violation of -20.936 ns between mb_block_i/hdmi_text_controller_0/inst/hdmi_text_controller_v1_0_AXI_inst/slv_regs_reg[1][8]/C (clocked by clk_out1_mb_blink_clk_wiz_1_0_1) and mb_block_i/hdmi_text_controller_0/inst/color_instance/sprite/sprite_collection_rom/sprite_rom/U0/inst_blk_mem_gen/gnbram.gnativebmg.native_blk_mem_gen/valid.cstr/ramloop[1].ram.r/prim_init.ram/DEVICE_7SERIES.NO_BMM_INFO.TRUE_DP.SIMPLE_PRIM36.ram/ADDRARDADDR[0] (clocked by clk_out1_clk_wiz_0_1). Large setup violations at the end of those stages might be difficult to fix during the post-placement implementation flow and could be the result of non-optimal XDC constraints or non-optimal design architecture
Related violations: <none>

TIMING-16#261 Warning
Large setup violation  
There is a large setup violation of -21.039 ns between mb_block_i/hdmi_text_controller_0/inst/hdmi_text_controller_v1_0_AXI_inst/slv_regs_reg[1][8]/C (clocked by clk_out1_mb_blink_clk_wiz_1_0_1) and mb_block_i/hdmi_text_controller_0/inst/color_instance/sprite/sprite_collection_rom/sprite_rom/U0/inst_blk_mem_gen/gnbram.gnativebmg.native_blk_mem_gen/valid.cstr/ramloop[3].ram.r/prim_init.ram/DEVICE_7SERIES.NO_BMM_INFO.TRUE_DP.SIMPLE_PRIM36.ram/ADDRARDADDR[3] (clocked by clk_out1_clk_wiz_0_1). Large setup violations at the end of those stages might be difficult to fix during the post-placement implementation flow and could be the result of non-optimal XDC constraints or non-optimal design architecture
Related violations: <none>

TIMING-16#262 Warning
Large setup violation  
There is a large setup violation of -21.120 ns between mb_block_i/hdmi_text_controller_0/inst/hdmi_text_controller_v1_0_AXI_inst/slv_regs_reg[1][8]/C (clocked by clk_out1_mb_blink_clk_wiz_1_0_1) and mb_block_i/hdmi_text_controller_0/inst/color_instance/sprite/sprite_collection_rom/sprite_rom/U0/inst_blk_mem_gen/gnbram.gnativebmg.native_blk_mem_gen/valid.cstr/ramloop[2].ram.r/prim_init.ram/DEVICE_7SERIES.NO_BMM_INFO.TRUE_DP.SIMPLE_PRIM36.ram/ADDRARDADDR[0] (clocked by clk_out1_clk_wiz_0_1). Large setup violations at the end of those stages might be difficult to fix during the post-placement implementation flow and could be the result of non-optimal XDC constraints or non-optimal design architecture
Related violations: <none>

TIMING-16#263 Warning
Large setup violation  
There is a large setup violation of -21.121 ns between mb_block_i/hdmi_text_controller_0/inst/hdmi_text_controller_v1_0_AXI_inst/slv_regs_reg[1][8]/C (clocked by clk_out1_mb_blink_clk_wiz_1_0_1) and mb_block_i/hdmi_text_controller_0/inst/color_instance/sprite/sprite_collection_rom/sprite_rom/U0/inst_blk_mem_gen/gnbram.gnativebmg.native_blk_mem_gen/valid.cstr/ramloop[4].ram.r/prim_init.ram/DEVICE_7SERIES.NO_BMM_INFO.TRUE_DP.SIMPLE_PRIM36.ram/ADDRARDADDR[0] (clocked by clk_out1_clk_wiz_0_1). Large setup violations at the end of those stages might be difficult to fix during the post-placement implementation flow and could be the result of non-optimal XDC constraints or non-optimal design architecture
Related violations: <none>

TIMING-16#264 Warning
Large setup violation  
There is a large setup violation of -21.135 ns between mb_block_i/hdmi_text_controller_0/inst/hdmi_text_controller_v1_0_AXI_inst/slv_regs_reg[1][8]/C (clocked by clk_out1_mb_blink_clk_wiz_1_0_1) and mb_block_i/hdmi_text_controller_0/inst/color_instance/sprite/sprite_collection_rom/sprite_rom/U0/inst_blk_mem_gen/gnbram.gnativebmg.native_blk_mem_gen/valid.cstr/ramloop[3].ram.r/prim_init.ram/DEVICE_7SERIES.NO_BMM_INFO.TRUE_DP.SIMPLE_PRIM36.ram/ADDRARDADDR[2] (clocked by clk_out1_clk_wiz_0_1). Large setup violations at the end of those stages might be difficult to fix during the post-placement implementation flow and could be the result of non-optimal XDC constraints or non-optimal design architecture
Related violations: <none>

TIMING-16#265 Warning
Large setup violation  
There is a large setup violation of -21.181 ns between mb_block_i/hdmi_text_controller_0/inst/hdmi_text_controller_v1_0_AXI_inst/slv_regs_reg[1][8]/C (clocked by clk_out1_mb_blink_clk_wiz_1_0_1) and mb_block_i/hdmi_text_controller_0/inst/color_instance/sprite/sprite_collection_rom/sprite_rom/U0/inst_blk_mem_gen/gnbram.gnativebmg.native_blk_mem_gen/valid.cstr/ramloop[1].ram.r/prim_init.ram/DEVICE_7SERIES.NO_BMM_INFO.TRUE_DP.SIMPLE_PRIM36.ram/ADDRARDADDR[2] (clocked by clk_out1_clk_wiz_0_1). Large setup violations at the end of those stages might be difficult to fix during the post-placement implementation flow and could be the result of non-optimal XDC constraints or non-optimal design architecture
Related violations: <none>

TIMING-16#266 Warning
Large setup violation  
There is a large setup violation of -21.183 ns between mb_block_i/hdmi_text_controller_0/inst/hdmi_text_controller_v1_0_AXI_inst/slv_regs_reg[1][8]/C (clocked by clk_out1_mb_blink_clk_wiz_1_0_1) and mb_block_i/hdmi_text_controller_0/inst/color_instance/sprite/sprite_collection_rom/sprite_rom/U0/inst_blk_mem_gen/gnbram.gnativebmg.native_blk_mem_gen/valid.cstr/ramloop[1].ram.r/prim_init.ram/DEVICE_7SERIES.NO_BMM_INFO.TRUE_DP.SIMPLE_PRIM36.ram/ADDRARDADDR[1] (clocked by clk_out1_clk_wiz_0_1). Large setup violations at the end of those stages might be difficult to fix during the post-placement implementation flow and could be the result of non-optimal XDC constraints or non-optimal design architecture
Related violations: <none>

TIMING-16#267 Warning
Large setup violation  
There is a large setup violation of -21.183 ns between mb_block_i/hdmi_text_controller_0/inst/hdmi_text_controller_v1_0_AXI_inst/slv_regs_reg[1][8]/C (clocked by clk_out1_mb_blink_clk_wiz_1_0_1) and mb_block_i/hdmi_text_controller_0/inst/color_instance/sprite/sprite_collection_rom/sprite_rom/U0/inst_blk_mem_gen/gnbram.gnativebmg.native_blk_mem_gen/valid.cstr/ramloop[1].ram.r/prim_init.ram/DEVICE_7SERIES.NO_BMM_INFO.TRUE_DP.SIMPLE_PRIM36.ram/ADDRARDADDR[4] (clocked by clk_out1_clk_wiz_0_1). Large setup violations at the end of those stages might be difficult to fix during the post-placement implementation flow and could be the result of non-optimal XDC constraints or non-optimal design architecture
Related violations: <none>

TIMING-16#268 Warning
Large setup violation  
There is a large setup violation of -21.193 ns between mb_block_i/hdmi_text_controller_0/inst/hdmi_text_controller_v1_0_AXI_inst/slv_regs_reg[1][8]/C (clocked by clk_out1_mb_blink_clk_wiz_1_0_1) and mb_block_i/hdmi_text_controller_0/inst/color_instance/sprite/sprite_collection_rom/sprite_rom/U0/inst_blk_mem_gen/gnbram.gnativebmg.native_blk_mem_gen/valid.cstr/ramloop[0].ram.r/prim_init.ram/DEVICE_7SERIES.NO_BMM_INFO.TRUE_DP.SIMPLE_PRIM36.ram/ADDRARDADDR[0] (clocked by clk_out1_clk_wiz_0_1). Large setup violations at the end of those stages might be difficult to fix during the post-placement implementation flow and could be the result of non-optimal XDC constraints or non-optimal design architecture
Related violations: <none>

TIMING-16#269 Warning
Large setup violation  
There is a large setup violation of -21.200 ns between mb_block_i/hdmi_text_controller_0/inst/hdmi_text_controller_v1_0_AXI_inst/slv_regs_reg[1][8]/C (clocked by clk_out1_mb_blink_clk_wiz_1_0_1) and mb_block_i/hdmi_text_controller_0/inst/color_instance/sprite/sprite_collection_rom/sprite_rom/U0/inst_blk_mem_gen/gnbram.gnativebmg.native_blk_mem_gen/valid.cstr/ramloop[4].ram.r/prim_init.ram/DEVICE_7SERIES.NO_BMM_INFO.TRUE_DP.SIMPLE_PRIM36.ram/ADDRARDADDR[2] (clocked by clk_out1_clk_wiz_0_1). Large setup violations at the end of those stages might be difficult to fix during the post-placement implementation flow and could be the result of non-optimal XDC constraints or non-optimal design architecture
Related violations: <none>

TIMING-16#270 Warning
Large setup violation  
There is a large setup violation of -21.203 ns between mb_block_i/hdmi_text_controller_0/inst/hdmi_text_controller_v1_0_AXI_inst/slv_regs_reg[1][8]/C (clocked by clk_out1_mb_blink_clk_wiz_1_0_1) and mb_block_i/hdmi_text_controller_0/inst/color_instance/sprite/sprite_collection_rom/sprite_rom/U0/inst_blk_mem_gen/gnbram.gnativebmg.native_blk_mem_gen/valid.cstr/ramloop[3].ram.r/prim_init.ram/DEVICE_7SERIES.NO_BMM_INFO.TRUE_DP.SIMPLE_PRIM36.ram/ADDRARDADDR[4] (clocked by clk_out1_clk_wiz_0_1). Large setup violations at the end of those stages might be difficult to fix during the post-placement implementation flow and could be the result of non-optimal XDC constraints or non-optimal design architecture
Related violations: <none>

TIMING-16#271 Warning
Large setup violation  
There is a large setup violation of -21.224 ns between mb_block_i/hdmi_text_controller_0/inst/hdmi_text_controller_v1_0_AXI_inst/slv_regs_reg[1][8]/C (clocked by clk_out1_mb_blink_clk_wiz_1_0_1) and mb_block_i/hdmi_text_controller_0/inst/color_instance/sprite/sprite_collection_rom/sprite_rom/U0/inst_blk_mem_gen/gnbram.gnativebmg.native_blk_mem_gen/valid.cstr/ramloop[4].ram.r/prim_init.ram/DEVICE_7SERIES.NO_BMM_INFO.TRUE_DP.SIMPLE_PRIM36.ram/ADDRARDADDR[1] (clocked by clk_out1_clk_wiz_0_1). Large setup violations at the end of those stages might be difficult to fix during the post-placement implementation flow and could be the result of non-optimal XDC constraints or non-optimal design architecture
Related violations: <none>

TIMING-16#272 Warning
Large setup violation  
There is a large setup violation of -21.236 ns between mb_block_i/hdmi_text_controller_0/inst/hdmi_text_controller_v1_0_AXI_inst/slv_regs_reg[1][8]/C (clocked by clk_out1_mb_blink_clk_wiz_1_0_1) and mb_block_i/hdmi_text_controller_0/inst/color_instance/sprite/sprite_collection_rom/sprite_rom/U0/inst_blk_mem_gen/gnbram.gnativebmg.native_blk_mem_gen/valid.cstr/ramloop[2].ram.r/prim_init.ram/DEVICE_7SERIES.NO_BMM_INFO.TRUE_DP.SIMPLE_PRIM36.ram/ADDRARDADDR[1] (clocked by clk_out1_clk_wiz_0_1). Large setup violations at the end of those stages might be difficult to fix during the post-placement implementation flow and could be the result of non-optimal XDC constraints or non-optimal design architecture
Related violations: <none>

TIMING-16#273 Warning
Large setup violation  
There is a large setup violation of -21.306 ns between mb_block_i/hdmi_text_controller_0/inst/hdmi_text_controller_v1_0_AXI_inst/slv_regs_reg[1][8]/C (clocked by clk_out1_mb_blink_clk_wiz_1_0_1) and mb_block_i/hdmi_text_controller_0/inst/color_instance/sprite/sprite_collection_rom/sprite_rom/U0/inst_blk_mem_gen/gnbram.gnativebmg.native_blk_mem_gen/valid.cstr/ramloop[3].ram.r/prim_init.ram/DEVICE_7SERIES.NO_BMM_INFO.TRUE_DP.SIMPLE_PRIM36.ram/ADDRARDADDR[6] (clocked by clk_out1_clk_wiz_0_1). Large setup violations at the end of those stages might be difficult to fix during the post-placement implementation flow and could be the result of non-optimal XDC constraints or non-optimal design architecture
Related violations: <none>

TIMING-16#274 Warning
Large setup violation  
There is a large setup violation of -21.324 ns between mb_block_i/hdmi_text_controller_0/inst/hdmi_text_controller_v1_0_AXI_inst/slv_regs_reg[1][8]/C (clocked by clk_out1_mb_blink_clk_wiz_1_0_1) and mb_block_i/hdmi_text_controller_0/inst/color_instance/sprite/sprite_collection_rom/sprite_rom/U0/inst_blk_mem_gen/gnbram.gnativebmg.native_blk_mem_gen/valid.cstr/ramloop[1].ram.r/prim_init.ram/DEVICE_7SERIES.NO_BMM_INFO.TRUE_DP.SIMPLE_PRIM36.ram/ADDRARDADDR[11] (clocked by clk_out1_clk_wiz_0_1). Large setup violations at the end of those stages might be difficult to fix during the post-placement implementation flow and could be the result of non-optimal XDC constraints or non-optimal design architecture
Related violations: <none>

TIMING-16#275 Warning
Large setup violation  
There is a large setup violation of -21.335 ns between mb_block_i/hdmi_text_controller_0/inst/hdmi_text_controller_v1_0_AXI_inst/slv_regs_reg[1][8]/C (clocked by clk_out1_mb_blink_clk_wiz_1_0_1) and mb_block_i/hdmi_text_controller_0/inst/color_instance/sprite/sprite_collection_rom/sprite_rom/U0/inst_blk_mem_gen/gnbram.gnativebmg.native_blk_mem_gen/valid.cstr/ramloop[4].ram.r/prim_init.ram/DEVICE_7SERIES.NO_BMM_INFO.TRUE_DP.SIMPLE_PRIM36.ram/ADDRARDADDR[3] (clocked by clk_out1_clk_wiz_0_1). Large setup violations at the end of those stages might be difficult to fix during the post-placement implementation flow and could be the result of non-optimal XDC constraints or non-optimal design architecture
Related violations: <none>

TIMING-16#276 Warning
Large setup violation  
There is a large setup violation of -21.373 ns between mb_block_i/hdmi_text_controller_0/inst/hdmi_text_controller_v1_0_AXI_inst/slv_regs_reg[1][8]/C (clocked by clk_out1_mb_blink_clk_wiz_1_0_1) and mb_block_i/hdmi_text_controller_0/inst/color_instance/sprite/sprite_collection_rom/sprite_rom/U0/inst_blk_mem_gen/gnbram.gnativebmg.native_blk_mem_gen/valid.cstr/ramloop[4].ram.r/prim_init.ram/DEVICE_7SERIES.NO_BMM_INFO.TRUE_DP.SIMPLE_PRIM36.ram/ADDRARDADDR[6] (clocked by clk_out1_clk_wiz_0_1). Large setup violations at the end of those stages might be difficult to fix during the post-placement implementation flow and could be the result of non-optimal XDC constraints or non-optimal design architecture
Related violations: <none>

TIMING-16#277 Warning
Large setup violation  
There is a large setup violation of -21.375 ns between mb_block_i/hdmi_text_controller_0/inst/hdmi_text_controller_v1_0_AXI_inst/slv_regs_reg[2][12]/C (clocked by clk_out1_mb_blink_clk_wiz_1_0_1) and mb_block_i/hdmi_text_controller_0/inst/color_instance/sprite/sprite_collection_rom/sprite_rom/U0/inst_blk_mem_gen/gnbram.gnativebmg.native_blk_mem_gen/valid.cstr/ramloop[3].ram.r/prim_init.ram/DEVICE_7SERIES.NO_BMM_INFO.TRUE_DP.SIMPLE_PRIM36.ram/ADDRBWRADDR[2] (clocked by clk_out1_clk_wiz_0_1). Large setup violations at the end of those stages might be difficult to fix during the post-placement implementation flow and could be the result of non-optimal XDC constraints or non-optimal design architecture
Related violations: <none>

TIMING-16#278 Warning
Large setup violation  
There is a large setup violation of -21.382 ns between mb_block_i/hdmi_text_controller_0/inst/hdmi_text_controller_v1_0_AXI_inst/slv_regs_reg[1][8]/C (clocked by clk_out1_mb_blink_clk_wiz_1_0_1) and mb_block_i/hdmi_text_controller_0/inst/color_instance/sprite/sprite_collection_rom/sprite_rom/U0/inst_blk_mem_gen/gnbram.gnativebmg.native_blk_mem_gen/valid.cstr/ramloop[2].ram.r/prim_init.ram/DEVICE_7SERIES.NO_BMM_INFO.TRUE_DP.SIMPLE_PRIM36.ram/ADDRARDADDR[4] (clocked by clk_out1_clk_wiz_0_1). Large setup violations at the end of those stages might be difficult to fix during the post-placement implementation flow and could be the result of non-optimal XDC constraints or non-optimal design architecture
Related violations: <none>

TIMING-16#279 Warning
Large setup violation  
There is a large setup violation of -21.408 ns between mb_block_i/hdmi_text_controller_0/inst/hdmi_text_controller_v1_0_AXI_inst/slv_regs_reg[1][8]/C (clocked by clk_out1_mb_blink_clk_wiz_1_0_1) and mb_block_i/hdmi_text_controller_0/inst/color_instance/sprite/sprite_collection_rom/sprite_rom/U0/inst_blk_mem_gen/gnbram.gnativebmg.native_blk_mem_gen/valid.cstr/ramloop[4].ram.r/prim_init.ram/DEVICE_7SERIES.NO_BMM_INFO.TRUE_DP.SIMPLE_PRIM36.ram/ADDRARDADDR[4] (clocked by clk_out1_clk_wiz_0_1). Large setup violations at the end of those stages might be difficult to fix during the post-placement implementation flow and could be the result of non-optimal XDC constraints or non-optimal design architecture
Related violations: <none>

TIMING-16#280 Warning
Large setup violation  
There is a large setup violation of -21.408 ns between mb_block_i/hdmi_text_controller_0/inst/hdmi_text_controller_v1_0_AXI_inst/slv_regs_reg[2][12]/C (clocked by clk_out1_mb_blink_clk_wiz_1_0_1) and mb_block_i/hdmi_text_controller_0/inst/color_instance/sprite/sprite_collection_rom/sprite_rom/U0/inst_blk_mem_gen/gnbram.gnativebmg.native_blk_mem_gen/valid.cstr/ramloop[1].ram.r/prim_init.ram/DEVICE_7SERIES.NO_BMM_INFO.TRUE_DP.SIMPLE_PRIM36.ram/ADDRBWRADDR[2] (clocked by clk_out1_clk_wiz_0_1). Large setup violations at the end of those stages might be difficult to fix during the post-placement implementation flow and could be the result of non-optimal XDC constraints or non-optimal design architecture
Related violations: <none>

TIMING-16#281 Warning
Large setup violation  
There is a large setup violation of -21.433 ns between mb_block_i/hdmi_text_controller_0/inst/hdmi_text_controller_v1_0_AXI_inst/slv_regs_reg[1][8]/C (clocked by clk_out1_mb_blink_clk_wiz_1_0_1) and mb_block_i/hdmi_text_controller_0/inst/color_instance/sprite/sprite_collection_rom/sprite_rom/U0/inst_blk_mem_gen/gnbram.gnativebmg.native_blk_mem_gen/valid.cstr/ramloop[0].ram.r/prim_init.ram/DEVICE_7SERIES.NO_BMM_INFO.TRUE_DP.SIMPLE_PRIM36.ram/ADDRARDADDR[1] (clocked by clk_out1_clk_wiz_0_1). Large setup violations at the end of those stages might be difficult to fix during the post-placement implementation flow and could be the result of non-optimal XDC constraints or non-optimal design architecture
Related violations: <none>

TIMING-16#282 Warning
Large setup violation  
There is a large setup violation of -21.434 ns between mb_block_i/hdmi_text_controller_0/inst/hdmi_text_controller_v1_0_AXI_inst/slv_regs_reg[1][8]/C (clocked by clk_out1_mb_blink_clk_wiz_1_0_1) and mb_block_i/hdmi_text_controller_0/inst/color_instance/sprite/sprite_collection_rom/sprite_rom/U0/inst_blk_mem_gen/gnbram.gnativebmg.native_blk_mem_gen/valid.cstr/ramloop[3].ram.r/prim_init.ram/DEVICE_7SERIES.NO_BMM_INFO.TRUE_DP.SIMPLE_PRIM36.ram/ADDRARDADDR[7] (clocked by clk_out1_clk_wiz_0_1). Large setup violations at the end of those stages might be difficult to fix during the post-placement implementation flow and could be the result of non-optimal XDC constraints or non-optimal design architecture
Related violations: <none>

TIMING-16#283 Warning
Large setup violation  
There is a large setup violation of -21.445 ns between mb_block_i/hdmi_text_controller_0/inst/hdmi_text_controller_v1_0_AXI_inst/slv_regs_reg[2][12]/C (clocked by clk_out1_mb_blink_clk_wiz_1_0_1) and mb_block_i/hdmi_text_controller_0/inst/color_instance/sprite/sprite_collection_rom/sprite_rom/U0/inst_blk_mem_gen/gnbram.gnativebmg.native_blk_mem_gen/valid.cstr/ramloop[2].ram.r/prim_init.ram/DEVICE_7SERIES.NO_BMM_INFO.TRUE_DP.SIMPLE_PRIM36.ram/ADDRBWRADDR[2] (clocked by clk_out1_clk_wiz_0_1). Large setup violations at the end of those stages might be difficult to fix during the post-placement implementation flow and could be the result of non-optimal XDC constraints or non-optimal design architecture
Related violations: <none>

TIMING-16#284 Warning
Large setup violation  
There is a large setup violation of -21.449 ns between mb_block_i/hdmi_text_controller_0/inst/hdmi_text_controller_v1_0_AXI_inst/slv_regs_reg[1][8]/C (clocked by clk_out1_mb_blink_clk_wiz_1_0_1) and mb_block_i/hdmi_text_controller_0/inst/color_instance/sprite/sprite_collection_rom/sprite_rom/U0/inst_blk_mem_gen/gnbram.gnativebmg.native_blk_mem_gen/valid.cstr/ramloop[1].ram.r/prim_init.ram/DEVICE_7SERIES.NO_BMM_INFO.TRUE_DP.SIMPLE_PRIM36.ram/ADDRARDADDR[6] (clocked by clk_out1_clk_wiz_0_1). Large setup violations at the end of those stages might be difficult to fix during the post-placement implementation flow and could be the result of non-optimal XDC constraints or non-optimal design architecture
Related violations: <none>

TIMING-16#285 Warning
Large setup violation  
There is a large setup violation of -21.465 ns between mb_block_i/hdmi_text_controller_0/inst/hdmi_text_controller_v1_0_AXI_inst/slv_regs_reg[1][8]/C (clocked by clk_out1_mb_blink_clk_wiz_1_0_1) and mb_block_i/hdmi_text_controller_0/inst/color_instance/sprite/sprite_collection_rom/sprite_rom/U0/inst_blk_mem_gen/gnbram.gnativebmg.native_blk_mem_gen/valid.cstr/ramloop[1].ram.r/prim_init.ram/DEVICE_7SERIES.NO_BMM_INFO.TRUE_DP.SIMPLE_PRIM36.ram/ADDRARDADDR[3] (clocked by clk_out1_clk_wiz_0_1). Large setup violations at the end of those stages might be difficult to fix during the post-placement implementation flow and could be the result of non-optimal XDC constraints or non-optimal design architecture
Related violations: <none>

TIMING-16#286 Warning
Large setup violation  
There is a large setup violation of -21.499 ns between mb_block_i/hdmi_text_controller_0/inst/hdmi_text_controller_v1_0_AXI_inst/slv_regs_reg[2][12]/C (clocked by clk_out1_mb_blink_clk_wiz_1_0_1) and mb_block_i/hdmi_text_controller_0/inst/color_instance/sprite/sprite_collection_rom/sprite_rom/U0/inst_blk_mem_gen/gnbram.gnativebmg.native_blk_mem_gen/valid.cstr/ramloop[1].ram.r/prim_init.ram/DEVICE_7SERIES.NO_BMM_INFO.TRUE_DP.SIMPLE_PRIM36.ram/ADDRARDADDR[12] (clocked by clk_out1_clk_wiz_0_1). Large setup violations at the end of those stages might be difficult to fix during the post-placement implementation flow and could be the result of non-optimal XDC constraints or non-optimal design architecture
Related violations: <none>

TIMING-16#287 Warning
Large setup violation  
There is a large setup violation of -21.504 ns between mb_block_i/hdmi_text_controller_0/inst/hdmi_text_controller_v1_0_AXI_inst/slv_regs_reg[1][8]/C (clocked by clk_out1_mb_blink_clk_wiz_1_0_1) and mb_block_i/hdmi_text_controller_0/inst/color_instance/sprite/sprite_collection_rom/sprite_rom/U0/inst_blk_mem_gen/gnbram.gnativebmg.native_blk_mem_gen/valid.cstr/ramloop[0].ram.r/prim_init.ram/DEVICE_7SERIES.NO_BMM_INFO.TRUE_DP.SIMPLE_PRIM36.ram/ADDRARDADDR[4] (clocked by clk_out1_clk_wiz_0_1). Large setup violations at the end of those stages might be difficult to fix during the post-placement implementation flow and could be the result of non-optimal XDC constraints or non-optimal design architecture
Related violations: <none>

TIMING-16#288 Warning
Large setup violation  
There is a large setup violation of -21.508 ns between mb_block_i/hdmi_text_controller_0/inst/hdmi_text_controller_v1_0_AXI_inst/slv_regs_reg[1][8]/C (clocked by clk_out1_mb_blink_clk_wiz_1_0_1) and mb_block_i/hdmi_text_controller_0/inst/color_instance/sprite/sprite_collection_rom/sprite_rom/U0/inst_blk_mem_gen/gnbram.gnativebmg.native_blk_mem_gen/valid.cstr/ramloop[1].ram.r/prim_init.ram/DEVICE_7SERIES.NO_BMM_INFO.TRUE_DP.SIMPLE_PRIM36.ram/ADDRARDADDR[8] (clocked by clk_out1_clk_wiz_0_1). Large setup violations at the end of those stages might be difficult to fix during the post-placement implementation flow and could be the result of non-optimal XDC constraints or non-optimal design architecture
Related violations: <none>

TIMING-16#289 Warning
Large setup violation  
There is a large setup violation of -21.514 ns between mb_block_i/hdmi_text_controller_0/inst/hdmi_text_controller_v1_0_AXI_inst/slv_regs_reg[2][12]/C (clocked by clk_out1_mb_blink_clk_wiz_1_0_1) and mb_block_i/hdmi_text_controller_0/inst/color_instance/sprite/sprite_collection_rom/sprite_rom/U0/inst_blk_mem_gen/gnbram.gnativebmg.native_blk_mem_gen/valid.cstr/ramloop[2].ram.r/prim_init.ram/DEVICE_7SERIES.NO_BMM_INFO.TRUE_DP.SIMPLE_PRIM36.ram/ADDRBWRADDR[3] (clocked by clk_out1_clk_wiz_0_1). Large setup violations at the end of those stages might be difficult to fix during the post-placement implementation flow and could be the result of non-optimal XDC constraints or non-optimal design architecture
Related violations: <none>

TIMING-16#290 Warning
Large setup violation  
There is a large setup violation of -21.516 ns between mb_block_i/hdmi_text_controller_0/inst/hdmi_text_controller_v1_0_AXI_inst/slv_regs_reg[1][8]/C (clocked by clk_out1_mb_blink_clk_wiz_1_0_1) and mb_block_i/hdmi_text_controller_0/inst/color_instance/sprite/sprite_collection_rom/sprite_rom/U0/inst_blk_mem_gen/gnbram.gnativebmg.native_blk_mem_gen/valid.cstr/ramloop[2].ram.r/prim_init.ram/DEVICE_7SERIES.NO_BMM_INFO.TRUE_DP.SIMPLE_PRIM36.ram/ADDRARDADDR[3] (clocked by clk_out1_clk_wiz_0_1). Large setup violations at the end of those stages might be difficult to fix during the post-placement implementation flow and could be the result of non-optimal XDC constraints or non-optimal design architecture
Related violations: <none>

TIMING-16#291 Warning
Large setup violation  
There is a large setup violation of -21.523 ns between mb_block_i/hdmi_text_controller_0/inst/hdmi_text_controller_v1_0_AXI_inst/slv_regs_reg[2][12]/C (clocked by clk_out1_mb_blink_clk_wiz_1_0_1) and mb_block_i/hdmi_text_controller_0/inst/color_instance/sprite/sprite_collection_rom/sprite_rom/U0/inst_blk_mem_gen/gnbram.gnativebmg.native_blk_mem_gen/valid.cstr/ramloop[4].ram.r/prim_init.ram/DEVICE_7SERIES.NO_BMM_INFO.TRUE_DP.SIMPLE_PRIM36.ram/ADDRBWRADDR[2] (clocked by clk_out1_clk_wiz_0_1). Large setup violations at the end of those stages might be difficult to fix during the post-placement implementation flow and could be the result of non-optimal XDC constraints or non-optimal design architecture
Related violations: <none>

TIMING-16#292 Warning
Large setup violation  
There is a large setup violation of -21.529 ns between mb_block_i/hdmi_text_controller_0/inst/hdmi_text_controller_v1_0_AXI_inst/slv_regs_reg[1][8]/C (clocked by clk_out1_mb_blink_clk_wiz_1_0_1) and mb_block_i/hdmi_text_controller_0/inst/color_instance/sprite/sprite_collection_rom/sprite_rom/U0/inst_blk_mem_gen/gnbram.gnativebmg.native_blk_mem_gen/valid.cstr/ramloop[1].ram.r/prim_init.ram/DEVICE_7SERIES.NO_BMM_INFO.TRUE_DP.SIMPLE_PRIM36.ram/ADDRARDADDR[10] (clocked by clk_out1_clk_wiz_0_1). Large setup violations at the end of those stages might be difficult to fix during the post-placement implementation flow and could be the result of non-optimal XDC constraints or non-optimal design architecture
Related violations: <none>

TIMING-16#293 Warning
Large setup violation  
There is a large setup violation of -21.531 ns between mb_block_i/hdmi_text_controller_0/inst/hdmi_text_controller_v1_0_AXI_inst/slv_regs_reg[1][8]/C (clocked by clk_out1_mb_blink_clk_wiz_1_0_1) and mb_block_i/hdmi_text_controller_0/inst/color_instance/sprite/sprite_collection_rom/sprite_rom/U0/inst_blk_mem_gen/gnbram.gnativebmg.native_blk_mem_gen/valid.cstr/ramloop[2].ram.r/prim_init.ram/DEVICE_7SERIES.NO_BMM_INFO.TRUE_DP.SIMPLE_PRIM36.ram/ADDRARDADDR[2] (clocked by clk_out1_clk_wiz_0_1). Large setup violations at the end of those stages might be difficult to fix during the post-placement implementation flow and could be the result of non-optimal XDC constraints or non-optimal design architecture
Related violations: <none>

TIMING-16#294 Warning
Large setup violation  
There is a large setup violation of -21.532 ns between mb_block_i/hdmi_text_controller_0/inst/hdmi_text_controller_v1_0_AXI_inst/slv_regs_reg[1][8]/C (clocked by clk_out1_mb_blink_clk_wiz_1_0_1) and mb_block_i/hdmi_text_controller_0/inst/color_instance/sprite/sprite_collection_rom/sprite_rom/U0/inst_blk_mem_gen/gnbram.gnativebmg.native_blk_mem_gen/valid.cstr/ramloop[4].ram.r/prim_init.ram/DEVICE_7SERIES.NO_BMM_INFO.TRUE_DP.SIMPLE_PRIM36.ram/ADDRARDADDR[7] (clocked by clk_out1_clk_wiz_0_1). Large setup violations at the end of those stages might be difficult to fix during the post-placement implementation flow and could be the result of non-optimal XDC constraints or non-optimal design architecture
Related violations: <none>

TIMING-16#295 Warning
Large setup violation  
There is a large setup violation of -21.549 ns between mb_block_i/hdmi_text_controller_0/inst/hdmi_text_controller_v1_0_AXI_inst/slv_regs_reg[1][8]/C (clocked by clk_out1_mb_blink_clk_wiz_1_0_1) and mb_block_i/hdmi_text_controller_0/inst/color_instance/sprite/sprite_collection_rom/sprite_rom/U0/inst_blk_mem_gen/gnbram.gnativebmg.native_blk_mem_gen/valid.cstr/ramloop[1].ram.r/prim_init.ram/DEVICE_7SERIES.NO_BMM_INFO.TRUE_DP.SIMPLE_PRIM36.ram/ADDRARDADDR[5] (clocked by clk_out1_clk_wiz_0_1). Large setup violations at the end of those stages might be difficult to fix during the post-placement implementation flow and could be the result of non-optimal XDC constraints or non-optimal design architecture
Related violations: <none>

TIMING-16#296 Warning
Large setup violation  
There is a large setup violation of -21.552 ns between mb_block_i/hdmi_text_controller_0/inst/hdmi_text_controller_v1_0_AXI_inst/slv_regs_reg[1][8]/C (clocked by clk_out1_mb_blink_clk_wiz_1_0_1) and mb_block_i/hdmi_text_controller_0/inst/color_instance/sprite/sprite_collection_rom/sprite_rom/U0/inst_blk_mem_gen/gnbram.gnativebmg.native_blk_mem_gen/valid.cstr/ramloop[1].ram.r/prim_init.ram/DEVICE_7SERIES.NO_BMM_INFO.TRUE_DP.SIMPLE_PRIM36.ram/ADDRARDADDR[7] (clocked by clk_out1_clk_wiz_0_1). Large setup violations at the end of those stages might be difficult to fix during the post-placement implementation flow and could be the result of non-optimal XDC constraints or non-optimal design architecture
Related violations: <none>

TIMING-16#297 Warning
Large setup violation  
There is a large setup violation of -21.561 ns between mb_block_i/hdmi_text_controller_0/inst/hdmi_text_controller_v1_0_AXI_inst/slv_regs_reg[1][8]/C (clocked by clk_out1_mb_blink_clk_wiz_1_0_1) and mb_block_i/hdmi_text_controller_0/inst/color_instance/sprite/sprite_collection_rom/sprite_rom/U0/inst_blk_mem_gen/gnbram.gnativebmg.native_blk_mem_gen/valid.cstr/ramloop[3].ram.r/prim_init.ram/DEVICE_7SERIES.NO_BMM_INFO.TRUE_DP.SIMPLE_PRIM36.ram/ADDRARDADDR[5] (clocked by clk_out1_clk_wiz_0_1). Large setup violations at the end of those stages might be difficult to fix during the post-placement implementation flow and could be the result of non-optimal XDC constraints or non-optimal design architecture
Related violations: <none>

TIMING-16#298 Warning
Large setup violation  
There is a large setup violation of -21.565 ns between mb_block_i/hdmi_text_controller_0/inst/hdmi_text_controller_v1_0_AXI_inst/slv_regs_reg[2][12]/C (clocked by clk_out1_mb_blink_clk_wiz_1_0_1) and mb_block_i/hdmi_text_controller_0/inst/color_instance/sprite/sprite_collection_rom/sprite_rom/U0/inst_blk_mem_gen/gnbram.gnativebmg.native_blk_mem_gen/valid.cstr/ramloop[1].ram.r/prim_init.ram/DEVICE_7SERIES.NO_BMM_INFO.TRUE_DP.SIMPLE_PRIM36.ram/ADDRBWRADDR[1] (clocked by clk_out1_clk_wiz_0_1). Large setup violations at the end of those stages might be difficult to fix during the post-placement implementation flow and could be the result of non-optimal XDC constraints or non-optimal design architecture
Related violations: <none>

TIMING-16#299 Warning
Large setup violation  
There is a large setup violation of -21.571 ns between mb_block_i/hdmi_text_controller_0/inst/hdmi_text_controller_v1_0_AXI_inst/slv_regs_reg[1][8]/C (clocked by clk_out1_mb_blink_clk_wiz_1_0_1) and mb_block_i/hdmi_text_controller_0/inst/color_instance/sprite/sprite_collection_rom/sprite_rom/U0/inst_blk_mem_gen/gnbram.gnativebmg.native_blk_mem_gen/valid.cstr/ramloop[2].ram.r/prim_init.ram/DEVICE_7SERIES.NO_BMM_INFO.TRUE_DP.SIMPLE_PRIM36.ram/ADDRARDADDR[6] (clocked by clk_out1_clk_wiz_0_1). Large setup violations at the end of those stages might be difficult to fix during the post-placement implementation flow and could be the result of non-optimal XDC constraints or non-optimal design architecture
Related violations: <none>

TIMING-16#300 Warning
Large setup violation  
There is a large setup violation of -21.599 ns between mb_block_i/hdmi_text_controller_0/inst/hdmi_text_controller_v1_0_AXI_inst/slv_regs_reg[1][8]/C (clocked by clk_out1_mb_blink_clk_wiz_1_0_1) and mb_block_i/hdmi_text_controller_0/inst/color_instance/sprite/sprite_collection_rom/sprite_rom/U0/inst_blk_mem_gen/gnbram.gnativebmg.native_blk_mem_gen/valid.cstr/ramloop[3].ram.r/prim_init.ram/DEVICE_7SERIES.NO_BMM_INFO.TRUE_DP.SIMPLE_PRIM36.ram/ADDRARDADDR[10] (clocked by clk_out1_clk_wiz_0_1). Large setup violations at the end of those stages might be difficult to fix during the post-placement implementation flow and could be the result of non-optimal XDC constraints or non-optimal design architecture
Related violations: <none>

TIMING-16#301 Warning
Large setup violation  
There is a large setup violation of -21.618 ns between mb_block_i/hdmi_text_controller_0/inst/hdmi_text_controller_v1_0_AXI_inst/slv_regs_reg[2][12]/C (clocked by clk_out1_mb_blink_clk_wiz_1_0_1) and mb_block_i/hdmi_text_controller_0/inst/color_instance/sprite/sprite_collection_rom/sprite_rom/U0/inst_blk_mem_gen/gnbram.gnativebmg.native_blk_mem_gen/valid.cstr/ramloop[3].ram.r/prim_init.ram/DEVICE_7SERIES.NO_BMM_INFO.TRUE_DP.SIMPLE_PRIM36.ram/ADDRBWRADDR[1] (clocked by clk_out1_clk_wiz_0_1). Large setup violations at the end of those stages might be difficult to fix during the post-placement implementation flow and could be the result of non-optimal XDC constraints or non-optimal design architecture
Related violations: <none>

TIMING-16#302 Warning
Large setup violation  
There is a large setup violation of -21.619 ns between mb_block_i/hdmi_text_controller_0/inst/hdmi_text_controller_v1_0_AXI_inst/slv_regs_reg[1][8]/C (clocked by clk_out1_mb_blink_clk_wiz_1_0_1) and mb_block_i/hdmi_text_controller_0/inst/color_instance/sprite/sprite_collection_rom/sprite_rom/U0/inst_blk_mem_gen/gnbram.gnativebmg.native_blk_mem_gen/valid.cstr/ramloop[2].ram.r/prim_init.ram/DEVICE_7SERIES.NO_BMM_INFO.TRUE_DP.SIMPLE_PRIM36.ram/ADDRARDADDR[11] (clocked by clk_out1_clk_wiz_0_1). Large setup violations at the end of those stages might be difficult to fix during the post-placement implementation flow and could be the result of non-optimal XDC constraints or non-optimal design architecture
Related violations: <none>

TIMING-16#303 Warning
Large setup violation  
There is a large setup violation of -21.627 ns between mb_block_i/hdmi_text_controller_0/inst/hdmi_text_controller_v1_0_AXI_inst/slv_regs_reg[1][8]/C (clocked by clk_out1_mb_blink_clk_wiz_1_0_1) and mb_block_i/hdmi_text_controller_0/inst/color_instance/sprite/sprite_collection_rom/sprite_rom/U0/inst_blk_mem_gen/gnbram.gnativebmg.native_blk_mem_gen/valid.cstr/ramloop[4].ram.r/prim_init.ram/DEVICE_7SERIES.NO_BMM_INFO.TRUE_DP.SIMPLE_PRIM36.ram/ADDRARDADDR[5] (clocked by clk_out1_clk_wiz_0_1). Large setup violations at the end of those stages might be difficult to fix during the post-placement implementation flow and could be the result of non-optimal XDC constraints or non-optimal design architecture
Related violations: <none>

TIMING-16#304 Warning
Large setup violation  
There is a large setup violation of -21.633 ns between mb_block_i/hdmi_text_controller_0/inst/hdmi_text_controller_v1_0_AXI_inst/slv_regs_reg[2][12]/C (clocked by clk_out1_mb_blink_clk_wiz_1_0_1) and mb_block_i/hdmi_text_controller_0/inst/color_instance/sprite/sprite_collection_rom/sprite_rom/U0/inst_blk_mem_gen/gnbram.gnativebmg.native_blk_mem_gen/valid.cstr/ramloop[3].ram.r/prim_init.ram/DEVICE_7SERIES.NO_BMM_INFO.TRUE_DP.SIMPLE_PRIM36.ram/ADDRBWRADDR[0] (clocked by clk_out1_clk_wiz_0_1). Large setup violations at the end of those stages might be difficult to fix during the post-placement implementation flow and could be the result of non-optimal XDC constraints or non-optimal design architecture
Related violations: <none>

TIMING-16#305 Warning
Large setup violation  
There is a large setup violation of -21.657 ns between mb_block_i/hdmi_text_controller_0/inst/hdmi_text_controller_v1_0_AXI_inst/slv_regs_reg[2][12]/C (clocked by clk_out1_mb_blink_clk_wiz_1_0_1) and mb_block_i/hdmi_text_controller_0/inst/color_instance/sprite/sprite_collection_rom/sprite_rom/U0/inst_blk_mem_gen/gnbram.gnativebmg.native_blk_mem_gen/valid.cstr/ramloop[1].ram.r/prim_init.ram/DEVICE_7SERIES.NO_BMM_INFO.TRUE_DP.SIMPLE_PRIM36.ram/ADDRBWRADDR[3] (clocked by clk_out1_clk_wiz_0_1). Large setup violations at the end of those stages might be difficult to fix during the post-placement implementation flow and could be the result of non-optimal XDC constraints or non-optimal design architecture
Related violations: <none>

TIMING-16#306 Warning
Large setup violation  
There is a large setup violation of -21.662 ns between mb_block_i/hdmi_text_controller_0/inst/hdmi_text_controller_v1_0_AXI_inst/slv_regs_reg[1][8]/C (clocked by clk_out1_mb_blink_clk_wiz_1_0_1) and mb_block_i/hdmi_text_controller_0/inst/color_instance/sprite/sprite_collection_rom/sprite_rom/U0/inst_blk_mem_gen/gnbram.gnativebmg.native_blk_mem_gen/valid.cstr/ramloop[3].ram.r/prim_init.ram/DEVICE_7SERIES.NO_BMM_INFO.TRUE_DP.SIMPLE_PRIM36.ram/ADDRARDADDR[11] (clocked by clk_out1_clk_wiz_0_1). Large setup violations at the end of those stages might be difficult to fix during the post-placement implementation flow and could be the result of non-optimal XDC constraints or non-optimal design architecture
Related violations: <none>

TIMING-16#307 Warning
Large setup violation  
There is a large setup violation of -21.668 ns between mb_block_i/hdmi_text_controller_0/inst/hdmi_text_controller_v1_0_AXI_inst/slv_regs_reg[1][8]/C (clocked by clk_out1_mb_blink_clk_wiz_1_0_1) and mb_block_i/hdmi_text_controller_0/inst/color_instance/sprite/sprite_collection_rom/sprite_rom/U0/inst_blk_mem_gen/gnbram.gnativebmg.native_blk_mem_gen/valid.cstr/ramloop[2].ram.r/prim_init.ram/DEVICE_7SERIES.NO_BMM_INFO.TRUE_DP.SIMPLE_PRIM36.ram/ADDRARDADDR[5] (clocked by clk_out1_clk_wiz_0_1). Large setup violations at the end of those stages might be difficult to fix during the post-placement implementation flow and could be the result of non-optimal XDC constraints or non-optimal design architecture
Related violations: <none>

TIMING-16#308 Warning
Large setup violation  
There is a large setup violation of -21.669 ns between mb_block_i/hdmi_text_controller_0/inst/hdmi_text_controller_v1_0_AXI_inst/slv_regs_reg[1][8]/C (clocked by clk_out1_mb_blink_clk_wiz_1_0_1) and mb_block_i/hdmi_text_controller_0/inst/color_instance/sprite/sprite_collection_rom/sprite_rom/U0/inst_blk_mem_gen/gnbram.gnativebmg.native_blk_mem_gen/valid.cstr/ramloop[2].ram.r/prim_init.ram/DEVICE_7SERIES.NO_BMM_INFO.TRUE_DP.SIMPLE_PRIM36.ram/ADDRARDADDR[7] (clocked by clk_out1_clk_wiz_0_1). Large setup violations at the end of those stages might be difficult to fix during the post-placement implementation flow and could be the result of non-optimal XDC constraints or non-optimal design architecture
Related violations: <none>

TIMING-16#309 Warning
Large setup violation  
There is a large setup violation of -21.671 ns between mb_block_i/hdmi_text_controller_0/inst/hdmi_text_controller_v1_0_AXI_inst/slv_regs_reg[1][8]/C (clocked by clk_out1_mb_blink_clk_wiz_1_0_1) and mb_block_i/hdmi_text_controller_0/inst/color_instance/sprite/sprite_collection_rom/sprite_rom/U0/inst_blk_mem_gen/gnbram.gnativebmg.native_blk_mem_gen/valid.cstr/ramloop[1].ram.r/prim_init.ram/DEVICE_7SERIES.NO_BMM_INFO.TRUE_DP.SIMPLE_PRIM36.ram/ADDRARDADDR[9] (clocked by clk_out1_clk_wiz_0_1). Large setup violations at the end of those stages might be difficult to fix during the post-placement implementation flow and could be the result of non-optimal XDC constraints or non-optimal design architecture
Related violations: <none>

TIMING-16#310 Warning
Large setup violation  
There is a large setup violation of -21.679 ns between mb_block_i/hdmi_text_controller_0/inst/hdmi_text_controller_v1_0_AXI_inst/slv_regs_reg[1][8]/C (clocked by clk_out1_mb_blink_clk_wiz_1_0_1) and mb_block_i/hdmi_text_controller_0/inst/color_instance/sprite/sprite_collection_rom/sprite_rom/U0/inst_blk_mem_gen/gnbram.gnativebmg.native_blk_mem_gen/valid.cstr/ramloop[3].ram.r/prim_init.ram/DEVICE_7SERIES.NO_BMM_INFO.TRUE_DP.SIMPLE_PRIM36.ram/ADDRARDADDR[9] (clocked by clk_out1_clk_wiz_0_1). Large setup violations at the end of those stages might be difficult to fix during the post-placement implementation flow and could be the result of non-optimal XDC constraints or non-optimal design architecture
Related violations: <none>

TIMING-16#311 Warning
Large setup violation  
There is a large setup violation of -21.683 ns between mb_block_i/hdmi_text_controller_0/inst/hdmi_text_controller_v1_0_AXI_inst/slv_regs_reg[1][8]/C (clocked by clk_out1_mb_blink_clk_wiz_1_0_1) and mb_block_i/hdmi_text_controller_0/inst/color_instance/sprite/sprite_collection_rom/sprite_rom/U0/inst_blk_mem_gen/gnbram.gnativebmg.native_blk_mem_gen/valid.cstr/ramloop[0].ram.r/prim_init.ram/DEVICE_7SERIES.NO_BMM_INFO.TRUE_DP.SIMPLE_PRIM36.ram/ADDRARDADDR[2] (clocked by clk_out1_clk_wiz_0_1). Large setup violations at the end of those stages might be difficult to fix during the post-placement implementation flow and could be the result of non-optimal XDC constraints or non-optimal design architecture
Related violations: <none>

TIMING-16#312 Warning
Large setup violation  
There is a large setup violation of -21.689 ns between mb_block_i/hdmi_text_controller_0/inst/hdmi_text_controller_v1_0_AXI_inst/slv_regs_reg[2][12]/C (clocked by clk_out1_mb_blink_clk_wiz_1_0_1) and mb_block_i/hdmi_text_controller_0/inst/color_instance/sprite/sprite_collection_rom/sprite_rom/U0/inst_blk_mem_gen/gnbram.gnativebmg.native_blk_mem_gen/valid.cstr/ramloop[0].ram.r/prim_init.ram/DEVICE_7SERIES.NO_BMM_INFO.TRUE_DP.SIMPLE_PRIM36.ram/ADDRBWRADDR[2] (clocked by clk_out1_clk_wiz_0_1). Large setup violations at the end of those stages might be difficult to fix during the post-placement implementation flow and could be the result of non-optimal XDC constraints or non-optimal design architecture
Related violations: <none>

TIMING-16#313 Warning
Large setup violation  
There is a large setup violation of -21.692 ns between mb_block_i/hdmi_text_controller_0/inst/hdmi_text_controller_v1_0_AXI_inst/slv_regs_reg[1][8]/C (clocked by clk_out1_mb_blink_clk_wiz_1_0_1) and mb_block_i/hdmi_text_controller_0/inst/color_instance/sprite/sprite_collection_rom/sprite_rom/U0/inst_blk_mem_gen/gnbram.gnativebmg.native_blk_mem_gen/valid.cstr/ramloop[0].ram.r/prim_init.ram/DEVICE_7SERIES.NO_BMM_INFO.TRUE_DP.SIMPLE_PRIM36.ram/ADDRARDADDR[11] (clocked by clk_out1_clk_wiz_0_1). Large setup violations at the end of those stages might be difficult to fix during the post-placement implementation flow and could be the result of non-optimal XDC constraints or non-optimal design architecture
Related violations: <none>

TIMING-16#314 Warning
Large setup violation  
There is a large setup violation of -21.728 ns between mb_block_i/hdmi_text_controller_0/inst/hdmi_text_controller_v1_0_AXI_inst/slv_regs_reg[1][8]/C (clocked by clk_out1_mb_blink_clk_wiz_1_0_1) and mb_block_i/hdmi_text_controller_0/inst/color_instance/sprite/sprite_collection_rom/sprite_rom/U0/inst_blk_mem_gen/gnbram.gnativebmg.native_blk_mem_gen/valid.cstr/ramloop[0].ram.r/prim_init.ram/DEVICE_7SERIES.NO_BMM_INFO.TRUE_DP.SIMPLE_PRIM36.ram/ADDRARDADDR[6] (clocked by clk_out1_clk_wiz_0_1). Large setup violations at the end of those stages might be difficult to fix during the post-placement implementation flow and could be the result of non-optimal XDC constraints or non-optimal design architecture
Related violations: <none>

TIMING-16#315 Warning
Large setup violation  
There is a large setup violation of -21.733 ns between mb_block_i/hdmi_text_controller_0/inst/hdmi_text_controller_v1_0_AXI_inst/slv_regs_reg[1][8]/C (clocked by clk_out1_mb_blink_clk_wiz_1_0_1) and mb_block_i/hdmi_text_controller_0/inst/color_instance/sprite/sprite_collection_rom/sprite_rom/U0/inst_blk_mem_gen/gnbram.gnativebmg.native_blk_mem_gen/valid.cstr/ramloop[0].ram.r/prim_init.ram/DEVICE_7SERIES.NO_BMM_INFO.TRUE_DP.SIMPLE_PRIM36.ram/ADDRARDADDR[3] (clocked by clk_out1_clk_wiz_0_1). Large setup violations at the end of those stages might be difficult to fix during the post-placement implementation flow and could be the result of non-optimal XDC constraints or non-optimal design architecture
Related violations: <none>

TIMING-16#316 Warning
Large setup violation  
There is a large setup violation of -21.740 ns between mb_block_i/hdmi_text_controller_0/inst/hdmi_text_controller_v1_0_AXI_inst/slv_regs_reg[1][8]/C (clocked by clk_out1_mb_blink_clk_wiz_1_0_1) and mb_block_i/hdmi_text_controller_0/inst/color_instance/sprite/sprite_collection_rom/sprite_rom/U0/inst_blk_mem_gen/gnbram.gnativebmg.native_blk_mem_gen/valid.cstr/ramloop[2].ram.r/prim_init.ram/DEVICE_7SERIES.NO_BMM_INFO.TRUE_DP.SIMPLE_PRIM36.ram/ADDRARDADDR[9] (clocked by clk_out1_clk_wiz_0_1). Large setup violations at the end of those stages might be difficult to fix during the post-placement implementation flow and could be the result of non-optimal XDC constraints or non-optimal design architecture
Related violations: <none>

TIMING-16#317 Warning
Large setup violation  
There is a large setup violation of -21.741 ns between mb_block_i/hdmi_text_controller_0/inst/hdmi_text_controller_v1_0_AXI_inst/slv_regs_reg[2][12]/C (clocked by clk_out1_mb_blink_clk_wiz_1_0_1) and mb_block_i/hdmi_text_controller_0/inst/color_instance/sprite/sprite_collection_rom/sprite_rom/U0/inst_blk_mem_gen/gnbram.gnativebmg.native_blk_mem_gen/valid.cstr/ramloop[2].ram.r/prim_init.ram/DEVICE_7SERIES.NO_BMM_INFO.TRUE_DP.SIMPLE_PRIM36.ram/ADDRBWRADDR[1] (clocked by clk_out1_clk_wiz_0_1). Large setup violations at the end of those stages might be difficult to fix during the post-placement implementation flow and could be the result of non-optimal XDC constraints or non-optimal design architecture
Related violations: <none>

TIMING-16#318 Warning
Large setup violation  
There is a large setup violation of -21.755 ns between mb_block_i/hdmi_text_controller_0/inst/hdmi_text_controller_v1_0_AXI_inst/slv_regs_reg[1][8]/C (clocked by clk_out1_mb_blink_clk_wiz_1_0_1) and mb_block_i/hdmi_text_controller_0/inst/color_instance/sprite/sprite_collection_rom/sprite_rom/U0/inst_blk_mem_gen/gnbram.gnativebmg.native_blk_mem_gen/valid.cstr/ramloop[2].ram.r/prim_init.ram/DEVICE_7SERIES.NO_BMM_INFO.TRUE_DP.SIMPLE_PRIM36.ram/ADDRARDADDR[10] (clocked by clk_out1_clk_wiz_0_1). Large setup violations at the end of those stages might be difficult to fix during the post-placement implementation flow and could be the result of non-optimal XDC constraints or non-optimal design architecture
Related violations: <none>

TIMING-16#319 Warning
Large setup violation  
There is a large setup violation of -21.771 ns between mb_block_i/hdmi_text_controller_0/inst/hdmi_text_controller_v1_0_AXI_inst/slv_regs_reg[2][12]/C (clocked by clk_out1_mb_blink_clk_wiz_1_0_1) and mb_block_i/hdmi_text_controller_0/inst/color_instance/sprite/sprite_collection_rom/sprite_rom/U0/inst_blk_mem_gen/gnbram.gnativebmg.native_blk_mem_gen/valid.cstr/ramloop[4].ram.r/prim_init.ram/DEVICE_7SERIES.NO_BMM_INFO.TRUE_DP.SIMPLE_PRIM36.ram/ADDRBWRADDR[1] (clocked by clk_out1_clk_wiz_0_1). Large setup violations at the end of those stages might be difficult to fix during the post-placement implementation flow and could be the result of non-optimal XDC constraints or non-optimal design architecture
Related violations: <none>

TIMING-16#320 Warning
Large setup violation  
There is a large setup violation of -21.775 ns between mb_block_i/hdmi_text_controller_0/inst/hdmi_text_controller_v1_0_AXI_inst/slv_regs_reg[2][12]/C (clocked by clk_out1_mb_blink_clk_wiz_1_0_1) and mb_block_i/hdmi_text_controller_0/inst/color_instance/sprite/sprite_collection_rom/sprite_rom/U0/inst_blk_mem_gen/gnbram.gnativebmg.native_blk_mem_gen/valid.cstr/ramloop[0].ram.r/prim_init.ram/DEVICE_7SERIES.NO_BMM_INFO.TRUE_DP.SIMPLE_PRIM36.ram/ADDRBWRADDR[3] (clocked by clk_out1_clk_wiz_0_1). Large setup violations at the end of those stages might be difficult to fix during the post-placement implementation flow and could be the result of non-optimal XDC constraints or non-optimal design architecture
Related violations: <none>

TIMING-16#321 Warning
Large setup violation  
There is a large setup violation of -21.795 ns between mb_block_i/hdmi_text_controller_0/inst/hdmi_text_controller_v1_0_AXI_inst/slv_regs_reg[1][8]/C (clocked by clk_out1_mb_blink_clk_wiz_1_0_1) and mb_block_i/hdmi_text_controller_0/inst/color_instance/sprite/sprite_collection_rom/sprite_rom/U0/inst_blk_mem_gen/gnbram.gnativebmg.native_blk_mem_gen/valid.cstr/ramloop[0].ram.r/prim_init.ram/DEVICE_7SERIES.NO_BMM_INFO.TRUE_DP.SIMPLE_PRIM36.ram/ADDRARDADDR[10] (clocked by clk_out1_clk_wiz_0_1). Large setup violations at the end of those stages might be difficult to fix during the post-placement implementation flow and could be the result of non-optimal XDC constraints or non-optimal design architecture
Related violations: <none>

TIMING-16#322 Warning
Large setup violation  
There is a large setup violation of -21.806 ns between mb_block_i/hdmi_text_controller_0/inst/hdmi_text_controller_v1_0_AXI_inst/slv_regs_reg[1][8]/C (clocked by clk_out1_mb_blink_clk_wiz_1_0_1) and mb_block_i/hdmi_text_controller_0/inst/color_instance/sprite/sprite_collection_rom/sprite_rom/U0/inst_blk_mem_gen/gnbram.gnativebmg.native_blk_mem_gen/valid.cstr/ramloop[2].ram.r/prim_init.ram/DEVICE_7SERIES.NO_BMM_INFO.TRUE_DP.SIMPLE_PRIM36.ram/ADDRARDADDR[8] (clocked by clk_out1_clk_wiz_0_1). Large setup violations at the end of those stages might be difficult to fix during the post-placement implementation flow and could be the result of non-optimal XDC constraints or non-optimal design architecture
Related violations: <none>

TIMING-16#323 Warning
Large setup violation  
There is a large setup violation of -21.814 ns between mb_block_i/hdmi_text_controller_0/inst/hdmi_text_controller_v1_0_AXI_inst/slv_regs_reg[1][8]/C (clocked by clk_out1_mb_blink_clk_wiz_1_0_1) and mb_block_i/hdmi_text_controller_0/inst/color_instance/sprite/sprite_collection_rom/sprite_rom/U0/inst_blk_mem_gen/gnbram.gnativebmg.native_blk_mem_gen/valid.cstr/ramloop[0].ram.r/prim_init.ram/DEVICE_7SERIES.NO_BMM_INFO.TRUE_DP.SIMPLE_PRIM36.ram/ADDRARDADDR[5] (clocked by clk_out1_clk_wiz_0_1). Large setup violations at the end of those stages might be difficult to fix during the post-placement implementation flow and could be the result of non-optimal XDC constraints or non-optimal design architecture
Related violations: <none>

TIMING-16#324 Warning
Large setup violation  
There is a large setup violation of -21.823 ns between mb_block_i/hdmi_text_controller_0/inst/hdmi_text_controller_v1_0_AXI_inst/slv_regs_reg[2][12]/C (clocked by clk_out1_mb_blink_clk_wiz_1_0_1) and mb_block_i/hdmi_text_controller_0/inst/color_instance/sprite/sprite_collection_rom/sprite_rom/U0/inst_blk_mem_gen/gnbram.gnativebmg.native_blk_mem_gen/valid.cstr/ramloop[0].ram.r/prim_init.ram/DEVICE_7SERIES.NO_BMM_INFO.TRUE_DP.SIMPLE_PRIM36.ram/ADDRBWRADDR[1] (clocked by clk_out1_clk_wiz_0_1). Large setup violations at the end of those stages might be difficult to fix during the post-placement implementation flow and could be the result of non-optimal XDC constraints or non-optimal design architecture
Related violations: <none>

TIMING-16#325 Warning
Large setup violation  
There is a large setup violation of -21.824 ns between mb_block_i/hdmi_text_controller_0/inst/hdmi_text_controller_v1_0_AXI_inst/slv_regs_reg[1][8]/C (clocked by clk_out1_mb_blink_clk_wiz_1_0_1) and mb_block_i/hdmi_text_controller_0/inst/color_instance/sprite/sprite_collection_rom/sprite_rom/U0/inst_blk_mem_gen/gnbram.gnativebmg.native_blk_mem_gen/valid.cstr/ramloop[0].ram.r/prim_init.ram/DEVICE_7SERIES.NO_BMM_INFO.TRUE_DP.SIMPLE_PRIM36.ram/ADDRARDADDR[7] (clocked by clk_out1_clk_wiz_0_1). Large setup violations at the end of those stages might be difficult to fix during the post-placement implementation flow and could be the result of non-optimal XDC constraints or non-optimal design architecture
Related violations: <none>

TIMING-16#326 Warning
Large setup violation  
There is a large setup violation of -21.826 ns between mb_block_i/hdmi_text_controller_0/inst/hdmi_text_controller_v1_0_AXI_inst/slv_regs_reg[2][12]/C (clocked by clk_out1_mb_blink_clk_wiz_1_0_1) and mb_block_i/hdmi_text_controller_0/inst/color_instance/sprite/sprite_collection_rom/sprite_rom/U0/inst_blk_mem_gen/gnbram.gnativebmg.native_blk_mem_gen/valid.cstr/ramloop[4].ram.r/prim_init.ram/DEVICE_7SERIES.NO_BMM_INFO.TRUE_DP.SIMPLE_PRIM36.ram/ADDRBWRADDR[0] (clocked by clk_out1_clk_wiz_0_1). Large setup violations at the end of those stages might be difficult to fix during the post-placement implementation flow and could be the result of non-optimal XDC constraints or non-optimal design architecture
Related violations: <none>

TIMING-16#327 Warning
Large setup violation  
There is a large setup violation of -21.829 ns between mb_block_i/hdmi_text_controller_0/inst/hdmi_text_controller_v1_0_AXI_inst/slv_regs_reg[1][8]/C (clocked by clk_out1_mb_blink_clk_wiz_1_0_1) and mb_block_i/hdmi_text_controller_0/inst/color_instance/sprite/sprite_collection_rom/sprite_rom/U0/inst_blk_mem_gen/gnbram.gnativebmg.native_blk_mem_gen/valid.cstr/ramloop[4].ram.r/prim_init.ram/DEVICE_7SERIES.NO_BMM_INFO.TRUE_DP.SIMPLE_PRIM36.ram/ADDRARDADDR[11] (clocked by clk_out1_clk_wiz_0_1). Large setup violations at the end of those stages might be difficult to fix during the post-placement implementation flow and could be the result of non-optimal XDC constraints or non-optimal design architecture
Related violations: <none>

TIMING-16#328 Warning
Large setup violation  
There is a large setup violation of -21.831 ns between mb_block_i/hdmi_text_controller_0/inst/hdmi_text_controller_v1_0_AXI_inst/slv_regs_reg[1][8]/C (clocked by clk_out1_mb_blink_clk_wiz_1_0_1) and mb_block_i/hdmi_text_controller_0/inst/color_instance/sprite/sprite_collection_rom/sprite_rom/U0/inst_blk_mem_gen/gnbram.gnativebmg.native_blk_mem_gen/valid.cstr/ramloop[3].ram.r/prim_init.ram/DEVICE_7SERIES.NO_BMM_INFO.TRUE_DP.SIMPLE_PRIM36.ram/ADDRARDADDR[8] (clocked by clk_out1_clk_wiz_0_1). Large setup violations at the end of those stages might be difficult to fix during the post-placement implementation flow and could be the result of non-optimal XDC constraints or non-optimal design architecture
Related violations: <none>

TIMING-16#329 Warning
Large setup violation  
There is a large setup violation of -21.840 ns between mb_block_i/hdmi_text_controller_0/inst/hdmi_text_controller_v1_0_AXI_inst/slv_regs_reg[1][8]/C (clocked by clk_out1_mb_blink_clk_wiz_1_0_1) and mb_block_i/hdmi_text_controller_0/inst/color_instance/sprite/sprite_collection_rom/sprite_rom/U0/inst_blk_mem_gen/gnbram.gnativebmg.native_blk_mem_gen/valid.cstr/ramloop[3].ram.r/prim_init.ram/DEVICE_7SERIES.NO_BMM_INFO.TRUE_DP.SIMPLE_PRIM36.ram/ADDRBWRADDR[5] (clocked by clk_out1_clk_wiz_0_1). Large setup violations at the end of those stages might be difficult to fix during the post-placement implementation flow and could be the result of non-optimal XDC constraints or non-optimal design architecture
Related violations: <none>

TIMING-16#330 Warning
Large setup violation  
There is a large setup violation of -21.848 ns between mb_block_i/hdmi_text_controller_0/inst/hdmi_text_controller_v1_0_AXI_inst/slv_regs_reg[2][12]/C (clocked by clk_out1_mb_blink_clk_wiz_1_0_1) and mb_block_i/hdmi_text_controller_0/inst/color_instance/sprite/sprite_collection_rom/sprite_rom/U0/inst_blk_mem_gen/gnbram.gnativebmg.native_blk_mem_gen/valid.cstr/ramloop[2].ram.r/prim_init.ram/DEVICE_7SERIES.NO_BMM_INFO.TRUE_DP.SIMPLE_PRIM36.ram/ADDRARDADDR[12] (clocked by clk_out1_clk_wiz_0_1). Large setup violations at the end of those stages might be difficult to fix during the post-placement implementation flow and could be the result of non-optimal XDC constraints or non-optimal design architecture
Related violations: <none>

TIMING-16#331 Warning
Large setup violation  
There is a large setup violation of -21.854 ns between mb_block_i/hdmi_text_controller_0/inst/hdmi_text_controller_v1_0_AXI_inst/slv_regs_reg[2][12]/C (clocked by clk_out1_mb_blink_clk_wiz_1_0_1) and mb_block_i/hdmi_text_controller_0/inst/color_instance/sprite/sprite_collection_rom/sprite_rom/U0/inst_blk_mem_gen/gnbram.gnativebmg.native_blk_mem_gen/valid.cstr/ramloop[3].ram.r/prim_init.ram/DEVICE_7SERIES.NO_BMM_INFO.TRUE_DP.SIMPLE_PRIM36.ram/ADDRARDADDR[12] (clocked by clk_out1_clk_wiz_0_1). Large setup violations at the end of those stages might be difficult to fix during the post-placement implementation flow and could be the result of non-optimal XDC constraints or non-optimal design architecture
Related violations: <none>

TIMING-16#332 Warning
Large setup violation  
There is a large setup violation of -21.865 ns between mb_block_i/hdmi_text_controller_0/inst/hdmi_text_controller_v1_0_AXI_inst/slv_regs_reg[2][12]/C (clocked by clk_out1_mb_blink_clk_wiz_1_0_1) and mb_block_i/hdmi_text_controller_0/inst/color_instance/sprite/sprite_collection_rom/sprite_rom/U0/inst_blk_mem_gen/gnbram.gnativebmg.native_blk_mem_gen/valid.cstr/ramloop[3].ram.r/prim_init.ram/DEVICE_7SERIES.NO_BMM_INFO.TRUE_DP.SIMPLE_PRIM36.ram/ADDRBWRADDR[3] (clocked by clk_out1_clk_wiz_0_1). Large setup violations at the end of those stages might be difficult to fix during the post-placement implementation flow and could be the result of non-optimal XDC constraints or non-optimal design architecture
Related violations: <none>

TIMING-16#333 Warning
Large setup violation  
There is a large setup violation of -21.872 ns between mb_block_i/hdmi_text_controller_0/inst/hdmi_text_controller_v1_0_AXI_inst/slv_regs_reg[2][12]/C (clocked by clk_out1_mb_blink_clk_wiz_1_0_1) and mb_block_i/hdmi_text_controller_0/inst/color_instance/sprite/sprite_collection_rom/sprite_rom/U0/inst_blk_mem_gen/gnbram.gnativebmg.native_blk_mem_gen/valid.cstr/ramloop[1].ram.r/prim_init.ram/DEVICE_7SERIES.NO_BMM_INFO.TRUE_DP.SIMPLE_PRIM36.ram/ADDRBWRADDR[0] (clocked by clk_out1_clk_wiz_0_1). Large setup violations at the end of those stages might be difficult to fix during the post-placement implementation flow and could be the result of non-optimal XDC constraints or non-optimal design architecture
Related violations: <none>

TIMING-16#334 Warning
Large setup violation  
There is a large setup violation of -21.877 ns between mb_block_i/hdmi_text_controller_0/inst/hdmi_text_controller_v1_0_AXI_inst/slv_regs_reg[1][8]/C (clocked by clk_out1_mb_blink_clk_wiz_1_0_1) and mb_block_i/hdmi_text_controller_0/inst/color_instance/sprite/sprite_collection_rom/sprite_rom/U0/inst_blk_mem_gen/gnbram.gnativebmg.native_blk_mem_gen/valid.cstr/ramloop[0].ram.r/prim_init.ram/DEVICE_7SERIES.NO_BMM_INFO.TRUE_DP.SIMPLE_PRIM36.ram/ADDRARDADDR[8] (clocked by clk_out1_clk_wiz_0_1). Large setup violations at the end of those stages might be difficult to fix during the post-placement implementation flow and could be the result of non-optimal XDC constraints or non-optimal design architecture
Related violations: <none>

TIMING-16#335 Warning
Large setup violation  
There is a large setup violation of -21.884 ns between mb_block_i/hdmi_text_controller_0/inst/hdmi_text_controller_v1_0_AXI_inst/slv_regs_reg[1][8]/C (clocked by clk_out1_mb_blink_clk_wiz_1_0_1) and mb_block_i/hdmi_text_controller_0/inst/color_instance/sprite/sprite_collection_rom/sprite_rom/U0/inst_blk_mem_gen/gnbram.gnativebmg.native_blk_mem_gen/valid.cstr/ramloop[4].ram.r/prim_init.ram/DEVICE_7SERIES.NO_BMM_INFO.TRUE_DP.SIMPLE_PRIM36.ram/ADDRARDADDR[9] (clocked by clk_out1_clk_wiz_0_1). Large setup violations at the end of those stages might be difficult to fix during the post-placement implementation flow and could be the result of non-optimal XDC constraints or non-optimal design architecture
Related violations: <none>

TIMING-16#336 Warning
Large setup violation  
There is a large setup violation of -21.885 ns between mb_block_i/hdmi_text_controller_0/inst/hdmi_text_controller_v1_0_AXI_inst/slv_regs_reg[1][8]/C (clocked by clk_out1_mb_blink_clk_wiz_1_0_1) and mb_block_i/hdmi_text_controller_0/inst/color_instance/sprite/sprite_collection_rom/sprite_rom/U0/inst_blk_mem_gen/gnbram.gnativebmg.native_blk_mem_gen/valid.cstr/ramloop[1].ram.r/prim_init.ram/DEVICE_7SERIES.NO_BMM_INFO.TRUE_DP.SIMPLE_PRIM36.ram/ADDRBWRADDR[4] (clocked by clk_out1_clk_wiz_0_1). Large setup violations at the end of those stages might be difficult to fix during the post-placement implementation flow and could be the result of non-optimal XDC constraints or non-optimal design architecture
Related violations: <none>

TIMING-16#337 Warning
Large setup violation  
There is a large setup violation of -21.902 ns between mb_block_i/hdmi_text_controller_0/inst/hdmi_text_controller_v1_0_AXI_inst/slv_regs_reg[1][8]/C (clocked by clk_out1_mb_blink_clk_wiz_1_0_1) and mb_block_i/hdmi_text_controller_0/inst/color_instance/sprite/sprite_collection_rom/sprite_rom/U0/inst_blk_mem_gen/gnbram.gnativebmg.native_blk_mem_gen/valid.cstr/ramloop[4].ram.r/prim_init.ram/DEVICE_7SERIES.NO_BMM_INFO.TRUE_DP.SIMPLE_PRIM36.ram/ADDRARDADDR[10] (clocked by clk_out1_clk_wiz_0_1). Large setup violations at the end of those stages might be difficult to fix during the post-placement implementation flow and could be the result of non-optimal XDC constraints or non-optimal design architecture
Related violations: <none>

TIMING-16#338 Warning
Large setup violation  
There is a large setup violation of -21.907 ns between mb_block_i/hdmi_text_controller_0/inst/hdmi_text_controller_v1_0_AXI_inst/slv_regs_reg[1][8]/C (clocked by clk_out1_mb_blink_clk_wiz_1_0_1) and mb_block_i/hdmi_text_controller_0/inst/color_instance/sprite/sprite_collection_rom/sprite_rom/U0/inst_blk_mem_gen/gnbram.gnativebmg.native_blk_mem_gen/valid.cstr/ramloop[4].ram.r/prim_init.ram/DEVICE_7SERIES.NO_BMM_INFO.TRUE_DP.SIMPLE_PRIM36.ram/ADDRBWRADDR[5] (clocked by clk_out1_clk_wiz_0_1). Large setup violations at the end of those stages might be difficult to fix during the post-placement implementation flow and could be the result of non-optimal XDC constraints or non-optimal design architecture
Related violations: <none>

TIMING-16#339 Warning
Large setup violation  
There is a large setup violation of -21.913 ns between mb_block_i/hdmi_text_controller_0/inst/hdmi_text_controller_v1_0_AXI_inst/slv_regs_reg[2][12]/C (clocked by clk_out1_mb_blink_clk_wiz_1_0_1) and mb_block_i/hdmi_text_controller_0/inst/color_instance/sprite/sprite_collection_rom/sprite_rom/U0/inst_blk_mem_gen/gnbram.gnativebmg.native_blk_mem_gen/valid.cstr/ramloop[0].ram.r/prim_init.ram/DEVICE_7SERIES.NO_BMM_INFO.TRUE_DP.SIMPLE_PRIM36.ram/ADDRARDADDR[12] (clocked by clk_out1_clk_wiz_0_1). Large setup violations at the end of those stages might be difficult to fix during the post-placement implementation flow and could be the result of non-optimal XDC constraints or non-optimal design architecture
Related violations: <none>

TIMING-16#340 Warning
Large setup violation  
There is a large setup violation of -21.928 ns between mb_block_i/hdmi_text_controller_0/inst/hdmi_text_controller_v1_0_AXI_inst/slv_regs_reg[1][8]/C (clocked by clk_out1_mb_blink_clk_wiz_1_0_1) and mb_block_i/hdmi_text_controller_0/inst/color_instance/sprite/sprite_collection_rom/sprite_rom/U0/inst_blk_mem_gen/gnbram.gnativebmg.native_blk_mem_gen/valid.cstr/ramloop[3].ram.r/prim_init.ram/DEVICE_7SERIES.NO_BMM_INFO.TRUE_DP.SIMPLE_PRIM36.ram/ADDRBWRADDR[4] (clocked by clk_out1_clk_wiz_0_1). Large setup violations at the end of those stages might be difficult to fix during the post-placement implementation flow and could be the result of non-optimal XDC constraints or non-optimal design architecture
Related violations: <none>

TIMING-16#341 Warning
Large setup violation  
There is a large setup violation of -21.932 ns between mb_block_i/hdmi_text_controller_0/inst/hdmi_text_controller_v1_0_AXI_inst/slv_regs_reg[2][12]/C (clocked by clk_out1_mb_blink_clk_wiz_1_0_1) and mb_block_i/hdmi_text_controller_0/inst/color_instance/sprite/sprite_collection_rom/sprite_rom/U0/inst_blk_mem_gen/gnbram.gnativebmg.native_blk_mem_gen/valid.cstr/ramloop[4].ram.r/prim_init.ram/DEVICE_7SERIES.NO_BMM_INFO.TRUE_DP.SIMPLE_PRIM36.ram/ADDRBWRADDR[3] (clocked by clk_out1_clk_wiz_0_1). Large setup violations at the end of those stages might be difficult to fix during the post-placement implementation flow and could be the result of non-optimal XDC constraints or non-optimal design architecture
Related violations: <none>

TIMING-16#342 Warning
Large setup violation  
There is a large setup violation of -21.955 ns between mb_block_i/hdmi_text_controller_0/inst/hdmi_text_controller_v1_0_AXI_inst/slv_regs_reg[2][12]/C (clocked by clk_out1_mb_blink_clk_wiz_1_0_1) and mb_block_i/hdmi_text_controller_0/inst/color_instance/sprite/sprite_collection_rom/sprite_rom/U0/inst_blk_mem_gen/gnbram.gnativebmg.native_blk_mem_gen/valid.cstr/ramloop[2].ram.r/prim_init.ram/DEVICE_7SERIES.NO_BMM_INFO.TRUE_DP.SIMPLE_PRIM36.ram/ADDRBWRADDR[0] (clocked by clk_out1_clk_wiz_0_1). Large setup violations at the end of those stages might be difficult to fix during the post-placement implementation flow and could be the result of non-optimal XDC constraints or non-optimal design architecture
Related violations: <none>

TIMING-16#343 Warning
Large setup violation  
There is a large setup violation of -21.977 ns between mb_block_i/hdmi_text_controller_0/inst/hdmi_text_controller_v1_0_AXI_inst/slv_regs_reg[1][8]/C (clocked by clk_out1_mb_blink_clk_wiz_1_0_1) and mb_block_i/hdmi_text_controller_0/inst/color_instance/sprite/sprite_collection_rom/sprite_rom/U0/inst_blk_mem_gen/gnbram.gnativebmg.native_blk_mem_gen/valid.cstr/ramloop[3].ram.r/prim_init.ram/DEVICE_7SERIES.NO_BMM_INFO.TRUE_DP.SIMPLE_PRIM36.ram/ADDRBWRADDR[7] (clocked by clk_out1_clk_wiz_0_1). Large setup violations at the end of those stages might be difficult to fix during the post-placement implementation flow and could be the result of non-optimal XDC constraints or non-optimal design architecture
Related violations: <none>

TIMING-16#344 Warning
Large setup violation  
There is a large setup violation of -22.000 ns between mb_block_i/hdmi_text_controller_0/inst/hdmi_text_controller_v1_0_AXI_inst/slv_regs_reg[2][12]/C (clocked by clk_out1_mb_blink_clk_wiz_1_0_1) and mb_block_i/hdmi_text_controller_0/inst/color_instance/sprite/sprite_collection_rom/sprite_rom/U0/inst_blk_mem_gen/gnbram.gnativebmg.native_blk_mem_gen/valid.cstr/ramloop[4].ram.r/prim_init.ram/DEVICE_7SERIES.NO_BMM_INFO.TRUE_DP.SIMPLE_PRIM36.ram/ADDRARDADDR[12] (clocked by clk_out1_clk_wiz_0_1). Large setup violations at the end of those stages might be difficult to fix during the post-placement implementation flow and could be the result of non-optimal XDC constraints or non-optimal design architecture
Related violations: <none>

TIMING-16#345 Warning
Large setup violation  
There is a large setup violation of -22.001 ns between mb_block_i/hdmi_text_controller_0/inst/hdmi_text_controller_v1_0_AXI_inst/slv_regs_reg[1][8]/C (clocked by clk_out1_mb_blink_clk_wiz_1_0_1) and mb_block_i/hdmi_text_controller_0/inst/color_instance/sprite/sprite_collection_rom/sprite_rom/U0/inst_blk_mem_gen/gnbram.gnativebmg.native_blk_mem_gen/valid.cstr/ramloop[4].ram.r/prim_init.ram/DEVICE_7SERIES.NO_BMM_INFO.TRUE_DP.SIMPLE_PRIM36.ram/ADDRARDADDR[8] (clocked by clk_out1_clk_wiz_0_1). Large setup violations at the end of those stages might be difficult to fix during the post-placement implementation flow and could be the result of non-optimal XDC constraints or non-optimal design architecture
Related violations: <none>

TIMING-16#346 Warning
Large setup violation  
There is a large setup violation of -22.008 ns between mb_block_i/hdmi_text_controller_0/inst/hdmi_text_controller_v1_0_AXI_inst/slv_regs_reg[1][8]/C (clocked by clk_out1_mb_blink_clk_wiz_1_0_1) and mb_block_i/hdmi_text_controller_0/inst/color_instance/sprite/sprite_collection_rom/sprite_rom/U0/inst_blk_mem_gen/gnbram.gnativebmg.native_blk_mem_gen/valid.cstr/ramloop[1].ram.r/prim_init.ram/DEVICE_7SERIES.NO_BMM_INFO.TRUE_DP.SIMPLE_PRIM36.ram/ADDRBWRADDR[5] (clocked by clk_out1_clk_wiz_0_1). Large setup violations at the end of those stages might be difficult to fix during the post-placement implementation flow and could be the result of non-optimal XDC constraints or non-optimal design architecture
Related violations: <none>

TIMING-16#347 Warning
Large setup violation  
There is a large setup violation of -22.019 ns between mb_block_i/hdmi_text_controller_0/inst/hdmi_text_controller_v1_0_AXI_inst/slv_regs_reg[2][12]/C (clocked by clk_out1_mb_blink_clk_wiz_1_0_1) and mb_block_i/hdmi_text_controller_0/inst/color_instance/sprite/sprite_collection_rom/sprite_rom/U0/inst_blk_mem_gen/gnbram.gnativebmg.native_blk_mem_gen/valid.cstr/ramloop[0].ram.r/prim_init.ram/DEVICE_7SERIES.NO_BMM_INFO.TRUE_DP.SIMPLE_PRIM36.ram/ADDRBWRADDR[0] (clocked by clk_out1_clk_wiz_0_1). Large setup violations at the end of those stages might be difficult to fix during the post-placement implementation flow and could be the result of non-optimal XDC constraints or non-optimal design architecture
Related violations: <none>

TIMING-16#348 Warning
Large setup violation  
There is a large setup violation of -22.030 ns between mb_block_i/hdmi_text_controller_0/inst/hdmi_text_controller_v1_0_AXI_inst/slv_regs_reg[2][12]/C (clocked by clk_out1_mb_blink_clk_wiz_1_0_1) and mb_block_i/hdmi_text_controller_0/inst/color_instance/sprite/sprite_collection_rom/sprite_rom/U0/inst_blk_mem_gen/gnbram.gnativebmg.native_blk_mem_gen/valid.cstr/ramloop[1].ram.r/prim_init.ram/DEVICE_7SERIES.NO_BMM_INFO.TRUE_DP.SIMPLE_PRIM36.ram/ADDRARDADDR[13] (clocked by clk_out1_clk_wiz_0_1). Large setup violations at the end of those stages might be difficult to fix during the post-placement implementation flow and could be the result of non-optimal XDC constraints or non-optimal design architecture
Related violations: <none>

TIMING-16#349 Warning
Large setup violation  
There is a large setup violation of -22.077 ns between mb_block_i/hdmi_text_controller_0/inst/hdmi_text_controller_v1_0_AXI_inst/slv_regs_reg[1][8]/C (clocked by clk_out1_mb_blink_clk_wiz_1_0_1) and mb_block_i/hdmi_text_controller_0/inst/color_instance/sprite/sprite_collection_rom/sprite_rom/U0/inst_blk_mem_gen/gnbram.gnativebmg.native_blk_mem_gen/valid.cstr/ramloop[2].ram.r/prim_init.ram/DEVICE_7SERIES.NO_BMM_INFO.TRUE_DP.SIMPLE_PRIM36.ram/ADDRBWRADDR[4] (clocked by clk_out1_clk_wiz_0_1). Large setup violations at the end of those stages might be difficult to fix during the post-placement implementation flow and could be the result of non-optimal XDC constraints or non-optimal design architecture
Related violations: <none>

TIMING-16#350 Warning
Large setup violation  
There is a large setup violation of -22.085 ns between mb_block_i/hdmi_text_controller_0/inst/hdmi_text_controller_v1_0_AXI_inst/slv_regs_reg[1][8]/C (clocked by clk_out1_mb_blink_clk_wiz_1_0_1) and mb_block_i/hdmi_text_controller_0/inst/color_instance/sprite/sprite_collection_rom/sprite_rom/U0/inst_blk_mem_gen/gnbram.gnativebmg.native_blk_mem_gen/valid.cstr/ramloop[1].ram.r/prim_init.ram/DEVICE_7SERIES.NO_BMM_INFO.TRUE_DP.SIMPLE_PRIM36.ram/ADDRBWRADDR[6] (clocked by clk_out1_clk_wiz_0_1). Large setup violations at the end of those stages might be difficult to fix during the post-placement implementation flow and could be the result of non-optimal XDC constraints or non-optimal design architecture
Related violations: <none>

TIMING-16#351 Warning
Large setup violation  
There is a large setup violation of -22.086 ns between mb_block_i/hdmi_text_controller_0/inst/hdmi_text_controller_v1_0_AXI_inst/slv_regs_reg[1][8]/C (clocked by clk_out1_mb_blink_clk_wiz_1_0_1) and mb_block_i/hdmi_text_controller_0/inst/color_instance/sprite/sprite_collection_rom/sprite_rom/U0/inst_blk_mem_gen/gnbram.gnativebmg.native_blk_mem_gen/valid.cstr/ramloop[0].ram.r/prim_init.ram/DEVICE_7SERIES.NO_BMM_INFO.TRUE_DP.SIMPLE_PRIM36.ram/ADDRARDADDR[9] (clocked by clk_out1_clk_wiz_0_1). Large setup violations at the end of those stages might be difficult to fix during the post-placement implementation flow and could be the result of non-optimal XDC constraints or non-optimal design architecture
Related violations: <none>

TIMING-16#352 Warning
Large setup violation  
There is a large setup violation of -22.093 ns between mb_block_i/hdmi_text_controller_0/inst/hdmi_text_controller_v1_0_AXI_inst/slv_regs_reg[1][8]/C (clocked by clk_out1_mb_blink_clk_wiz_1_0_1) and mb_block_i/hdmi_text_controller_0/inst/color_instance/sprite/sprite_collection_rom/sprite_rom/U0/inst_blk_mem_gen/gnbram.gnativebmg.native_blk_mem_gen/valid.cstr/ramloop[1].ram.r/prim_init.ram/DEVICE_7SERIES.NO_BMM_INFO.TRUE_DP.SIMPLE_PRIM36.ram/ADDRBWRADDR[10] (clocked by clk_out1_clk_wiz_0_1). Large setup violations at the end of those stages might be difficult to fix during the post-placement implementation flow and could be the result of non-optimal XDC constraints or non-optimal design architecture
Related violations: <none>

TIMING-16#353 Warning
Large setup violation  
There is a large setup violation of -22.137 ns between mb_block_i/hdmi_text_controller_0/inst/hdmi_text_controller_v1_0_AXI_inst/slv_regs_reg[1][8]/C (clocked by clk_out1_mb_blink_clk_wiz_1_0_1) and mb_block_i/hdmi_text_controller_0/inst/color_instance/sprite/sprite_collection_rom/sprite_rom/U0/inst_blk_mem_gen/gnbram.gnativebmg.native_blk_mem_gen/valid.cstr/ramloop[1].ram.r/prim_init.ram/DEVICE_7SERIES.NO_BMM_INFO.TRUE_DP.SIMPLE_PRIM36.ram/ADDRBWRADDR[11] (clocked by clk_out1_clk_wiz_0_1). Large setup violations at the end of those stages might be difficult to fix during the post-placement implementation flow and could be the result of non-optimal XDC constraints or non-optimal design architecture
Related violations: <none>

TIMING-16#354 Warning
Large setup violation  
There is a large setup violation of -22.142 ns between mb_block_i/hdmi_text_controller_0/inst/hdmi_text_controller_v1_0_AXI_inst/slv_regs_reg[2][12]/C (clocked by clk_out1_mb_blink_clk_wiz_1_0_1) and mb_block_i/hdmi_text_controller_0/inst/color_instance/sprite/sprite_collection_rom/sprite_rom/U0/inst_blk_mem_gen/gnbram.gnativebmg.native_blk_mem_gen/valid.cstr/ramloop[1].ram.r/prim_init.ram/DEVICE_7SERIES.NO_BMM_INFO.TRUE_DP.SIMPLE_PRIM36.ram/ADDRARDADDR[14] (clocked by clk_out1_clk_wiz_0_1). Large setup violations at the end of those stages might be difficult to fix during the post-placement implementation flow and could be the result of non-optimal XDC constraints or non-optimal design architecture
Related violations: <none>

TIMING-16#355 Warning
Large setup violation  
There is a large setup violation of -22.151 ns between mb_block_i/hdmi_text_controller_0/inst/hdmi_text_controller_v1_0_AXI_inst/slv_regs_reg[1][8]/C (clocked by clk_out1_mb_blink_clk_wiz_1_0_1) and mb_block_i/hdmi_text_controller_0/inst/color_instance/sprite/sprite_collection_rom/sprite_rom/U0/inst_blk_mem_gen/gnbram.gnativebmg.native_blk_mem_gen/valid.cstr/ramloop[0].ram.r/prim_init.ram/DEVICE_7SERIES.NO_BMM_INFO.TRUE_DP.SIMPLE_PRIM36.ram/ADDRBWRADDR[4] (clocked by clk_out1_clk_wiz_0_1). Large setup violations at the end of those stages might be difficult to fix during the post-placement implementation flow and could be the result of non-optimal XDC constraints or non-optimal design architecture
Related violations: <none>

TIMING-16#356 Warning
Large setup violation  
There is a large setup violation of -22.172 ns between mb_block_i/hdmi_text_controller_0/inst/hdmi_text_controller_v1_0_AXI_inst/slv_regs_reg[2][12]/C (clocked by clk_out1_mb_blink_clk_wiz_1_0_1) and mb_block_i/hdmi_text_controller_0/inst/color_instance/sprite/sprite_collection_rom/sprite_rom/U0/inst_blk_mem_gen/gnbram.gnativebmg.native_blk_mem_gen/valid.cstr/ramloop[2].ram.r/prim_init.ram/DEVICE_7SERIES.NO_BMM_INFO.TRUE_DP.SIMPLE_PRIM36.ram/ADDRARDADDR[13] (clocked by clk_out1_clk_wiz_0_1). Large setup violations at the end of those stages might be difficult to fix during the post-placement implementation flow and could be the result of non-optimal XDC constraints or non-optimal design architecture
Related violations: <none>

TIMING-16#357 Warning
Large setup violation  
There is a large setup violation of -22.184 ns between mb_block_i/hdmi_text_controller_0/inst/hdmi_text_controller_v1_0_AXI_inst/slv_regs_reg[2][12]/C (clocked by clk_out1_mb_blink_clk_wiz_1_0_1) and mb_block_i/hdmi_text_controller_0/inst/color_instance/sprite/sprite_collection_rom/sprite_rom/U0/inst_blk_mem_gen/gnbram.gnativebmg.native_blk_mem_gen/valid.cstr/ramloop[2].ram.r/prim_init.ram/DEVICE_7SERIES.NO_BMM_INFO.TRUE_DP.SIMPLE_PRIM36.ram/ADDRARDADDR[14] (clocked by clk_out1_clk_wiz_0_1). Large setup violations at the end of those stages might be difficult to fix during the post-placement implementation flow and could be the result of non-optimal XDC constraints or non-optimal design architecture
Related violations: <none>

TIMING-16#358 Warning
Large setup violation  
There is a large setup violation of -22.203 ns between mb_block_i/hdmi_text_controller_0/inst/hdmi_text_controller_v1_0_AXI_inst/slv_regs_reg[1][8]/C (clocked by clk_out1_mb_blink_clk_wiz_1_0_1) and mb_block_i/hdmi_text_controller_0/inst/color_instance/sprite/sprite_collection_rom/sprite_rom/U0/inst_blk_mem_gen/gnbram.gnativebmg.native_blk_mem_gen/valid.cstr/ramloop[2].ram.r/prim_init.ram/DEVICE_7SERIES.NO_BMM_INFO.TRUE_DP.SIMPLE_PRIM36.ram/ADDRBWRADDR[5] (clocked by clk_out1_clk_wiz_0_1). Large setup violations at the end of those stages might be difficult to fix during the post-placement implementation flow and could be the result of non-optimal XDC constraints or non-optimal design architecture
Related violations: <none>

TIMING-16#359 Warning
Large setup violation  
There is a large setup violation of -22.230 ns between mb_block_i/hdmi_text_controller_0/inst/hdmi_text_controller_v1_0_AXI_inst/slv_regs_reg[1][8]/C (clocked by clk_out1_mb_blink_clk_wiz_1_0_1) and mb_block_i/hdmi_text_controller_0/inst/color_instance/sprite/sprite_collection_rom/sprite_rom/U0/inst_blk_mem_gen/gnbram.gnativebmg.native_blk_mem_gen/valid.cstr/ramloop[2].ram.r/prim_init.ram/DEVICE_7SERIES.NO_BMM_INFO.TRUE_DP.SIMPLE_PRIM36.ram/ADDRBWRADDR[6] (clocked by clk_out1_clk_wiz_0_1). Large setup violations at the end of those stages might be difficult to fix during the post-placement implementation flow and could be the result of non-optimal XDC constraints or non-optimal design architecture
Related violations: <none>

TIMING-16#360 Warning
Large setup violation  
There is a large setup violation of -22.233 ns between mb_block_i/hdmi_text_controller_0/inst/hdmi_text_controller_v1_0_AXI_inst/slv_regs_reg[1][8]/C (clocked by clk_out1_mb_blink_clk_wiz_1_0_1) and mb_block_i/hdmi_text_controller_0/inst/color_instance/sprite/sprite_collection_rom/sprite_rom/U0/inst_blk_mem_gen/gnbram.gnativebmg.native_blk_mem_gen/valid.cstr/ramloop[1].ram.r/prim_init.ram/DEVICE_7SERIES.NO_BMM_INFO.TRUE_DP.SIMPLE_PRIM36.ram/ADDRBWRADDR[7] (clocked by clk_out1_clk_wiz_0_1). Large setup violations at the end of those stages might be difficult to fix during the post-placement implementation flow and could be the result of non-optimal XDC constraints or non-optimal design architecture
Related violations: <none>

TIMING-16#361 Warning
Large setup violation  
There is a large setup violation of -22.238 ns between mb_block_i/hdmi_text_controller_0/inst/hdmi_text_controller_v1_0_AXI_inst/slv_regs_reg[2][12]/C (clocked by clk_out1_mb_blink_clk_wiz_1_0_1) and mb_block_i/hdmi_text_controller_0/inst/color_instance/sprite/sprite_collection_rom/sprite_rom/U0/inst_blk_mem_gen/gnbram.gnativebmg.native_blk_mem_gen/valid.cstr/ramloop[3].ram.r/prim_init.ram/DEVICE_7SERIES.NO_BMM_INFO.TRUE_DP.SIMPLE_PRIM36.ram/ADDRARDADDR[13] (clocked by clk_out1_clk_wiz_0_1). Large setup violations at the end of those stages might be difficult to fix during the post-placement implementation flow and could be the result of non-optimal XDC constraints or non-optimal design architecture
Related violations: <none>

TIMING-16#362 Warning
Large setup violation  
There is a large setup violation of -22.239 ns between mb_block_i/hdmi_text_controller_0/inst/hdmi_text_controller_v1_0_AXI_inst/slv_regs_reg[1][8]/C (clocked by clk_out1_mb_blink_clk_wiz_1_0_1) and mb_block_i/hdmi_text_controller_0/inst/color_instance/sprite/sprite_collection_rom/sprite_rom/U0/inst_blk_mem_gen/gnbram.gnativebmg.native_blk_mem_gen/valid.cstr/ramloop[4].ram.r/prim_init.ram/DEVICE_7SERIES.NO_BMM_INFO.TRUE_DP.SIMPLE_PRIM36.ram/ADDRBWRADDR[4] (clocked by clk_out1_clk_wiz_0_1). Large setup violations at the end of those stages might be difficult to fix during the post-placement implementation flow and could be the result of non-optimal XDC constraints or non-optimal design architecture
Related violations: <none>

TIMING-16#363 Warning
Large setup violation  
There is a large setup violation of -22.249 ns between mb_block_i/hdmi_text_controller_0/inst/hdmi_text_controller_v1_0_AXI_inst/slv_regs_reg[1][8]/C (clocked by clk_out1_mb_blink_clk_wiz_1_0_1) and mb_block_i/hdmi_text_controller_0/inst/color_instance/sprite/sprite_collection_rom/sprite_rom/U0/inst_blk_mem_gen/gnbram.gnativebmg.native_blk_mem_gen/valid.cstr/ramloop[3].ram.r/prim_init.ram/DEVICE_7SERIES.NO_BMM_INFO.TRUE_DP.SIMPLE_PRIM36.ram/ADDRBWRADDR[6] (clocked by clk_out1_clk_wiz_0_1). Large setup violations at the end of those stages might be difficult to fix during the post-placement implementation flow and could be the result of non-optimal XDC constraints or non-optimal design architecture
Related violations: <none>

TIMING-16#364 Warning
Large setup violation  
There is a large setup violation of -22.263 ns between mb_block_i/hdmi_text_controller_0/inst/hdmi_text_controller_v1_0_AXI_inst/slv_regs_reg[1][8]/C (clocked by clk_out1_mb_blink_clk_wiz_1_0_1) and mb_block_i/hdmi_text_controller_0/inst/color_instance/sprite/sprite_collection_rom/sprite_rom/U0/inst_blk_mem_gen/gnbram.gnativebmg.native_blk_mem_gen/valid.cstr/ramloop[0].ram.r/prim_init.ram/DEVICE_7SERIES.NO_BMM_INFO.TRUE_DP.SIMPLE_PRIM36.ram/ADDRBWRADDR[5] (clocked by clk_out1_clk_wiz_0_1). Large setup violations at the end of those stages might be difficult to fix during the post-placement implementation flow and could be the result of non-optimal XDC constraints or non-optimal design architecture
Related violations: <none>

TIMING-16#365 Warning
Large setup violation  
There is a large setup violation of -22.273 ns between mb_block_i/hdmi_text_controller_0/inst/hdmi_text_controller_v1_0_AXI_inst/slv_regs_reg[2][12]/C (clocked by clk_out1_mb_blink_clk_wiz_1_0_1) and mb_block_i/hdmi_text_controller_0/inst/color_instance/sprite/sprite_collection_rom/sprite_rom/U0/inst_blk_mem_gen/gnbram.gnativebmg.native_blk_mem_gen/valid.cstr/ramloop[3].ram.r/prim_init.ram/DEVICE_7SERIES.NO_BMM_INFO.TRUE_DP.SIMPLE_PRIM36.ram/ADDRARDADDR[14] (clocked by clk_out1_clk_wiz_0_1). Large setup violations at the end of those stages might be difficult to fix during the post-placement implementation flow and could be the result of non-optimal XDC constraints or non-optimal design architecture
Related violations: <none>

TIMING-16#366 Warning
Large setup violation  
There is a large setup violation of -22.289 ns between mb_block_i/hdmi_text_controller_0/inst/hdmi_text_controller_v1_0_AXI_inst/slv_regs_reg[1][8]/C (clocked by clk_out1_mb_blink_clk_wiz_1_0_1) and mb_block_i/hdmi_text_controller_0/inst/color_instance/sprite/sprite_collection_rom/sprite_rom/U0/inst_blk_mem_gen/gnbram.gnativebmg.native_blk_mem_gen/valid.cstr/ramloop[3].ram.r/prim_init.ram/DEVICE_7SERIES.NO_BMM_INFO.TRUE_DP.SIMPLE_PRIM36.ram/ADDRBWRADDR[11] (clocked by clk_out1_clk_wiz_0_1). Large setup violations at the end of those stages might be difficult to fix during the post-placement implementation flow and could be the result of non-optimal XDC constraints or non-optimal design architecture
Related violations: <none>

TIMING-16#367 Warning
Large setup violation  
There is a large setup violation of -22.295 ns between mb_block_i/hdmi_text_controller_0/inst/hdmi_text_controller_v1_0_AXI_inst/slv_regs_reg[2][12]/C (clocked by clk_out1_mb_blink_clk_wiz_1_0_1) and mb_block_i/hdmi_text_controller_0/inst/color_instance/sprite/sprite_collection_rom/sprite_rom/U0/inst_blk_mem_gen/gnbram.gnativebmg.native_blk_mem_gen/valid.cstr/ramloop[1].ram.r/prim_init.ram/DEVICE_7SERIES.NO_BMM_INFO.TRUE_DP.SIMPLE_PRIM36.ram/ADDRBWRADDR[14] (clocked by clk_out1_clk_wiz_0_1). Large setup violations at the end of those stages might be difficult to fix during the post-placement implementation flow and could be the result of non-optimal XDC constraints or non-optimal design architecture
Related violations: <none>

TIMING-16#368 Warning
Large setup violation  
There is a large setup violation of -22.298 ns between mb_block_i/hdmi_text_controller_0/inst/hdmi_text_controller_v1_0_AXI_inst/slv_regs_reg[1][8]/C (clocked by clk_out1_mb_blink_clk_wiz_1_0_1) and mb_block_i/hdmi_text_controller_0/inst/color_instance/sprite/sprite_collection_rom/sprite_rom/U0/inst_blk_mem_gen/gnbram.gnativebmg.native_blk_mem_gen/valid.cstr/ramloop[1].ram.r/prim_init.ram/DEVICE_7SERIES.NO_BMM_INFO.TRUE_DP.SIMPLE_PRIM36.ram/ADDRBWRADDR[13] (clocked by clk_out1_clk_wiz_0_1). Large setup violations at the end of those stages might be difficult to fix during the post-placement implementation flow and could be the result of non-optimal XDC constraints or non-optimal design architecture
Related violations: <none>

TIMING-16#369 Warning
Large setup violation  
There is a large setup violation of -22.305 ns between mb_block_i/hdmi_text_controller_0/inst/hdmi_text_controller_v1_0_AXI_inst/slv_regs_reg[2][12]/C (clocked by clk_out1_mb_blink_clk_wiz_1_0_1) and mb_block_i/hdmi_text_controller_0/inst/color_instance/sprite/sprite_collection_rom/sprite_rom/U0/inst_blk_mem_gen/gnbram.gnativebmg.native_blk_mem_gen/valid.cstr/ramloop[4].ram.r/prim_init.ram/DEVICE_7SERIES.NO_BMM_INFO.TRUE_DP.SIMPLE_PRIM36.ram/ADDRARDADDR[13] (clocked by clk_out1_clk_wiz_0_1). Large setup violations at the end of those stages might be difficult to fix during the post-placement implementation flow and could be the result of non-optimal XDC constraints or non-optimal design architecture
Related violations: <none>

TIMING-16#370 Warning
Large setup violation  
There is a large setup violation of -22.325 ns between mb_block_i/hdmi_text_controller_0/inst/hdmi_text_controller_v1_0_AXI_inst/slv_regs_reg[1][8]/C (clocked by clk_out1_mb_blink_clk_wiz_1_0_1) and mb_block_i/hdmi_text_controller_0/inst/color_instance/sprite/sprite_collection_rom/sprite_rom/U0/inst_blk_mem_gen/gnbram.gnativebmg.native_blk_mem_gen/valid.cstr/ramloop[3].ram.r/prim_init.ram/DEVICE_7SERIES.NO_BMM_INFO.TRUE_DP.SIMPLE_PRIM36.ram/ADDRBWRADDR[8] (clocked by clk_out1_clk_wiz_0_1). Large setup violations at the end of those stages might be difficult to fix during the post-placement implementation flow and could be the result of non-optimal XDC constraints or non-optimal design architecture
Related violations: <none>

TIMING-16#371 Warning
Large setup violation  
There is a large setup violation of -22.335 ns between mb_block_i/hdmi_text_controller_0/inst/hdmi_text_controller_v1_0_AXI_inst/slv_regs_reg[1][8]/C (clocked by clk_out1_mb_blink_clk_wiz_1_0_1) and mb_block_i/hdmi_text_controller_0/inst/color_instance/sprite/sprite_collection_rom/sprite_rom/U0/inst_blk_mem_gen/gnbram.gnativebmg.native_blk_mem_gen/valid.cstr/ramloop[4].ram.r/prim_init.ram/DEVICE_7SERIES.NO_BMM_INFO.TRUE_DP.SIMPLE_PRIM36.ram/ADDRBWRADDR[7] (clocked by clk_out1_clk_wiz_0_1). Large setup violations at the end of those stages might be difficult to fix during the post-placement implementation flow and could be the result of non-optimal XDC constraints or non-optimal design architecture
Related violations: <none>

TIMING-16#372 Warning
Large setup violation  
There is a large setup violation of -22.338 ns between mb_block_i/hdmi_text_controller_0/inst/hdmi_text_controller_v1_0_AXI_inst/slv_regs_reg[1][8]/C (clocked by clk_out1_mb_blink_clk_wiz_1_0_1) and mb_block_i/hdmi_text_controller_0/inst/color_instance/sprite/sprite_collection_rom/sprite_rom/U0/inst_blk_mem_gen/gnbram.gnativebmg.native_blk_mem_gen/valid.cstr/ramloop[1].ram.r/prim_init.ram/DEVICE_7SERIES.NO_BMM_INFO.TRUE_DP.SIMPLE_PRIM36.ram/ADDRBWRADDR[8] (clocked by clk_out1_clk_wiz_0_1). Large setup violations at the end of those stages might be difficult to fix during the post-placement implementation flow and could be the result of non-optimal XDC constraints or non-optimal design architecture
Related violations: <none>

TIMING-16#373 Warning
Large setup violation  
There is a large setup violation of -22.338 ns between mb_block_i/hdmi_text_controller_0/inst/hdmi_text_controller_v1_0_AXI_inst/slv_regs_reg[1][8]/C (clocked by clk_out1_mb_blink_clk_wiz_1_0_1) and mb_block_i/hdmi_text_controller_0/inst/color_instance/sprite/sprite_collection_rom/sprite_rom/U0/inst_blk_mem_gen/gnbram.gnativebmg.native_blk_mem_gen/valid.cstr/ramloop[2].ram.r/prim_init.ram/DEVICE_7SERIES.NO_BMM_INFO.TRUE_DP.SIMPLE_PRIM36.ram/ADDRBWRADDR[11] (clocked by clk_out1_clk_wiz_0_1). Large setup violations at the end of those stages might be difficult to fix during the post-placement implementation flow and could be the result of non-optimal XDC constraints or non-optimal design architecture
Related violations: <none>

TIMING-16#374 Warning
Large setup violation  
There is a large setup violation of -22.342 ns between mb_block_i/hdmi_text_controller_0/inst/hdmi_text_controller_v1_0_AXI_inst/slv_regs_reg[1][8]/C (clocked by clk_out1_mb_blink_clk_wiz_1_0_1) and mb_block_i/hdmi_text_controller_0/inst/color_instance/sprite/sprite_collection_rom/sprite_rom/U0/inst_blk_mem_gen/gnbram.gnativebmg.native_blk_mem_gen/valid.cstr/ramloop[1].ram.r/prim_init.ram/DEVICE_7SERIES.NO_BMM_INFO.TRUE_DP.SIMPLE_PRIM36.ram/ADDRBWRADDR[12] (clocked by clk_out1_clk_wiz_0_1). Large setup violations at the end of those stages might be difficult to fix during the post-placement implementation flow and could be the result of non-optimal XDC constraints or non-optimal design architecture
Related violations: <none>

TIMING-16#375 Warning
Large setup violation  
There is a large setup violation of -22.345 ns between mb_block_i/hdmi_text_controller_0/inst/hdmi_text_controller_v1_0_AXI_inst/slv_regs_reg[2][12]/C (clocked by clk_out1_mb_blink_clk_wiz_1_0_1) and mb_block_i/hdmi_text_controller_0/inst/color_instance/sprite/sprite_collection_rom/sprite_rom/U0/inst_blk_mem_gen/gnbram.gnativebmg.native_blk_mem_gen/valid.cstr/ramloop[2].ram.r/prim_init.ram/DEVICE_7SERIES.NO_BMM_INFO.TRUE_DP.SIMPLE_PRIM36.ram/ADDRBWRADDR[14] (clocked by clk_out1_clk_wiz_0_1). Large setup violations at the end of those stages might be difficult to fix during the post-placement implementation flow and could be the result of non-optimal XDC constraints or non-optimal design architecture
Related violations: <none>

TIMING-16#376 Warning
Large setup violation  
There is a large setup violation of -22.360 ns between mb_block_i/hdmi_text_controller_0/inst/hdmi_text_controller_v1_0_AXI_inst/slv_regs_reg[1][8]/C (clocked by clk_out1_mb_blink_clk_wiz_1_0_1) and mb_block_i/hdmi_text_controller_0/inst/color_instance/sprite/sprite_collection_rom/sprite_rom/U0/inst_blk_mem_gen/gnbram.gnativebmg.native_blk_mem_gen/valid.cstr/ramloop[4].ram.r/prim_init.ram/DEVICE_7SERIES.NO_BMM_INFO.TRUE_DP.SIMPLE_PRIM36.ram/ADDRBWRADDR[11] (clocked by clk_out1_clk_wiz_0_1). Large setup violations at the end of those stages might be difficult to fix during the post-placement implementation flow and could be the result of non-optimal XDC constraints or non-optimal design architecture
Related violations: <none>

TIMING-16#377 Warning
Large setup violation  
There is a large setup violation of -22.368 ns between mb_block_i/hdmi_text_controller_0/inst/hdmi_text_controller_v1_0_AXI_inst/slv_regs_reg[2][12]/C (clocked by clk_out1_mb_blink_clk_wiz_1_0_1) and mb_block_i/hdmi_text_controller_0/inst/color_instance/sprite/sprite_collection_rom/sprite_rom/U0/inst_blk_mem_gen/gnbram.gnativebmg.native_blk_mem_gen/valid.cstr/ramloop[0].ram.r/prim_init.ram/DEVICE_7SERIES.NO_BMM_INFO.TRUE_DP.SIMPLE_PRIM36.ram/ADDRARDADDR[13] (clocked by clk_out1_clk_wiz_0_1). Large setup violations at the end of those stages might be difficult to fix during the post-placement implementation flow and could be the result of non-optimal XDC constraints or non-optimal design architecture
Related violations: <none>

TIMING-16#378 Warning
Large setup violation  
There is a large setup violation of -22.392 ns between mb_block_i/hdmi_text_controller_0/inst/hdmi_text_controller_v1_0_AXI_inst/slv_regs_reg[1][8]/C (clocked by clk_out1_mb_blink_clk_wiz_1_0_1) and mb_block_i/hdmi_text_controller_0/inst/color_instance/sprite/sprite_collection_rom/sprite_rom/U0/inst_blk_mem_gen/gnbram.gnativebmg.native_blk_mem_gen/valid.cstr/ramloop[4].ram.r/prim_init.ram/DEVICE_7SERIES.NO_BMM_INFO.TRUE_DP.SIMPLE_PRIM36.ram/ADDRBWRADDR[8] (clocked by clk_out1_clk_wiz_0_1). Large setup violations at the end of those stages might be difficult to fix during the post-placement implementation flow and could be the result of non-optimal XDC constraints or non-optimal design architecture
Related violations: <none>

TIMING-16#379 Warning
Large setup violation  
There is a large setup violation of -22.407 ns between mb_block_i/hdmi_text_controller_0/inst/hdmi_text_controller_v1_0_AXI_inst/slv_regs_reg[1][8]/C (clocked by clk_out1_mb_blink_clk_wiz_1_0_1) and mb_block_i/hdmi_text_controller_0/inst/color_instance/sprite/sprite_collection_rom/sprite_rom/U0/inst_blk_mem_gen/gnbram.gnativebmg.native_blk_mem_gen/valid.cstr/ramloop[0].ram.r/prim_init.ram/DEVICE_7SERIES.NO_BMM_INFO.TRUE_DP.SIMPLE_PRIM36.ram/ADDRBWRADDR[11] (clocked by clk_out1_clk_wiz_0_1). Large setup violations at the end of those stages might be difficult to fix during the post-placement implementation flow and could be the result of non-optimal XDC constraints or non-optimal design architecture
Related violations: <none>

TIMING-16#380 Warning
Large setup violation  
There is a large setup violation of -22.415 ns between mb_block_i/hdmi_text_controller_0/inst/hdmi_text_controller_v1_0_AXI_inst/slv_regs_reg[1][8]/C (clocked by clk_out1_mb_blink_clk_wiz_1_0_1) and mb_block_i/hdmi_text_controller_0/inst/color_instance/sprite/sprite_collection_rom/sprite_rom/U0/inst_blk_mem_gen/gnbram.gnativebmg.native_blk_mem_gen/valid.cstr/ramloop[2].ram.r/prim_init.ram/DEVICE_7SERIES.NO_BMM_INFO.TRUE_DP.SIMPLE_PRIM36.ram/ADDRBWRADDR[10] (clocked by clk_out1_clk_wiz_0_1). Large setup violations at the end of those stages might be difficult to fix during the post-placement implementation flow and could be the result of non-optimal XDC constraints or non-optimal design architecture
Related violations: <none>

TIMING-16#381 Warning
Large setup violation  
There is a large setup violation of -22.425 ns between mb_block_i/hdmi_text_controller_0/inst/hdmi_text_controller_v1_0_AXI_inst/slv_regs_reg[1][8]/C (clocked by clk_out1_mb_blink_clk_wiz_1_0_1) and mb_block_i/hdmi_text_controller_0/inst/color_instance/sprite/sprite_collection_rom/sprite_rom/U0/inst_blk_mem_gen/gnbram.gnativebmg.native_blk_mem_gen/valid.cstr/ramloop[2].ram.r/prim_init.ram/DEVICE_7SERIES.NO_BMM_INFO.TRUE_DP.SIMPLE_PRIM36.ram/ADDRBWRADDR[7] (clocked by clk_out1_clk_wiz_0_1). Large setup violations at the end of those stages might be difficult to fix during the post-placement implementation flow and could be the result of non-optimal XDC constraints or non-optimal design architecture
Related violations: <none>

TIMING-16#382 Warning
Large setup violation  
There is a large setup violation of -22.434 ns between mb_block_i/hdmi_text_controller_0/inst/hdmi_text_controller_v1_0_AXI_inst/slv_regs_reg[2][12]/C (clocked by clk_out1_mb_blink_clk_wiz_1_0_1) and mb_block_i/hdmi_text_controller_0/inst/color_instance/sprite/sprite_collection_rom/sprite_rom/U0/inst_blk_mem_gen/gnbram.gnativebmg.native_blk_mem_gen/valid.cstr/ramloop[3].ram.r/prim_init.ram/DEVICE_7SERIES.NO_BMM_INFO.TRUE_DP.SIMPLE_PRIM36.ram/ADDRBWRADDR[14] (clocked by clk_out1_clk_wiz_0_1). Large setup violations at the end of those stages might be difficult to fix during the post-placement implementation flow and could be the result of non-optimal XDC constraints or non-optimal design architecture
Related violations: <none>

TIMING-16#383 Warning
Large setup violation  
There is a large setup violation of -22.435 ns between mb_block_i/hdmi_text_controller_0/inst/hdmi_text_controller_v1_0_AXI_inst/slv_regs_reg[1][8]/C (clocked by clk_out1_mb_blink_clk_wiz_1_0_1) and mb_block_i/hdmi_text_controller_0/inst/color_instance/sprite/sprite_collection_rom/sprite_rom/U0/inst_blk_mem_gen/gnbram.gnativebmg.native_blk_mem_gen/valid.cstr/ramloop[0].ram.r/prim_init.ram/DEVICE_7SERIES.NO_BMM_INFO.TRUE_DP.SIMPLE_PRIM36.ram/ADDRBWRADDR[6] (clocked by clk_out1_clk_wiz_0_1). Large setup violations at the end of those stages might be difficult to fix during the post-placement implementation flow and could be the result of non-optimal XDC constraints or non-optimal design architecture
Related violations: <none>

TIMING-16#384 Warning
Large setup violation  
There is a large setup violation of -22.454 ns between mb_block_i/hdmi_text_controller_0/inst/hdmi_text_controller_v1_0_AXI_inst/slv_regs_reg[1][8]/C (clocked by clk_out1_mb_blink_clk_wiz_1_0_1) and mb_block_i/hdmi_text_controller_0/inst/color_instance/sprite/sprite_collection_rom/sprite_rom/U0/inst_blk_mem_gen/gnbram.gnativebmg.native_blk_mem_gen/valid.cstr/ramloop[4].ram.r/prim_init.ram/DEVICE_7SERIES.NO_BMM_INFO.TRUE_DP.SIMPLE_PRIM36.ram/ADDRBWRADDR[6] (clocked by clk_out1_clk_wiz_0_1). Large setup violations at the end of those stages might be difficult to fix during the post-placement implementation flow and could be the result of non-optimal XDC constraints or non-optimal design architecture
Related violations: <none>

TIMING-16#385 Warning
Large setup violation  
There is a large setup violation of -22.455 ns between mb_block_i/hdmi_text_controller_0/inst/hdmi_text_controller_v1_0_AXI_inst/slv_regs_reg[1][8]/C (clocked by clk_out1_mb_blink_clk_wiz_1_0_1) and mb_block_i/hdmi_text_controller_0/inst/color_instance/sprite/sprite_collection_rom/sprite_rom/U0/inst_blk_mem_gen/gnbram.gnativebmg.native_blk_mem_gen/valid.cstr/ramloop[3].ram.r/prim_init.ram/DEVICE_7SERIES.NO_BMM_INFO.TRUE_DP.SIMPLE_PRIM36.ram/ADDRBWRADDR[10] (clocked by clk_out1_clk_wiz_0_1). Large setup violations at the end of those stages might be difficult to fix during the post-placement implementation flow and could be the result of non-optimal XDC constraints or non-optimal design architecture
Related violations: <none>

TIMING-16#386 Warning
Large setup violation  
There is a large setup violation of -22.468 ns between mb_block_i/hdmi_text_controller_0/inst/hdmi_text_controller_v1_0_AXI_inst/slv_regs_reg[1][8]/C (clocked by clk_out1_mb_blink_clk_wiz_1_0_1) and mb_block_i/hdmi_text_controller_0/inst/color_instance/sprite/sprite_collection_rom/sprite_rom/U0/inst_blk_mem_gen/gnbram.gnativebmg.native_blk_mem_gen/valid.cstr/ramloop[1].ram.r/prim_init.ram/DEVICE_7SERIES.NO_BMM_INFO.TRUE_DP.SIMPLE_PRIM36.ram/ADDRBWRADDR[9] (clocked by clk_out1_clk_wiz_0_1). Large setup violations at the end of those stages might be difficult to fix during the post-placement implementation flow and could be the result of non-optimal XDC constraints or non-optimal design architecture
Related violations: <none>

TIMING-16#387 Warning
Large setup violation  
There is a large setup violation of -22.487 ns between mb_block_i/hdmi_text_controller_0/inst/hdmi_text_controller_v1_0_AXI_inst/slv_regs_reg[2][12]/C (clocked by clk_out1_mb_blink_clk_wiz_1_0_1) and mb_block_i/hdmi_text_controller_0/inst/color_instance/sprite/sprite_collection_rom/sprite_rom/U0/inst_blk_mem_gen/gnbram.gnativebmg.native_blk_mem_gen/valid.cstr/ramloop[0].ram.r/prim_init.ram/DEVICE_7SERIES.NO_BMM_INFO.TRUE_DP.SIMPLE_PRIM36.ram/ADDRARDADDR[14] (clocked by clk_out1_clk_wiz_0_1). Large setup violations at the end of those stages might be difficult to fix during the post-placement implementation flow and could be the result of non-optimal XDC constraints or non-optimal design architecture
Related violations: <none>

TIMING-16#388 Warning
Large setup violation  
There is a large setup violation of -22.488 ns between mb_block_i/hdmi_text_controller_0/inst/hdmi_text_controller_v1_0_AXI_inst/slv_regs_reg[1][8]/C (clocked by clk_out1_mb_blink_clk_wiz_1_0_1) and mb_block_i/hdmi_text_controller_0/inst/color_instance/sprite/sprite_collection_rom/sprite_rom/U0/inst_blk_mem_gen/gnbram.gnativebmg.native_blk_mem_gen/valid.cstr/ramloop[3].ram.r/prim_init.ram/DEVICE_7SERIES.NO_BMM_INFO.TRUE_DP.SIMPLE_PRIM36.ram/ADDRBWRADDR[13] (clocked by clk_out1_clk_wiz_0_1). Large setup violations at the end of those stages might be difficult to fix during the post-placement implementation flow and could be the result of non-optimal XDC constraints or non-optimal design architecture
Related violations: <none>

TIMING-16#389 Warning
Large setup violation  
There is a large setup violation of -22.492 ns between mb_block_i/hdmi_text_controller_0/inst/hdmi_text_controller_v1_0_AXI_inst/slv_regs_reg[1][8]/C (clocked by clk_out1_mb_blink_clk_wiz_1_0_1) and mb_block_i/hdmi_text_controller_0/inst/color_instance/sprite/sprite_collection_rom/sprite_rom/U0/inst_blk_mem_gen/gnbram.gnativebmg.native_blk_mem_gen/valid.cstr/ramloop[0].ram.r/prim_init.ram/DEVICE_7SERIES.NO_BMM_INFO.TRUE_DP.SIMPLE_PRIM36.ram/ADDRBWRADDR[7] (clocked by clk_out1_clk_wiz_0_1). Large setup violations at the end of those stages might be difficult to fix during the post-placement implementation flow and could be the result of non-optimal XDC constraints or non-optimal design architecture
Related violations: <none>

TIMING-16#390 Warning
Large setup violation  
There is a large setup violation of -22.492 ns between mb_block_i/hdmi_text_controller_0/inst/hdmi_text_controller_v1_0_AXI_inst/slv_regs_reg[2][12]/C (clocked by clk_out1_mb_blink_clk_wiz_1_0_1) and mb_block_i/hdmi_text_controller_0/inst/color_instance/sprite/sprite_collection_rom/sprite_rom/U0/inst_blk_mem_gen/gnbram.gnativebmg.native_blk_mem_gen/valid.cstr/ramloop[4].ram.r/prim_init.ram/DEVICE_7SERIES.NO_BMM_INFO.TRUE_DP.SIMPLE_PRIM36.ram/ADDRARDADDR[14] (clocked by clk_out1_clk_wiz_0_1). Large setup violations at the end of those stages might be difficult to fix during the post-placement implementation flow and could be the result of non-optimal XDC constraints or non-optimal design architecture
Related violations: <none>

TIMING-16#391 Warning
Large setup violation  
There is a large setup violation of -22.506 ns between mb_block_i/hdmi_text_controller_0/inst/hdmi_text_controller_v1_0_AXI_inst/slv_regs_reg[1][8]/C (clocked by clk_out1_mb_blink_clk_wiz_1_0_1) and mb_block_i/hdmi_text_controller_0/inst/color_instance/sprite/sprite_collection_rom/sprite_rom/U0/inst_blk_mem_gen/gnbram.gnativebmg.native_blk_mem_gen/valid.cstr/ramloop[2].ram.r/prim_init.ram/DEVICE_7SERIES.NO_BMM_INFO.TRUE_DP.SIMPLE_PRIM36.ram/ADDRBWRADDR[13] (clocked by clk_out1_clk_wiz_0_1). Large setup violations at the end of those stages might be difficult to fix during the post-placement implementation flow and could be the result of non-optimal XDC constraints or non-optimal design architecture
Related violations: <none>

TIMING-16#392 Warning
Large setup violation  
There is a large setup violation of -22.532 ns between mb_block_i/hdmi_text_controller_0/inst/hdmi_text_controller_v1_0_AXI_inst/slv_regs_reg[1][8]/C (clocked by clk_out1_mb_blink_clk_wiz_1_0_1) and mb_block_i/hdmi_text_controller_0/inst/color_instance/sprite/sprite_collection_rom/sprite_rom/U0/inst_blk_mem_gen/gnbram.gnativebmg.native_blk_mem_gen/valid.cstr/ramloop[3].ram.r/prim_init.ram/DEVICE_7SERIES.NO_BMM_INFO.TRUE_DP.SIMPLE_PRIM36.ram/ADDRBWRADDR[12] (clocked by clk_out1_clk_wiz_0_1). Large setup violations at the end of those stages might be difficult to fix during the post-placement implementation flow and could be the result of non-optimal XDC constraints or non-optimal design architecture
Related violations: <none>

TIMING-16#393 Warning
Large setup violation  
There is a large setup violation of -22.534 ns between mb_block_i/hdmi_text_controller_0/inst/hdmi_text_controller_v1_0_AXI_inst/slv_regs_reg[1][8]/C (clocked by clk_out1_mb_blink_clk_wiz_1_0_1) and mb_block_i/hdmi_text_controller_0/inst/color_instance/sprite/sprite_collection_rom/sprite_rom/U0/inst_blk_mem_gen/gnbram.gnativebmg.native_blk_mem_gen/valid.cstr/ramloop[2].ram.r/prim_init.ram/DEVICE_7SERIES.NO_BMM_INFO.TRUE_DP.SIMPLE_PRIM36.ram/ADDRBWRADDR[8] (clocked by clk_out1_clk_wiz_0_1). Large setup violations at the end of those stages might be difficult to fix during the post-placement implementation flow and could be the result of non-optimal XDC constraints or non-optimal design architecture
Related violations: <none>

TIMING-16#394 Warning
Large setup violation  
There is a large setup violation of -22.542 ns between mb_block_i/hdmi_text_controller_0/inst/hdmi_text_controller_v1_0_AXI_inst/slv_regs_reg[1][8]/C (clocked by clk_out1_mb_blink_clk_wiz_1_0_1) and mb_block_i/hdmi_text_controller_0/inst/color_instance/sprite/sprite_collection_rom/sprite_rom/U0/inst_blk_mem_gen/gnbram.gnativebmg.native_blk_mem_gen/valid.cstr/ramloop[2].ram.r/prim_init.ram/DEVICE_7SERIES.NO_BMM_INFO.TRUE_DP.SIMPLE_PRIM36.ram/ADDRBWRADDR[12] (clocked by clk_out1_clk_wiz_0_1). Large setup violations at the end of those stages might be difficult to fix during the post-placement implementation flow and could be the result of non-optimal XDC constraints or non-optimal design architecture
Related violations: <none>

TIMING-16#395 Warning
Large setup violation  
There is a large setup violation of -22.544 ns between mb_block_i/hdmi_text_controller_0/inst/hdmi_text_controller_v1_0_AXI_inst/slv_regs_reg[2][12]/C (clocked by clk_out1_mb_blink_clk_wiz_1_0_1) and mb_block_i/hdmi_text_controller_0/inst/color_instance/sprite/sprite_collection_rom/sprite_rom/U0/inst_blk_mem_gen/gnbram.gnativebmg.native_blk_mem_gen/valid.cstr/ramloop[4].ram.r/prim_init.ram/DEVICE_7SERIES.NO_BMM_INFO.TRUE_DP.SIMPLE_PRIM36.ram/ADDRBWRADDR[14] (clocked by clk_out1_clk_wiz_0_1). Large setup violations at the end of those stages might be difficult to fix during the post-placement implementation flow and could be the result of non-optimal XDC constraints or non-optimal design architecture
Related violations: <none>

TIMING-16#396 Warning
Large setup violation  
There is a large setup violation of -22.553 ns between mb_block_i/hdmi_text_controller_0/inst/hdmi_text_controller_v1_0_AXI_inst/slv_regs_reg[2][12]/C (clocked by clk_out1_mb_blink_clk_wiz_1_0_1) and mb_block_i/hdmi_text_controller_0/inst/color_instance/sprite/sprite_collection_rom/sprite_rom/U0/inst_blk_mem_gen/gnbram.gnativebmg.native_blk_mem_gen/valid.cstr/ramloop[0].ram.r/prim_init.ram/DEVICE_7SERIES.NO_BMM_INFO.TRUE_DP.SIMPLE_PRIM36.ram/ADDRBWRADDR[14] (clocked by clk_out1_clk_wiz_0_1). Large setup violations at the end of those stages might be difficult to fix during the post-placement implementation flow and could be the result of non-optimal XDC constraints or non-optimal design architecture
Related violations: <none>

TIMING-16#397 Warning
Large setup violation  
There is a large setup violation of -22.555 ns between mb_block_i/hdmi_text_controller_0/inst/hdmi_text_controller_v1_0_AXI_inst/slv_regs_reg[1][8]/C (clocked by clk_out1_mb_blink_clk_wiz_1_0_1) and mb_block_i/hdmi_text_controller_0/inst/color_instance/sprite/sprite_collection_rom/sprite_rom/U0/inst_blk_mem_gen/gnbram.gnativebmg.native_blk_mem_gen/valid.cstr/ramloop[4].ram.r/prim_init.ram/DEVICE_7SERIES.NO_BMM_INFO.TRUE_DP.SIMPLE_PRIM36.ram/ADDRBWRADDR[13] (clocked by clk_out1_clk_wiz_0_1). Large setup violations at the end of those stages might be difficult to fix during the post-placement implementation flow and could be the result of non-optimal XDC constraints or non-optimal design architecture
Related violations: <none>

TIMING-16#398 Warning
Large setup violation  
There is a large setup violation of -22.581 ns between mb_block_i/hdmi_text_controller_0/inst/hdmi_text_controller_v1_0_AXI_inst/slv_regs_reg[1][8]/C (clocked by clk_out1_mb_blink_clk_wiz_1_0_1) and mb_block_i/hdmi_text_controller_0/inst/color_instance/sprite/sprite_collection_rom/sprite_rom/U0/inst_blk_mem_gen/gnbram.gnativebmg.native_blk_mem_gen/valid.cstr/ramloop[4].ram.r/prim_init.ram/DEVICE_7SERIES.NO_BMM_INFO.TRUE_DP.SIMPLE_PRIM36.ram/ADDRBWRADDR[10] (clocked by clk_out1_clk_wiz_0_1). Large setup violations at the end of those stages might be difficult to fix during the post-placement implementation flow and could be the result of non-optimal XDC constraints or non-optimal design architecture
Related violations: <none>

TIMING-16#399 Warning
Large setup violation  
There is a large setup violation of -22.584 ns between mb_block_i/hdmi_text_controller_0/inst/hdmi_text_controller_v1_0_AXI_inst/slv_regs_reg[1][8]/C (clocked by clk_out1_mb_blink_clk_wiz_1_0_1) and mb_block_i/hdmi_text_controller_0/inst/color_instance/sprite/sprite_collection_rom/sprite_rom/U0/inst_blk_mem_gen/gnbram.gnativebmg.native_blk_mem_gen/valid.cstr/ramloop[4].ram.r/prim_init.ram/DEVICE_7SERIES.NO_BMM_INFO.TRUE_DP.SIMPLE_PRIM36.ram/ADDRBWRADDR[12] (clocked by clk_out1_clk_wiz_0_1). Large setup violations at the end of those stages might be difficult to fix during the post-placement implementation flow and could be the result of non-optimal XDC constraints or non-optimal design architecture
Related violations: <none>

TIMING-16#400 Warning
Large setup violation  
There is a large setup violation of -22.593 ns between mb_block_i/hdmi_text_controller_0/inst/hdmi_text_controller_v1_0_AXI_inst/slv_regs_reg[1][8]/C (clocked by clk_out1_mb_blink_clk_wiz_1_0_1) and mb_block_i/hdmi_text_controller_0/inst/color_instance/sprite/sprite_collection_rom/sprite_rom/U0/inst_blk_mem_gen/gnbram.gnativebmg.native_blk_mem_gen/valid.cstr/ramloop[0].ram.r/prim_init.ram/DEVICE_7SERIES.NO_BMM_INFO.TRUE_DP.SIMPLE_PRIM36.ram/ADDRBWRADDR[8] (clocked by clk_out1_clk_wiz_0_1). Large setup violations at the end of those stages might be difficult to fix during the post-placement implementation flow and could be the result of non-optimal XDC constraints or non-optimal design architecture
Related violations: <none>

TIMING-16#401 Warning
Large setup violation  
There is a large setup violation of -22.596 ns between mb_block_i/hdmi_text_controller_0/inst/hdmi_text_controller_v1_0_AXI_inst/slv_regs_reg[1][8]/C (clocked by clk_out1_mb_blink_clk_wiz_1_0_1) and mb_block_i/hdmi_text_controller_0/inst/color_instance/sprite/sprite_collection_rom/sprite_rom/U0/inst_blk_mem_gen/gnbram.gnativebmg.native_blk_mem_gen/valid.cstr/ramloop[0].ram.r/prim_init.ram/DEVICE_7SERIES.NO_BMM_INFO.TRUE_DP.SIMPLE_PRIM36.ram/ADDRBWRADDR[10] (clocked by clk_out1_clk_wiz_0_1). Large setup violations at the end of those stages might be difficult to fix during the post-placement implementation flow and could be the result of non-optimal XDC constraints or non-optimal design architecture
Related violations: <none>

TIMING-16#402 Warning
Large setup violation  
There is a large setup violation of -22.605 ns between mb_block_i/hdmi_text_controller_0/inst/hdmi_text_controller_v1_0_AXI_inst/slv_regs_reg[1][8]/C (clocked by clk_out1_mb_blink_clk_wiz_1_0_1) and mb_block_i/hdmi_text_controller_0/inst/color_instance/sprite/sprite_collection_rom/sprite_rom/U0/inst_blk_mem_gen/gnbram.gnativebmg.native_blk_mem_gen/valid.cstr/ramloop[0].ram.r/prim_init.ram/DEVICE_7SERIES.NO_BMM_INFO.TRUE_DP.SIMPLE_PRIM36.ram/ADDRBWRADDR[12] (clocked by clk_out1_clk_wiz_0_1). Large setup violations at the end of those stages might be difficult to fix during the post-placement implementation flow and could be the result of non-optimal XDC constraints or non-optimal design architecture
Related violations: <none>

TIMING-16#403 Warning
Large setup violation  
There is a large setup violation of -22.641 ns between mb_block_i/hdmi_text_controller_0/inst/hdmi_text_controller_v1_0_AXI_inst/slv_regs_reg[1][8]/C (clocked by clk_out1_mb_blink_clk_wiz_1_0_1) and mb_block_i/hdmi_text_controller_0/inst/color_instance/sprite/sprite_collection_rom/sprite_rom/U0/inst_blk_mem_gen/gnbram.gnativebmg.native_blk_mem_gen/valid.cstr/ramloop[0].ram.r/prim_init.ram/DEVICE_7SERIES.NO_BMM_INFO.TRUE_DP.SIMPLE_PRIM36.ram/ADDRBWRADDR[13] (clocked by clk_out1_clk_wiz_0_1). Large setup violations at the end of those stages might be difficult to fix during the post-placement implementation flow and could be the result of non-optimal XDC constraints or non-optimal design architecture
Related violations: <none>

TIMING-16#404 Warning
Large setup violation  
There is a large setup violation of -22.666 ns between mb_block_i/hdmi_text_controller_0/inst/hdmi_text_controller_v1_0_AXI_inst/slv_regs_reg[1][8]/C (clocked by clk_out1_mb_blink_clk_wiz_1_0_1) and mb_block_i/hdmi_text_controller_0/inst/color_instance/sprite/sprite_collection_rom/sprite_rom/U0/inst_blk_mem_gen/gnbram.gnativebmg.native_blk_mem_gen/valid.cstr/ramloop[3].ram.r/prim_init.ram/DEVICE_7SERIES.NO_BMM_INFO.TRUE_DP.SIMPLE_PRIM36.ram/ADDRBWRADDR[9] (clocked by clk_out1_clk_wiz_0_1). Large setup violations at the end of those stages might be difficult to fix during the post-placement implementation flow and could be the result of non-optimal XDC constraints or non-optimal design architecture
Related violations: <none>

TIMING-16#405 Warning
Large setup violation  
There is a large setup violation of -22.722 ns between mb_block_i/hdmi_text_controller_0/inst/hdmi_text_controller_v1_0_AXI_inst/slv_regs_reg[1][8]/C (clocked by clk_out1_mb_blink_clk_wiz_1_0_1) and mb_block_i/hdmi_text_controller_0/inst/color_instance/sprite/sprite_collection_rom/sprite_rom/U0/inst_blk_mem_gen/gnbram.gnativebmg.native_blk_mem_gen/valid.cstr/ramloop[4].ram.r/prim_init.ram/DEVICE_7SERIES.NO_BMM_INFO.TRUE_DP.SIMPLE_PRIM36.ram/ADDRBWRADDR[9] (clocked by clk_out1_clk_wiz_0_1). Large setup violations at the end of those stages might be difficult to fix during the post-placement implementation flow and could be the result of non-optimal XDC constraints or non-optimal design architecture
Related violations: <none>

TIMING-16#406 Warning
Large setup violation  
There is a large setup violation of -22.834 ns between mb_block_i/hdmi_text_controller_0/inst/hdmi_text_controller_v1_0_AXI_inst/slv_regs_reg[1][8]/C (clocked by clk_out1_mb_blink_clk_wiz_1_0_1) and mb_block_i/hdmi_text_controller_0/inst/color_instance/sprite/sprite_collection_rom/sprite_rom/U0/inst_blk_mem_gen/gnbram.gnativebmg.native_blk_mem_gen/valid.cstr/ramloop[2].ram.r/prim_init.ram/DEVICE_7SERIES.NO_BMM_INFO.TRUE_DP.SIMPLE_PRIM36.ram/ADDRBWRADDR[9] (clocked by clk_out1_clk_wiz_0_1). Large setup violations at the end of those stages might be difficult to fix during the post-placement implementation flow and could be the result of non-optimal XDC constraints or non-optimal design architecture
Related violations: <none>

TIMING-16#407 Warning
Large setup violation  
There is a large setup violation of -22.931 ns between mb_block_i/hdmi_text_controller_0/inst/hdmi_text_controller_v1_0_AXI_inst/slv_regs_reg[1][8]/C (clocked by clk_out1_mb_blink_clk_wiz_1_0_1) and mb_block_i/hdmi_text_controller_0/inst/color_instance/sprite/sprite_collection_rom/sprite_rom/U0/inst_blk_mem_gen/gnbram.gnativebmg.native_blk_mem_gen/valid.cstr/ramloop[0].ram.r/prim_init.ram/DEVICE_7SERIES.NO_BMM_INFO.TRUE_DP.SIMPLE_PRIM36.ram/ADDRBWRADDR[9] (clocked by clk_out1_clk_wiz_0_1). Large setup violations at the end of those stages might be difficult to fix during the post-placement implementation flow and could be the result of non-optimal XDC constraints or non-optimal design architecture
Related violations: <none>

TIMING-16#408 Warning
Large setup violation  
There is a large setup violation of -3.000 ns between mb_block_i/hdmi_text_controller_0/inst/hdmi_text_controller_v1_0_AXI_inst/slv_regs_reg[64][4]/C (clocked by clk_out1_mb_blink_clk_wiz_1_0_1) and mb_block_i/hdmi_text_controller_0/inst/color_instance/background/sprite_background_rom/bkg_bram/U0/inst_blk_mem_gen/gnbram.gnativebmg.native_blk_mem_gen/valid.cstr/ramloop[7].ram.r/prim_init.ram/DEVICE_7SERIES.NO_BMM_INFO.TRUE_DP.CASCADED_PRIM36.ram_T/ADDRBWRADDR[5] (clocked by clk_out1_clk_wiz_0_1). Large setup violations at the end of those stages might be difficult to fix during the post-placement implementation flow and could be the result of non-optimal XDC constraints or non-optimal design architecture
Related violations: <none>

TIMING-16#409 Warning
Large setup violation  
There is a large setup violation of -3.106 ns between mb_block_i/hdmi_text_controller_0/inst/hdmi_text_controller_v1_0_AXI_inst/slv_regs_reg[64][4]/C (clocked by clk_out1_mb_blink_clk_wiz_1_0_1) and mb_block_i/hdmi_text_controller_0/inst/color_instance/background/sprite_background_rom/bkg_bram/U0/inst_blk_mem_gen/gnbram.gnativebmg.native_blk_mem_gen/valid.cstr/ramloop[18].ram.r/prim_init.ram/DEVICE_7SERIES.NO_BMM_INFO.TRUE_DP.CASCADED_PRIM36.ram_T/ADDRBWRADDR[5] (clocked by clk_out1_clk_wiz_0_1). Large setup violations at the end of those stages might be difficult to fix during the post-placement implementation flow and could be the result of non-optimal XDC constraints or non-optimal design architecture
Related violations: <none>

TIMING-16#410 Warning
Large setup violation  
There is a large setup violation of -3.109 ns between mb_block_i/hdmi_text_controller_0/inst/hdmi_text_controller_v1_0_AXI_inst/slv_regs_reg[64][4]/C (clocked by clk_out1_mb_blink_clk_wiz_1_0_1) and mb_block_i/hdmi_text_controller_0/inst/color_instance/background/sprite_background_rom/bkg_bram/U0/inst_blk_mem_gen/gnbram.gnativebmg.native_blk_mem_gen/valid.cstr/ramloop[18].ram.r/prim_init.ram/DEVICE_7SERIES.NO_BMM_INFO.TRUE_DP.CASCADED_PRIM36.ram_T/ADDRBWRADDR[6] (clocked by clk_out1_clk_wiz_0_1). Large setup violations at the end of those stages might be difficult to fix during the post-placement implementation flow and could be the result of non-optimal XDC constraints or non-optimal design architecture
Related violations: <none>

TIMING-16#411 Warning
Large setup violation  
There is a large setup violation of -3.114 ns between mb_block_i/hdmi_text_controller_0/inst/hdmi_text_controller_v1_0_AXI_inst/slv_regs_reg[64][4]/C (clocked by clk_out1_mb_blink_clk_wiz_1_0_1) and mb_block_i/hdmi_text_controller_0/inst/color_instance/background/sprite_background_rom/bkg_bram/U0/inst_blk_mem_gen/gnbram.gnativebmg.native_blk_mem_gen/valid.cstr/ramloop[7].ram.r/prim_init.ram/DEVICE_7SERIES.NO_BMM_INFO.TRUE_DP.CASCADED_PRIM36.ram_T/ADDRBWRADDR[12] (clocked by clk_out1_clk_wiz_0_1). Large setup violations at the end of those stages might be difficult to fix during the post-placement implementation flow and could be the result of non-optimal XDC constraints or non-optimal design architecture
Related violations: <none>

TIMING-16#412 Warning
Large setup violation  
There is a large setup violation of -3.191 ns between mb_block_i/hdmi_text_controller_0/inst/hdmi_text_controller_v1_0_AXI_inst/slv_regs_reg[64][4]/C (clocked by clk_out1_mb_blink_clk_wiz_1_0_1) and mb_block_i/hdmi_text_controller_0/inst/color_instance/background/sprite_background_rom/bkg_bram/U0/inst_blk_mem_gen/gnbram.gnativebmg.native_blk_mem_gen/valid.cstr/ramloop[7].ram.r/prim_init.ram/DEVICE_7SERIES.NO_BMM_INFO.TRUE_DP.CASCADED_PRIM36.ram_T/ADDRBWRADDR[10] (clocked by clk_out1_clk_wiz_0_1). Large setup violations at the end of those stages might be difficult to fix during the post-placement implementation flow and could be the result of non-optimal XDC constraints or non-optimal design architecture
Related violations: <none>

TIMING-16#413 Warning
Large setup violation  
There is a large setup violation of -3.196 ns between mb_block_i/hdmi_text_controller_0/inst/hdmi_text_controller_v1_0_AXI_inst/slv_regs_reg[64][4]/C (clocked by clk_out1_mb_blink_clk_wiz_1_0_1) and mb_block_i/hdmi_text_controller_0/inst/color_instance/background/sprite_background_rom/bkg_bram/U0/inst_blk_mem_gen/gnbram.gnativebmg.native_blk_mem_gen/valid.cstr/ramloop[7].ram.r/prim_init.ram/DEVICE_7SERIES.NO_BMM_INFO.TRUE_DP.CASCADED_PRIM36.ram_T/ADDRBWRADDR[9] (clocked by clk_out1_clk_wiz_0_1). Large setup violations at the end of those stages might be difficult to fix during the post-placement implementation flow and could be the result of non-optimal XDC constraints or non-optimal design architecture
Related violations: <none>

TIMING-16#414 Warning
Large setup violation  
There is a large setup violation of -3.197 ns between mb_block_i/hdmi_text_controller_0/inst/hdmi_text_controller_v1_0_AXI_inst/slv_regs_reg[64][4]/C (clocked by clk_out1_mb_blink_clk_wiz_1_0_1) and mb_block_i/hdmi_text_controller_0/inst/color_instance/background/sprite_background_rom/bkg_bram/U0/inst_blk_mem_gen/gnbram.gnativebmg.native_blk_mem_gen/valid.cstr/ramloop[18].ram.r/prim_init.ram/DEVICE_7SERIES.NO_BMM_INFO.TRUE_DP.CASCADED_PRIM36.ram_T/ADDRBWRADDR[9] (clocked by clk_out1_clk_wiz_0_1). Large setup violations at the end of those stages might be difficult to fix during the post-placement implementation flow and could be the result of non-optimal XDC constraints or non-optimal design architecture
Related violations: <none>

TIMING-16#415 Warning
Large setup violation  
There is a large setup violation of -3.201 ns between mb_block_i/hdmi_text_controller_0/inst/hdmi_text_controller_v1_0_AXI_inst/slv_regs_reg[64][4]/C (clocked by clk_out1_mb_blink_clk_wiz_1_0_1) and mb_block_i/hdmi_text_controller_0/inst/color_instance/background/sprite_background_rom/bkg_bram/U0/inst_blk_mem_gen/gnbram.gnativebmg.native_blk_mem_gen/valid.cstr/ramloop[7].ram.r/prim_init.ram/DEVICE_7SERIES.NO_BMM_INFO.TRUE_DP.CASCADED_PRIM36.ram_T/ADDRBWRADDR[3] (clocked by clk_out1_clk_wiz_0_1). Large setup violations at the end of those stages might be difficult to fix during the post-placement implementation flow and could be the result of non-optimal XDC constraints or non-optimal design architecture
Related violations: <none>

TIMING-16#416 Warning
Large setup violation  
There is a large setup violation of -3.233 ns between mb_block_i/hdmi_text_controller_0/inst/hdmi_text_controller_v1_0_AXI_inst/slv_regs_reg[64][4]/C (clocked by clk_out1_mb_blink_clk_wiz_1_0_1) and mb_block_i/hdmi_text_controller_0/inst/color_instance/background/sprite_background_rom/bkg_bram/U0/inst_blk_mem_gen/gnbram.gnativebmg.native_blk_mem_gen/valid.cstr/ramloop[7].ram.r/prim_init.ram/DEVICE_7SERIES.NO_BMM_INFO.TRUE_DP.CASCADED_PRIM36.ram_T/ADDRBWRADDR[6] (clocked by clk_out1_clk_wiz_0_1). Large setup violations at the end of those stages might be difficult to fix during the post-placement implementation flow and could be the result of non-optimal XDC constraints or non-optimal design architecture
Related violations: <none>

TIMING-16#417 Warning
Large setup violation  
There is a large setup violation of -3.247 ns between mb_block_i/hdmi_text_controller_0/inst/hdmi_text_controller_v1_0_AXI_inst/slv_regs_reg[64][4]/C (clocked by clk_out1_mb_blink_clk_wiz_1_0_1) and mb_block_i/hdmi_text_controller_0/inst/color_instance/background/sprite_background_rom/bkg_bram/U0/inst_blk_mem_gen/gnbram.gnativebmg.native_blk_mem_gen/valid.cstr/ramloop[7].ram.r/prim_init.ram/DEVICE_7SERIES.NO_BMM_INFO.TRUE_DP.CASCADED_PRIM36.ram_B/ADDRBWRADDR[13] (clocked by clk_out1_clk_wiz_0_1). Large setup violations at the end of those stages might be difficult to fix during the post-placement implementation flow and could be the result of non-optimal XDC constraints or non-optimal design architecture
Related violations: <none>

TIMING-16#418 Warning
Large setup violation  
There is a large setup violation of -3.329 ns between mb_block_i/hdmi_text_controller_0/inst/hdmi_text_controller_v1_0_AXI_inst/slv_regs_reg[64][4]/C (clocked by clk_out1_mb_blink_clk_wiz_1_0_1) and mb_block_i/hdmi_text_controller_0/inst/color_instance/background/sprite_background_rom/bkg_bram/U0/inst_blk_mem_gen/gnbram.gnativebmg.native_blk_mem_gen/valid.cstr/ramloop[7].ram.r/prim_init.ram/DEVICE_7SERIES.NO_BMM_INFO.TRUE_DP.CASCADED_PRIM36.ram_T/ADDRBWRADDR[4] (clocked by clk_out1_clk_wiz_0_1). Large setup violations at the end of those stages might be difficult to fix during the post-placement implementation flow and could be the result of non-optimal XDC constraints or non-optimal design architecture
Related violations: <none>

TIMING-16#419 Warning
Large setup violation  
There is a large setup violation of -3.331 ns between mb_block_i/hdmi_text_controller_0/inst/hdmi_text_controller_v1_0_AXI_inst/slv_regs_reg[64][4]/C (clocked by clk_out1_mb_blink_clk_wiz_1_0_1) and mb_block_i/hdmi_text_controller_0/inst/color_instance/background/sprite_background_rom/bkg_bram/U0/inst_blk_mem_gen/gnbram.gnativebmg.native_blk_mem_gen/valid.cstr/ramloop[18].ram.r/prim_init.ram/DEVICE_7SERIES.NO_BMM_INFO.TRUE_DP.CASCADED_PRIM36.ram_T/ADDRBWRADDR[13] (clocked by clk_out1_clk_wiz_0_1). Large setup violations at the end of those stages might be difficult to fix during the post-placement implementation flow and could be the result of non-optimal XDC constraints or non-optimal design architecture
Related violations: <none>

TIMING-16#420 Warning
Large setup violation  
There is a large setup violation of -3.580 ns between mb_block_i/hdmi_text_controller_0/inst/hdmi_text_controller_v1_0_AXI_inst/slv_regs_reg[64][4]/C (clocked by clk_out1_mb_blink_clk_wiz_1_0_1) and mb_block_i/hdmi_text_controller_0/inst/color_instance/background/sprite_background_rom/bkg_bram/U0/inst_blk_mem_gen/gnbram.gnativebmg.native_blk_mem_gen/valid.cstr/ramloop[7].ram.r/prim_init.ram/DEVICE_7SERIES.NO_BMM_INFO.TRUE_DP.CASCADED_PRIM36.ram_T/ADDRBWRADDR[13] (clocked by clk_out1_clk_wiz_0_1). Large setup violations at the end of those stages might be difficult to fix during the post-placement implementation flow and could be the result of non-optimal XDC constraints or non-optimal design architecture
Related violations: <none>

TIMING-18#1 Warning
Missing input or output delay  
An input delay is missing on gpio_usb_int_tri_i[0] relative to clock(s) clk_100
Related violations: <none>

TIMING-18#2 Warning
Missing input or output delay  
An input delay is missing on reset_rtl_0 relative to clock(s) clk_100
Related violations: <none>

TIMING-18#3 Warning
Missing input or output delay  
An input delay is missing on uart_rtl_0_rxd relative to clock(s) clk_100
Related violations: <none>

TIMING-18#4 Warning
Missing input or output delay  
An input delay is missing on usb_spi_miso relative to clock(s) clk_100
Related violations: <none>

TIMING-18#5 Warning
Missing input or output delay  
An output delay is missing on audio_pwm relative to clock(s) clk_100
Related violations: <none>

TIMING-18#6 Warning
Missing input or output delay  
An output delay is missing on gpio_usb_rst_tri_o relative to clock(s) clk_100
Related violations: <none>

TIMING-18#7 Warning
Missing input or output delay  
An output delay is missing on uart_rtl_0_txd relative to clock(s) clk_100
Related violations: <none>

TIMING-18#8 Warning
Missing input or output delay  
An output delay is missing on usb_spi_mosi relative to clock(s) clk_100
Related violations: <none>

TIMING-18#9 Warning
Missing input or output delay  
An output delay is missing on usb_spi_sclk relative to clock(s) clk_100
Related violations: <none>

TIMING-18#10 Warning
Missing input or output delay  
An output delay is missing on usb_spi_ss[0] relative to clock(s) clk_100
Related violations: <none>

XDCC-7#1 Warning
Scoped Clock constraint overwritten on the same source  
A new clock constraint create_clock overrides a previous scoped clock constraint defined on the same source. It is not recommended to override a scoped (typically an IP) clock constraint and could result in unexpected behaviors.
New: create_clock -period 10.000 -name clk_100 -waveform {0.000 5.000} [get_ports Clk] (Source: C:/Users/kakkar3/Desktop/Final_Project/Final_Project.srcs/constrs_1/imports/pin_assignment/mb_usb_hdmi_top.xdc (Line: 1))
Previous: create_clock -period 10.000 [get_ports Clk] (Source: c:/Users/kakkar3/Desktop/Final_Project/Final_Project.gen/sources_1/bd/mb_blink/ip/mb_blink_clk_wiz_1_0/mb_blink_clk_wiz_1_0.xdc (Line: 56))
Related violations: <none>


