
*** Running vivado
    with args -log mb_usb_hdmi_top.vdi -applog -m64 -product Vivado -messageDb vivado.pb -mode batch -source mb_usb_hdmi_top.tcl -notrace



****** Vivado v2022.2 (64-bit)
  **** SW Build 3671981 on Fri Oct 14 05:00:03 MDT 2022
  **** IP Build 3669848 on Fri Oct 14 08:30:02 MDT 2022
    ** Copyright 1986-2022 Xilinx, Inc. All Rights Reserved.

source mb_usb_hdmi_top.tcl -notrace
INFO: [IP_Flow 19-234] Refreshing IP repositories
INFO: [IP_Flow 19-1700] Loaded user IP repository 'c:/Users/kakkar3/Desktop/Final_Project/hdmi_tx_1.0'.
INFO: [IP_Flow 19-1700] Loaded user IP repository 'c:/Users/kakkar3/Desktop/Final_Project/ip_repo/hdmi_text_controller_1_0'.
INFO: [IP_Flow 19-2313] Loaded Vivado IP repository 'C:/Xilinx/Vivado/2022.2/data/ip'.
Command: link_design -top mb_usb_hdmi_top -part xc7s50csga324-1
Design is defaulting to srcset: sources_1
Design is defaulting to constrset: constrs_1
INFO: [Device 21-403] Loading part xc7s50csga324-1
INFO: [Project 1-454] Reading design checkpoint 'c:/Users/kakkar3/Desktop/Final_Project/Final_Project.gen/sources_1/bd/mb_blink/ip/mb_blink_axi_uartlite_0_0/mb_blink_axi_uartlite_0_0.dcp' for cell 'mb_block_i/axi_uartlite_0'
INFO: [Project 1-454] Reading design checkpoint 'c:/Users/kakkar3/Desktop/Final_Project/Final_Project.gen/sources_1/bd/mb_blink/ip/mb_blink_clk_wiz_1_0/mb_blink_clk_wiz_1_0.dcp' for cell 'mb_block_i/clk_wiz_1'
INFO: [Project 1-454] Reading design checkpoint 'c:/Users/kakkar3/Desktop/Final_Project/Final_Project.gen/sources_1/bd/mb_blink/ip/mb_blink_axi_gpio_0_2/mb_blink_axi_gpio_0_2.dcp' for cell 'mb_block_i/gpio_usb_int'
INFO: [Project 1-454] Reading design checkpoint 'c:/Users/kakkar3/Desktop/Final_Project/Final_Project.gen/sources_1/bd/mb_blink/ip/mb_blink_axi_gpio_0_1/mb_blink_axi_gpio_0_1.dcp' for cell 'mb_block_i/gpio_usb_rst'
INFO: [Project 1-454] Reading design checkpoint 'c:/Users/kakkar3/Desktop/Final_Project/Final_Project.gen/sources_1/bd/mb_blink/ip/mb_blink_hdmi_text_controller_0_1/mb_blink_hdmi_text_controller_0_1.dcp' for cell 'mb_block_i/hdmi_text_controller_0'
INFO: [Project 1-454] Reading design checkpoint 'c:/Users/kakkar3/Desktop/Final_Project/Final_Project.gen/sources_1/bd/mb_blink/ip/mb_blink_mdm_1_0/mb_blink_mdm_1_0.dcp' for cell 'mb_block_i/mdm_1'
INFO: [Project 1-454] Reading design checkpoint 'c:/Users/kakkar3/Desktop/Final_Project/Final_Project.gen/sources_1/bd/mb_blink/ip/mb_blink_microblaze_0_0/mb_blink_microblaze_0_0.dcp' for cell 'mb_block_i/microblaze_0'
INFO: [Project 1-454] Reading design checkpoint 'c:/Users/kakkar3/Desktop/Final_Project/Final_Project.gen/sources_1/bd/mb_blink/ip/mb_blink_microblaze_0_axi_intc_0/mb_blink_microblaze_0_axi_intc_0.dcp' for cell 'mb_block_i/microblaze_0_axi_intc'
INFO: [Project 1-454] Reading design checkpoint 'c:/Users/kakkar3/Desktop/Final_Project/Final_Project.gen/sources_1/bd/mb_blink/ip/mb_blink_rst_clk_wiz_1_100M_0/mb_blink_rst_clk_wiz_1_100M_0.dcp' for cell 'mb_block_i/rst_clk_wiz_1_100M'
INFO: [Project 1-454] Reading design checkpoint 'c:/Users/kakkar3/Desktop/Final_Project/Final_Project.gen/sources_1/bd/mb_blink/ip/mb_blink_axi_quad_spi_0_0/mb_blink_axi_quad_spi_0_0.dcp' for cell 'mb_block_i/spi_usb'
INFO: [Project 1-454] Reading design checkpoint 'c:/Users/kakkar3/Desktop/Final_Project/Final_Project.gen/sources_1/bd/mb_blink/ip/mb_blink_axi_timer_0_0/mb_blink_axi_timer_0_0.dcp' for cell 'mb_block_i/timer_usb_axi'
INFO: [Project 1-454] Reading design checkpoint 'c:/Users/kakkar3/Desktop/Final_Project/Final_Project.gen/sources_1/bd/mb_blink/ip/mb_blink_xbar_0/mb_blink_xbar_0.dcp' for cell 'mb_block_i/microblaze_0_axi_periph/xbar'
INFO: [Project 1-454] Reading design checkpoint 'c:/Users/kakkar3/Desktop/Final_Project/Final_Project.gen/sources_1/bd/mb_blink/ip/mb_blink_dlmb_bram_if_cntlr_0/mb_blink_dlmb_bram_if_cntlr_0.dcp' for cell 'mb_block_i/microblaze_0_local_memory/dlmb_bram_if_cntlr'
INFO: [Project 1-454] Reading design checkpoint 'c:/Users/kakkar3/Desktop/Final_Project/Final_Project.gen/sources_1/bd/mb_blink/ip/mb_blink_dlmb_v10_0/mb_blink_dlmb_v10_0.dcp' for cell 'mb_block_i/microblaze_0_local_memory/dlmb_v10'
INFO: [Project 1-454] Reading design checkpoint 'c:/Users/kakkar3/Desktop/Final_Project/Final_Project.gen/sources_1/bd/mb_blink/ip/mb_blink_ilmb_bram_if_cntlr_0/mb_blink_ilmb_bram_if_cntlr_0.dcp' for cell 'mb_block_i/microblaze_0_local_memory/ilmb_bram_if_cntlr'
INFO: [Project 1-454] Reading design checkpoint 'c:/Users/kakkar3/Desktop/Final_Project/Final_Project.gen/sources_1/bd/mb_blink/ip/mb_blink_ilmb_v10_0/mb_blink_ilmb_v10_0.dcp' for cell 'mb_block_i/microblaze_0_local_memory/ilmb_v10'
INFO: [Project 1-454] Reading design checkpoint 'c:/Users/kakkar3/Desktop/Final_Project/Final_Project.gen/sources_1/bd/mb_blink/ip/mb_blink_lmb_bram_0/mb_blink_lmb_bram_0.dcp' for cell 'mb_block_i/microblaze_0_local_memory/lmb_bram'
Netlist sorting complete. Time (s): cpu = 00:00:00 ; elapsed = 00:00:00.236 . Memory (MB): peak = 1543.430 ; gain = 0.000
INFO: [Netlist 29-17] Analyzing 1483 Unisim elements for replacement
INFO: [Netlist 29-28] Unisim Transformation completed in 0 CPU seconds
INFO: [Project 1-479] Netlist was created with Vivado 2022.2
INFO: [Project 1-570] Preparing netlist for logic optimization
Parsing XDC File [c:/Users/kakkar3/Desktop/Final_Project/Final_Project.gen/sources_1/bd/mb_blink/ip/mb_blink_microblaze_0_0/mb_blink_microblaze_0_0.xdc] for cell 'mb_block_i/microblaze_0/U0'
Finished Parsing XDC File [c:/Users/kakkar3/Desktop/Final_Project/Final_Project.gen/sources_1/bd/mb_blink/ip/mb_blink_microblaze_0_0/mb_blink_microblaze_0_0.xdc] for cell 'mb_block_i/microblaze_0/U0'
Parsing XDC File [c:/Users/kakkar3/Desktop/Final_Project/Final_Project.gen/sources_1/bd/mb_blink/ip/mb_blink_microblaze_0_axi_intc_0/mb_blink_microblaze_0_axi_intc_0.xdc] for cell 'mb_block_i/microblaze_0_axi_intc/U0'
Finished Parsing XDC File [c:/Users/kakkar3/Desktop/Final_Project/Final_Project.gen/sources_1/bd/mb_blink/ip/mb_blink_microblaze_0_axi_intc_0/mb_blink_microblaze_0_axi_intc_0.xdc] for cell 'mb_block_i/microblaze_0_axi_intc/U0'
Parsing XDC File [c:/Users/kakkar3/Desktop/Final_Project/Final_Project.gen/sources_1/bd/mb_blink/ip/mb_blink_clk_wiz_1_0/mb_blink_clk_wiz_1_0_board.xdc] for cell 'mb_block_i/clk_wiz_1/inst'
Finished Parsing XDC File [c:/Users/kakkar3/Desktop/Final_Project/Final_Project.gen/sources_1/bd/mb_blink/ip/mb_blink_clk_wiz_1_0/mb_blink_clk_wiz_1_0_board.xdc] for cell 'mb_block_i/clk_wiz_1/inst'
Parsing XDC File [c:/Users/kakkar3/Desktop/Final_Project/Final_Project.gen/sources_1/bd/mb_blink/ip/mb_blink_clk_wiz_1_0/mb_blink_clk_wiz_1_0.xdc] for cell 'mb_block_i/clk_wiz_1/inst'
INFO: [Timing 38-35] Done setting XDC timing constraints. [c:/Users/kakkar3/Desktop/Final_Project/Final_Project.gen/sources_1/bd/mb_blink/ip/mb_blink_clk_wiz_1_0/mb_blink_clk_wiz_1_0.xdc:57]
INFO: [Timing 38-2] Deriving generated clocks [c:/Users/kakkar3/Desktop/Final_Project/Final_Project.gen/sources_1/bd/mb_blink/ip/mb_blink_clk_wiz_1_0/mb_blink_clk_wiz_1_0.xdc:57]
get_clocks: Time (s): cpu = 00:00:06 ; elapsed = 00:00:06 . Memory (MB): peak = 2165.410 ; gain = 476.348
Finished Parsing XDC File [c:/Users/kakkar3/Desktop/Final_Project/Final_Project.gen/sources_1/bd/mb_blink/ip/mb_blink_clk_wiz_1_0/mb_blink_clk_wiz_1_0.xdc] for cell 'mb_block_i/clk_wiz_1/inst'
Parsing XDC File [c:/Users/kakkar3/Desktop/Final_Project/Final_Project.gen/sources_1/bd/mb_blink/ip/mb_blink_rst_clk_wiz_1_100M_0/mb_blink_rst_clk_wiz_1_100M_0_board.xdc] for cell 'mb_block_i/rst_clk_wiz_1_100M/U0'
Finished Parsing XDC File [c:/Users/kakkar3/Desktop/Final_Project/Final_Project.gen/sources_1/bd/mb_blink/ip/mb_blink_rst_clk_wiz_1_100M_0/mb_blink_rst_clk_wiz_1_100M_0_board.xdc] for cell 'mb_block_i/rst_clk_wiz_1_100M/U0'
Parsing XDC File [c:/Users/kakkar3/Desktop/Final_Project/Final_Project.gen/sources_1/bd/mb_blink/ip/mb_blink_rst_clk_wiz_1_100M_0/mb_blink_rst_clk_wiz_1_100M_0.xdc] for cell 'mb_block_i/rst_clk_wiz_1_100M/U0'
Finished Parsing XDC File [c:/Users/kakkar3/Desktop/Final_Project/Final_Project.gen/sources_1/bd/mb_blink/ip/mb_blink_rst_clk_wiz_1_100M_0/mb_blink_rst_clk_wiz_1_100M_0.xdc] for cell 'mb_block_i/rst_clk_wiz_1_100M/U0'
Parsing XDC File [c:/Users/kakkar3/Desktop/Final_Project/Final_Project.gen/sources_1/bd/mb_blink/ip/mb_blink_axi_uartlite_0_0/mb_blink_axi_uartlite_0_0_board.xdc] for cell 'mb_block_i/axi_uartlite_0/U0'
Finished Parsing XDC File [c:/Users/kakkar3/Desktop/Final_Project/Final_Project.gen/sources_1/bd/mb_blink/ip/mb_blink_axi_uartlite_0_0/mb_blink_axi_uartlite_0_0_board.xdc] for cell 'mb_block_i/axi_uartlite_0/U0'
Parsing XDC File [c:/Users/kakkar3/Desktop/Final_Project/Final_Project.gen/sources_1/bd/mb_blink/ip/mb_blink_axi_uartlite_0_0/mb_blink_axi_uartlite_0_0.xdc] for cell 'mb_block_i/axi_uartlite_0/U0'
Finished Parsing XDC File [c:/Users/kakkar3/Desktop/Final_Project/Final_Project.gen/sources_1/bd/mb_blink/ip/mb_blink_axi_uartlite_0_0/mb_blink_axi_uartlite_0_0.xdc] for cell 'mb_block_i/axi_uartlite_0/U0'
Parsing XDC File [c:/Users/kakkar3/Desktop/Final_Project/Final_Project.gen/sources_1/bd/mb_blink/ip/mb_blink_axi_gpio_0_1/mb_blink_axi_gpio_0_1_board.xdc] for cell 'mb_block_i/gpio_usb_rst/U0'
Finished Parsing XDC File [c:/Users/kakkar3/Desktop/Final_Project/Final_Project.gen/sources_1/bd/mb_blink/ip/mb_blink_axi_gpio_0_1/mb_blink_axi_gpio_0_1_board.xdc] for cell 'mb_block_i/gpio_usb_rst/U0'
Parsing XDC File [c:/Users/kakkar3/Desktop/Final_Project/Final_Project.gen/sources_1/bd/mb_blink/ip/mb_blink_axi_gpio_0_1/mb_blink_axi_gpio_0_1.xdc] for cell 'mb_block_i/gpio_usb_rst/U0'
Finished Parsing XDC File [c:/Users/kakkar3/Desktop/Final_Project/Final_Project.gen/sources_1/bd/mb_blink/ip/mb_blink_axi_gpio_0_1/mb_blink_axi_gpio_0_1.xdc] for cell 'mb_block_i/gpio_usb_rst/U0'
Parsing XDC File [c:/Users/kakkar3/Desktop/Final_Project/Final_Project.gen/sources_1/bd/mb_blink/ip/mb_blink_axi_gpio_0_2/mb_blink_axi_gpio_0_2_board.xdc] for cell 'mb_block_i/gpio_usb_int/U0'
Finished Parsing XDC File [c:/Users/kakkar3/Desktop/Final_Project/Final_Project.gen/sources_1/bd/mb_blink/ip/mb_blink_axi_gpio_0_2/mb_blink_axi_gpio_0_2_board.xdc] for cell 'mb_block_i/gpio_usb_int/U0'
Parsing XDC File [c:/Users/kakkar3/Desktop/Final_Project/Final_Project.gen/sources_1/bd/mb_blink/ip/mb_blink_axi_gpio_0_2/mb_blink_axi_gpio_0_2.xdc] for cell 'mb_block_i/gpio_usb_int/U0'
Finished Parsing XDC File [c:/Users/kakkar3/Desktop/Final_Project/Final_Project.gen/sources_1/bd/mb_blink/ip/mb_blink_axi_gpio_0_2/mb_blink_axi_gpio_0_2.xdc] for cell 'mb_block_i/gpio_usb_int/U0'
Parsing XDC File [c:/Users/kakkar3/Desktop/Final_Project/Final_Project.gen/sources_1/bd/mb_blink/ip/mb_blink_axi_timer_0_0/mb_blink_axi_timer_0_0.xdc] for cell 'mb_block_i/timer_usb_axi/U0'
Finished Parsing XDC File [c:/Users/kakkar3/Desktop/Final_Project/Final_Project.gen/sources_1/bd/mb_blink/ip/mb_blink_axi_timer_0_0/mb_blink_axi_timer_0_0.xdc] for cell 'mb_block_i/timer_usb_axi/U0'
Parsing XDC File [c:/Users/kakkar3/Desktop/Final_Project/Final_Project.gen/sources_1/bd/mb_blink/ip/mb_blink_axi_quad_spi_0_0/mb_blink_axi_quad_spi_0_0_board.xdc] for cell 'mb_block_i/spi_usb/U0'
Finished Parsing XDC File [c:/Users/kakkar3/Desktop/Final_Project/Final_Project.gen/sources_1/bd/mb_blink/ip/mb_blink_axi_quad_spi_0_0/mb_blink_axi_quad_spi_0_0_board.xdc] for cell 'mb_block_i/spi_usb/U0'
Parsing XDC File [c:/Users/kakkar3/Desktop/Final_Project/Final_Project.gen/sources_1/bd/mb_blink/ip/mb_blink_axi_quad_spi_0_0/mb_blink_axi_quad_spi_0_0.xdc] for cell 'mb_block_i/spi_usb/U0'
Finished Parsing XDC File [c:/Users/kakkar3/Desktop/Final_Project/Final_Project.gen/sources_1/bd/mb_blink/ip/mb_blink_axi_quad_spi_0_0/mb_blink_axi_quad_spi_0_0.xdc] for cell 'mb_block_i/spi_usb/U0'
Parsing XDC File [c:/Users/kakkar3/Desktop/Final_Project/Final_Project.gen/sources_1/bd/mb_blink/ip/mb_blink_hdmi_text_controller_0_1/src/clk_wiz_0/clk_wiz_0.xdc] for cell 'mb_block_i/hdmi_text_controller_0/inst/clk_wiz/inst'
Finished Parsing XDC File [c:/Users/kakkar3/Desktop/Final_Project/Final_Project.gen/sources_1/bd/mb_blink/ip/mb_blink_hdmi_text_controller_0_1/src/clk_wiz_0/clk_wiz_0.xdc] for cell 'mb_block_i/hdmi_text_controller_0/inst/clk_wiz/inst'
Parsing XDC File [C:/Users/kakkar3/Desktop/Final_Project/Final_Project.srcs/constrs_1/imports/pin_assignment/mb_usb_hdmi_top.xdc]
CRITICAL WARNING: [Constraints 18-1055] Clock 'clk_100' completely overrides clock 'Clk', which is referenced by one or more other constraints. Any constraints that refer to the overridden clock will be ignored.
New: create_clock -period 10.000 -name clk_100 -waveform {0.000 5.000} [get_ports Clk], [C:/Users/kakkar3/Desktop/Final_Project/Final_Project.srcs/constrs_1/imports/pin_assignment/mb_usb_hdmi_top.xdc:1]
Previous: create_clock -period 10.000 [get_ports Clk], [c:/Users/kakkar3/Desktop/Final_Project/Final_Project.gen/sources_1/bd/mb_blink/ip/mb_blink_clk_wiz_1_0/mb_blink_clk_wiz_1_0.xdc:56]
Resolution: Review the constraint files and remove the redundant clock definition(s). If the clock constraints are not saved in a file, you can first save the constraints to an XDC file and reload the design once the constraints have been corrected.
Finished Parsing XDC File [C:/Users/kakkar3/Desktop/Final_Project/Final_Project.srcs/constrs_1/imports/pin_assignment/mb_usb_hdmi_top.xdc]
Parsing XDC File [c:/Users/kakkar3/Desktop/Final_Project/Final_Project.gen/sources_1/bd/mb_blink/ip/mb_blink_microblaze_0_axi_intc_0/mb_blink_microblaze_0_axi_intc_0_clocks.xdc] for cell 'mb_block_i/microblaze_0_axi_intc/U0'
Finished Parsing XDC File [c:/Users/kakkar3/Desktop/Final_Project/Final_Project.gen/sources_1/bd/mb_blink/ip/mb_blink_microblaze_0_axi_intc_0/mb_blink_microblaze_0_axi_intc_0_clocks.xdc] for cell 'mb_block_i/microblaze_0_axi_intc/U0'
Parsing XDC File [c:/Users/kakkar3/Desktop/Final_Project/Final_Project.gen/sources_1/bd/mb_blink/ip/mb_blink_mdm_1_0/mb_blink_mdm_1_0.xdc] for cell 'mb_block_i/mdm_1/U0'
INFO: [Timing 38-2] Deriving generated clocks [c:/Users/kakkar3/Desktop/Final_Project/Final_Project.gen/sources_1/bd/mb_blink/ip/mb_blink_mdm_1_0/mb_blink_mdm_1_0.xdc:50]
Finished Parsing XDC File [c:/Users/kakkar3/Desktop/Final_Project/Final_Project.gen/sources_1/bd/mb_blink/ip/mb_blink_mdm_1_0/mb_blink_mdm_1_0.xdc] for cell 'mb_block_i/mdm_1/U0'
Parsing XDC File [c:/Users/kakkar3/Desktop/Final_Project/Final_Project.gen/sources_1/bd/mb_blink/ip/mb_blink_axi_quad_spi_0_0/mb_blink_axi_quad_spi_0_0_clocks.xdc] for cell 'mb_block_i/spi_usb/U0'
Finished Parsing XDC File [c:/Users/kakkar3/Desktop/Final_Project/Final_Project.gen/sources_1/bd/mb_blink/ip/mb_blink_axi_quad_spi_0_0/mb_blink_axi_quad_spi_0_0_clocks.xdc] for cell 'mb_block_i/spi_usb/U0'
Parsing XDC File [c:/Users/kakkar3/Desktop/Final_Project/Final_Project.gen/sources_1/bd/mb_blink/ip/mb_blink_hdmi_text_controller_0_1/src/clk_wiz_0/clk_wiz_0_late.xdc] for cell 'mb_block_i/hdmi_text_controller_0/inst/clk_wiz/inst'
Finished Parsing XDC File [c:/Users/kakkar3/Desktop/Final_Project/Final_Project.gen/sources_1/bd/mb_blink/ip/mb_blink_hdmi_text_controller_0_1/src/clk_wiz_0/clk_wiz_0_late.xdc] for cell 'mb_block_i/hdmi_text_controller_0/inst/clk_wiz/inst'
WARNING: [XPM_CDC_GRAY: TCL-1000] The source and destination clocks are the same. 
     Instance: mb_block_i/spi_usb/U0/NO_DUAL_QUAD_MODE.QSPI_NORMAL/QSPI_LEGACY_MD_GEN.QSPI_CORE_INTERFACE_I/FIFO_EXISTS.TX_FIFO_II/xpm_fifo_instance.xpm_fifo_async_inst/gnuram_async_fifo.xpm_fifo_base_inst/gen_cdc_pntr.rd_pntr_cdc_inst 
  This will add unnecessary latency to the design. Please check the design for the following: 
 1) Manually instantiated XPM_CDC modules: Xilinx recommends that you remove these modules. 
 2) Xilinx IP that contains XPM_CDC modules: Verify the connections to the IP to determine whether you can safely ignore this message.
 [C:/Xilinx/Vivado/2022.2/data/ip/xpm/xpm_cdc/tcl/xpm_cdc_gray.tcl:16]
WARNING: [XPM_CDC_GRAY: TCL-1000] The source and destination clocks are the same. 
     Instance: mb_block_i/spi_usb/U0/NO_DUAL_QUAD_MODE.QSPI_NORMAL/QSPI_LEGACY_MD_GEN.QSPI_CORE_INTERFACE_I/FIFO_EXISTS.RX_FIFO_II/gnuram_async_fifo.xpm_fifo_base_inst/gen_cdc_pntr.wr_pntr_cdc_inst 
  This will add unnecessary latency to the design. Please check the design for the following: 
 1) Manually instantiated XPM_CDC modules: Xilinx recommends that you remove these modules. 
 2) Xilinx IP that contains XPM_CDC modules: Verify the connections to the IP to determine whether you can safely ignore this message.
 [C:/Xilinx/Vivado/2022.2/data/ip/xpm/xpm_cdc/tcl/xpm_cdc_gray.tcl:16]
WARNING: [XPM_CDC_GRAY: TCL-1000] The source and destination clocks are the same. 
     Instance: mb_block_i/spi_usb/U0/NO_DUAL_QUAD_MODE.QSPI_NORMAL/QSPI_LEGACY_MD_GEN.QSPI_CORE_INTERFACE_I/FIFO_EXISTS.RX_FIFO_II/gnuram_async_fifo.xpm_fifo_base_inst/gen_cdc_pntr.rd_pntr_cdc_inst 
  This will add unnecessary latency to the design. Please check the design for the following: 
 1) Manually instantiated XPM_CDC modules: Xilinx recommends that you remove these modules. 
 2) Xilinx IP that contains XPM_CDC modules: Verify the connections to the IP to determine whether you can safely ignore this message.
 [C:/Xilinx/Vivado/2022.2/data/ip/xpm/xpm_cdc/tcl/xpm_cdc_gray.tcl:16]
WARNING: [XPM_CDC_GRAY: TCL-1000] The source and destination clocks are the same. 
     Instance: mb_block_i/spi_usb/U0/NO_DUAL_QUAD_MODE.QSPI_NORMAL/QSPI_LEGACY_MD_GEN.QSPI_CORE_INTERFACE_I/FIFO_EXISTS.TX_FIFO_II/xpm_fifo_instance.xpm_fifo_async_inst/gnuram_async_fifo.xpm_fifo_base_inst/gen_cdc_pntr.wr_pntr_cdc_inst 
  This will add unnecessary latency to the design. Please check the design for the following: 
 1) Manually instantiated XPM_CDC modules: Xilinx recommends that you remove these modules. 
 2) Xilinx IP that contains XPM_CDC modules: Verify the connections to the IP to determine whether you can safely ignore this message.
 [C:/Xilinx/Vivado/2022.2/data/ip/xpm/xpm_cdc/tcl/xpm_cdc_gray.tcl:16]
WARNING: [XPM_CDC_GRAY: TCL-1000] The source and destination clocks are the same. 
     Instance: mb_block_i/spi_usb/U0/NO_DUAL_QUAD_MODE.QSPI_NORMAL/QSPI_LEGACY_MD_GEN.QSPI_CORE_INTERFACE_I/FIFO_EXISTS.TX_FIFO_II/xpm_fifo_instance.xpm_fifo_async_inst/gnuram_async_fifo.xpm_fifo_base_inst/gen_cdc_pntr.wr_pntr_cdc_dc_inst 
  This will add unnecessary latency to the design. Please check the design for the following: 
 1) Manually instantiated XPM_CDC modules: Xilinx recommends that you remove these modules. 
 2) Xilinx IP that contains XPM_CDC modules: Verify the connections to the IP to determine whether you can safely ignore this message.
 [C:/Xilinx/Vivado/2022.2/data/ip/xpm/xpm_cdc/tcl/xpm_cdc_gray.tcl:16]
WARNING: [XPM_CDC_GRAY: TCL-1000] The source and destination clocks are the same. 
     Instance: mb_block_i/spi_usb/U0/NO_DUAL_QUAD_MODE.QSPI_NORMAL/QSPI_LEGACY_MD_GEN.QSPI_CORE_INTERFACE_I/FIFO_EXISTS.RX_FIFO_II/gnuram_async_fifo.xpm_fifo_base_inst/gen_cdc_pntr.wr_pntr_cdc_dc_inst 
  This will add unnecessary latency to the design. Please check the design for the following: 
 1) Manually instantiated XPM_CDC modules: Xilinx recommends that you remove these modules. 
 2) Xilinx IP that contains XPM_CDC modules: Verify the connections to the IP to determine whether you can safely ignore this message.
 [C:/Xilinx/Vivado/2022.2/data/ip/xpm/xpm_cdc/tcl/xpm_cdc_gray.tcl:16]
WARNING: [XPM_CDC_GRAY: TCL-1000] The source and destination clocks are the same. 
     Instance: mb_block_i/spi_usb/U0/NO_DUAL_QUAD_MODE.QSPI_NORMAL/QSPI_LEGACY_MD_GEN.QSPI_CORE_INTERFACE_I/FIFO_EXISTS.TX_FIFO_II/xpm_fifo_instance.xpm_fifo_async_inst/gnuram_async_fifo.xpm_fifo_base_inst/gen_cdc_pntr.rd_pntr_cdc_dc_inst 
  This will add unnecessary latency to the design. Please check the design for the following: 
 1) Manually instantiated XPM_CDC modules: Xilinx recommends that you remove these modules. 
 2) Xilinx IP that contains XPM_CDC modules: Verify the connections to the IP to determine whether you can safely ignore this message.
 [C:/Xilinx/Vivado/2022.2/data/ip/xpm/xpm_cdc/tcl/xpm_cdc_gray.tcl:16]
WARNING: [XPM_CDC_GRAY: TCL-1000] The source and destination clocks are the same. 
     Instance: mb_block_i/spi_usb/U0/NO_DUAL_QUAD_MODE.QSPI_NORMAL/QSPI_LEGACY_MD_GEN.QSPI_CORE_INTERFACE_I/FIFO_EXISTS.RX_FIFO_II/gnuram_async_fifo.xpm_fifo_base_inst/gen_cdc_pntr.rd_pntr_cdc_dc_inst 
  This will add unnecessary latency to the design. Please check the design for the following: 
 1) Manually instantiated XPM_CDC modules: Xilinx recommends that you remove these modules. 
 2) Xilinx IP that contains XPM_CDC modules: Verify the connections to the IP to determine whether you can safely ignore this message.
 [C:/Xilinx/Vivado/2022.2/data/ip/xpm/xpm_cdc/tcl/xpm_cdc_gray.tcl:16]
INFO: [Project 1-1714] 14 XPM XDC files have been applied to the design.
INFO: [Opt 31-138] Pushed 0 inverter(s) to 0 load pin(s).
WARNING: [Constraints 18-5572] Instance mb_block_i/spi_usb/U0/NO_DUAL_QUAD_MODE.QSPI_NORMAL/IO0_I_REG has IOB constraint set, However, the instance does not seem to have valid I/O connection to be placed into I/O. The constraint on the instance will be ignored.
Generating merged BMM file for the design top 'mb_usb_hdmi_top'...
INFO: [Memdata 28-144] Successfully populated the BRAM INIT strings from the following elf files: c:/Users/kakkar3/Desktop/Final_Project/Final_Project.gen/sources_1/bd/mb_blink/ip/mb_blink_microblaze_0_0/data/mb_bootloop_le.elf 
Netlist sorting complete. Time (s): cpu = 00:00:00 ; elapsed = 00:00:00.010 . Memory (MB): peak = 2168.395 ; gain = 0.000
INFO: [Project 1-111] Unisim Transformation Summary:
  A total of 247 instances were transformed.
  LUT6_2 => LUT6_2 (LUT5, LUT6): 145 instances
  RAM16X1D => RAM32X1D (RAMD32(x2)): 32 instances
  RAM32M => RAM32M (RAMD32(x6), RAMS32(x2)): 2 instances
  RAM32X1D => RAM32X1D (RAMD32(x2)): 68 instances

33 Infos, 9 Warnings, 1 Critical Warnings and 0 Errors encountered.
link_design completed successfully
link_design: Time (s): cpu = 00:00:16 ; elapsed = 00:00:19 . Memory (MB): peak = 2168.395 ; gain = 1101.316
Command: opt_design
Attempting to get a license for feature 'Implementation' and/or device 'xc7s50'
INFO: [Common 17-349] Got license for feature 'Implementation' and/or device 'xc7s50'
Running DRC as a precondition to command opt_design

Starting DRC Task
INFO: [DRC 23-27] Running DRC with 2 threads
INFO: [Project 1-461] DRC finished with 0 Errors
INFO: [Project 1-462] Please refer to the DRC report (report_drc) for more information.

Time (s): cpu = 00:00:01 ; elapsed = 00:00:00.817 . Memory (MB): peak = 2168.395 ; gain = 0.000

Starting Cache Timing Information Task
INFO: [Timing 38-35] Done setting XDC timing constraints.
Ending Cache Timing Information Task | Checksum: 1dddcba02

Time (s): cpu = 00:00:01 ; elapsed = 00:00:00.665 . Memory (MB): peak = 2168.395 ; gain = 0.000

Starting Logic Optimization Task

Phase 1 Retarget
INFO: [Opt 31-1287] Pulled Inverter mb_block_i/mdm_1/U0/MDM_Core_I1/JTAG_CONTROL_I/Use_BSCAN.FDC_I/Use_Serial_Unified_Completion.Completion_Status_Register.sample_1[15]_i_1 into driver instance mb_block_i/mdm_1/U0/MDM_Core_I1/JTAG_CONTROL_I/Use_BSCAN.FDC_I/Use_Serial_Unified_Completion.Completion_Status_Register.sample_1[15]_i_2, which resulted in an inversion of 14 pins
INFO: [Opt 31-1287] Pulled Inverter mb_block_i/spi_usb/U0/NO_DUAL_QUAD_MODE.QSPI_NORMAL/QSPI_LEGACY_MD_GEN.QSPI_CORE_INTERFACE_I/FIFO_EXISTS.RX_FIFO_II/gnuram_async_fifo.xpm_fifo_base_inst/xpm_fifo_rst_inst/FSM_onehot_gen_rst_ic.curr_wrst_state[4]_i_1 into driver instance mb_block_i/spi_usb/U0/NO_DUAL_QUAD_MODE.QSPI_NORMAL/QSPI_LEGACY_MD_GEN.QSPI_CORE_INTERFACE_I/FIFO_EXISTS.RX_FIFO_II/gnuram_async_fifo.xpm_fifo_base_inst/xpm_fifo_rst_inst//i_, which resulted in an inversion of 2 pins
INFO: [Opt 31-1287] Pulled Inverter mb_block_i/spi_usb/U0/NO_DUAL_QUAD_MODE.QSPI_NORMAL/QSPI_LEGACY_MD_GEN.QSPI_CORE_INTERFACE_I/FIFO_EXISTS.TX_FIFO_II/xpm_fifo_instance.xpm_fifo_async_inst/gnuram_async_fifo.xpm_fifo_base_inst/xpm_fifo_rst_inst/FSM_onehot_gen_rst_ic.curr_wrst_state[4]_i_1 into driver instance mb_block_i/spi_usb/U0/NO_DUAL_QUAD_MODE.QSPI_NORMAL/QSPI_LEGACY_MD_GEN.QSPI_CORE_INTERFACE_I/FIFO_EXISTS.TX_FIFO_II/xpm_fifo_instance.xpm_fifo_async_inst/gnuram_async_fifo.xpm_fifo_base_inst/xpm_fifo_rst_inst//i_, which resulted in an inversion of 2 pins
INFO: [Opt 31-1287] Pulled Inverter mb_block_i/spi_usb/U0/NO_DUAL_QUAD_MODE.QSPI_NORMAL/QSPI_LEGACY_MD_GEN.QSPI_CORE_INTERFACE_I/LOGIC_FOR_MD_0_GEN.SPI_MODULE_I/LOCAL_TX_EMPTY_FIFO_12_GEN.stop_clock_reg_i_1 into driver instance mb_block_i/spi_usb/U0/NO_DUAL_QUAD_MODE.QSPI_NORMAL/QSPI_LEGACY_MD_GEN.QSPI_CORE_INTERFACE_I/LOGIC_FOR_MD_0_GEN.SPI_MODULE_I/SS_O[0]_i_2, which resulted in an inversion of 3 pins
INFO: [Opt 31-138] Pushed 4 inverter(s) to 20 load pin(s).
INFO: [Opt 31-49] Retargeted 0 cell(s).
Phase 1 Retarget | Checksum: 1a9be5a7f

Time (s): cpu = 00:00:01 ; elapsed = 00:00:00.857 . Memory (MB): peak = 2487.715 ; gain = 0.000
INFO: [Opt 31-389] Phase Retarget created 217 cells and removed 321 cells
INFO: [Opt 31-1021] In phase Retarget, 4 netlist objects are constrained preventing optimization. Please run opt_design with -debug_log to get more detail. 

Phase 2 Constant propagation
INFO: [Opt 31-138] Pushed 9 inverter(s) to 15 load pin(s).
Phase 2 Constant propagation | Checksum: 19f173142

Time (s): cpu = 00:00:02 ; elapsed = 00:00:01 . Memory (MB): peak = 2487.715 ; gain = 0.000
INFO: [Opt 31-389] Phase Constant propagation created 128 cells and removed 291 cells
INFO: [Opt 31-1021] In phase Constant propagation, 2 netlist objects are constrained preventing optimization. Please run opt_design with -debug_log to get more detail. 

Phase 3 Sweep
Phase 3 Sweep | Checksum: 1a477b58f

Time (s): cpu = 00:00:02 ; elapsed = 00:00:01 . Memory (MB): peak = 2487.715 ; gain = 0.000
INFO: [Opt 31-389] Phase Sweep created 0 cells and removed 273 cells
INFO: [Opt 31-1021] In phase Sweep, 6 netlist objects are constrained preventing optimization. Please run opt_design with -debug_log to get more detail. 

Phase 4 BUFG optimization
INFO: [Opt 31-194] Inserted BUFG mb_block_i/mdm_1/U0/Use_E2.BSCAN_I/Dbg_Update_0_BUFG_inst to drive 40 load(s) on clock net mb_block_i/mdm_1/U0/Use_E2.BSCAN_I/Dbg_Update_0_BUFG
INFO: [Opt 31-193] Inserted 1 BUFG(s) on clock nets
Phase 4 BUFG optimization | Checksum: 1c359e8da

Time (s): cpu = 00:00:02 ; elapsed = 00:00:02 . Memory (MB): peak = 2487.715 ; gain = 0.000
INFO: [Opt 31-662] Phase BUFG optimization created 1 cells of which 1 are BUFGs and removed 0 cells.

Phase 5 Shift Register Optimization
INFO: [Opt 31-1064] SRL Remap converted 0 SRLs to 0 registers and converted 0 registers of register chains to 0 SRLs
Phase 5 Shift Register Optimization | Checksum: 1c359e8da

Time (s): cpu = 00:00:02 ; elapsed = 00:00:02 . Memory (MB): peak = 2487.715 ; gain = 0.000
INFO: [Opt 31-389] Phase Shift Register Optimization created 0 cells and removed 0 cells

Phase 6 Post Processing Netlist
Phase 6 Post Processing Netlist | Checksum: 18da5694d

Time (s): cpu = 00:00:02 ; elapsed = 00:00:02 . Memory (MB): peak = 2487.715 ; gain = 0.000
INFO: [Opt 31-389] Phase Post Processing Netlist created 0 cells and removed 0 cells
INFO: [Opt 31-1021] In phase Post Processing Netlist, 2 netlist objects are constrained preventing optimization. Please run opt_design with -debug_log to get more detail. 
Opt_design Change Summary
=========================


-------------------------------------------------------------------------------------------------------------------------
|  Phase                        |  #Cells created  |  #Cells Removed  |  #Constrained objects preventing optimizations  |
-------------------------------------------------------------------------------------------------------------------------
|  Retarget                     |             217  |             321  |                                              4  |
|  Constant propagation         |             128  |             291  |                                              2  |
|  Sweep                        |               0  |             273  |                                              6  |
|  BUFG optimization            |               1  |               0  |                                              0  |
|  Shift Register Optimization  |               0  |               0  |                                              0  |
|  Post Processing Netlist      |               0  |               0  |                                              2  |
-------------------------------------------------------------------------------------------------------------------------



Starting Connectivity Check Task

Time (s): cpu = 00:00:00 ; elapsed = 00:00:00.038 . Memory (MB): peak = 2487.715 ; gain = 0.000
Ending Logic Optimization Task | Checksum: 25d0a3ecb

Time (s): cpu = 00:00:03 ; elapsed = 00:00:02 . Memory (MB): peak = 2487.715 ; gain = 0.000

Starting Power Optimization Task
INFO: [Pwropt 34-132] Skipping clock gating for clocks with a period < 2.00 ns.
INFO: [Timing 38-35] Done setting XDC timing constraints.
Running Vector-less Activity Propagation...

Finished Running Vector-less Activity Propagation
INFO: [Pwropt 34-9] Applying IDT optimizations ...
INFO: [Pwropt 34-10] Applying ODC optimizations ...


Starting PowerOpt Patch Enables Task
INFO: [Pwropt 34-162] WRITE_MODE attribute of 0 BRAM(s) out of a total of 61 has been updated to save power. Run report_power_opt to get a complete listing of the BRAMs updated.
INFO: [Pwropt 34-201] Structural ODC has moved 0 WE to EN ports
Number of BRAM Ports augmented: 0 newly gated: 0 Total Ports: 122
Ending PowerOpt Patch Enables Task | Checksum: 25d0a3ecb

Time (s): cpu = 00:00:00 ; elapsed = 00:00:00.229 . Memory (MB): peak = 2700.199 ; gain = 0.000
Ending Power Optimization Task | Checksum: 25d0a3ecb

Time (s): cpu = 00:00:09 ; elapsed = 00:00:06 . Memory (MB): peak = 2700.199 ; gain = 212.484

Starting Final Cleanup Task
Ending Final Cleanup Task | Checksum: 25d0a3ecb

Time (s): cpu = 00:00:00 ; elapsed = 00:00:00.002 . Memory (MB): peak = 2700.199 ; gain = 0.000

Starting Netlist Obfuscation Task
Netlist sorting complete. Time (s): cpu = 00:00:00 ; elapsed = 00:00:00.009 . Memory (MB): peak = 2700.199 ; gain = 0.000
Ending Netlist Obfuscation Task | Checksum: 25d0a3ecb

Time (s): cpu = 00:00:00 ; elapsed = 00:00:00.011 . Memory (MB): peak = 2700.199 ; gain = 0.000
INFO: [Common 17-83] Releasing license: Implementation
65 Infos, 9 Warnings, 1 Critical Warnings and 0 Errors encountered.
opt_design completed successfully
opt_design: Time (s): cpu = 00:00:16 ; elapsed = 00:00:11 . Memory (MB): peak = 2700.199 ; gain = 531.805
INFO: [Timing 38-35] Done setting XDC timing constraints.
INFO: [Timing 38-480] Writing timing data to binary archive.
Writing XDEF routing.
Writing XDEF routing logical nets.
Writing XDEF routing special nets.
Write XDEF Complete: Time (s): cpu = 00:00:00 ; elapsed = 00:00:00.035 . Memory (MB): peak = 2700.199 ; gain = 0.000
INFO: [Common 17-1381] The checkpoint 'C:/Users/kakkar3/Desktop/Final_Project/Final_Project.runs/impl_1/mb_usb_hdmi_top_opt.dcp' has been generated.
INFO: [runtcl-4] Executing : report_drc -file mb_usb_hdmi_top_drc_opted.rpt -pb mb_usb_hdmi_top_drc_opted.pb -rpx mb_usb_hdmi_top_drc_opted.rpx
Command: report_drc -file mb_usb_hdmi_top_drc_opted.rpt -pb mb_usb_hdmi_top_drc_opted.pb -rpx mb_usb_hdmi_top_drc_opted.rpx
INFO: [IP_Flow 19-1839] IP Catalog is up to date.
INFO: [DRC 23-27] Running DRC with 2 threads
INFO: [Vivado_Tcl 2-168] The results of DRC are in file C:/Users/kakkar3/Desktop/Final_Project/Final_Project.runs/impl_1/mb_usb_hdmi_top_drc_opted.rpt.
report_drc completed successfully
Command: place_design
Attempting to get a license for feature 'Implementation' and/or device 'xc7s50'
INFO: [Common 17-349] Got license for feature 'Implementation' and/or device 'xc7s50'
INFO: [DRC 23-27] Running DRC with 2 threads
INFO: [Vivado_Tcl 4-198] DRC finished with 0 Errors
INFO: [Vivado_Tcl 4-199] Please refer to the DRC report (report_drc) for more information.
Running DRC as a precondition to command place_design
INFO: [DRC 23-27] Running DRC with 2 threads
INFO: [Vivado_Tcl 4-198] DRC finished with 0 Errors, 42 Warnings
INFO: [Vivado_Tcl 4-199] Please refer to the DRC report (report_drc) for more information.

Starting Placer Task
INFO: [Place 30-611] Multithreading enabled for place_design using a maximum of 2 CPUs

Phase 1 Placer Initialization

Phase 1.1 Placer Initialization Netlist Sorting
Netlist sorting complete. Time (s): cpu = 00:00:00 ; elapsed = 00:00:00.011 . Memory (MB): peak = 2700.199 ; gain = 0.000
Phase 1.1 Placer Initialization Netlist Sorting | Checksum: 1674b72bc

Time (s): cpu = 00:00:00 ; elapsed = 00:00:00.018 . Memory (MB): peak = 2700.199 ; gain = 0.000
Netlist sorting complete. Time (s): cpu = 00:00:00 ; elapsed = 00:00:00.009 . Memory (MB): peak = 2700.199 ; gain = 0.000

Phase 1.2 IO Placement/ Clock Placement/ Build Placer Device
Phase 1.2 IO Placement/ Clock Placement/ Build Placer Device | Checksum: 9b0db7b0

Time (s): cpu = 00:00:01 ; elapsed = 00:00:00.634 . Memory (MB): peak = 2700.199 ; gain = 0.000

Phase 1.3 Build Placer Netlist Model
Phase 1.3 Build Placer Netlist Model | Checksum: 130e6d834

Time (s): cpu = 00:00:05 ; elapsed = 00:00:03 . Memory (MB): peak = 2700.199 ; gain = 0.000

Phase 1.4 Constrain Clocks/Macros
Phase 1.4 Constrain Clocks/Macros | Checksum: 130e6d834

Time (s): cpu = 00:00:05 ; elapsed = 00:00:03 . Memory (MB): peak = 2700.199 ; gain = 0.000
Phase 1 Placer Initialization | Checksum: 130e6d834

Time (s): cpu = 00:00:05 ; elapsed = 00:00:03 . Memory (MB): peak = 2700.199 ; gain = 0.000

Phase 2 Global Placement

Phase 2.1 Floorplanning
Phase 2.1 Floorplanning | Checksum: 15309c7d4

Time (s): cpu = 00:00:06 ; elapsed = 00:00:04 . Memory (MB): peak = 2700.199 ; gain = 0.000

Phase 2.2 Update Timing before SLR Path Opt
Phase 2.2 Update Timing before SLR Path Opt | Checksum: f5e7546a

Time (s): cpu = 00:00:08 ; elapsed = 00:00:05 . Memory (MB): peak = 2700.199 ; gain = 0.000

Phase 2.3 Post-Processing in Floorplanning
Phase 2.3 Post-Processing in Floorplanning | Checksum: f5e7546a

Time (s): cpu = 00:00:08 ; elapsed = 00:00:05 . Memory (MB): peak = 2700.199 ; gain = 0.000

Phase 2.4 Global Placement Core

Phase 2.4.1 UpdateTiming Before Physical Synthesis
Phase 2.4.1 UpdateTiming Before Physical Synthesis | Checksum: b8923279

Time (s): cpu = 00:00:29 ; elapsed = 00:00:18 . Memory (MB): peak = 2700.199 ; gain = 0.000

Phase 2.4.2 Physical Synthesis In Placer
INFO: [Physopt 32-1035] Found 617 LUTNM shape to break, 515 LUT instances to create LUTNM shape
INFO: [Physopt 32-1044] Break lutnm for timing: one critical 7, two critical 610, total 617, new lutff created 0
INFO: [Physopt 32-1138] End 1 Pass. Optimized 822 nets or LUTs. Breaked 617 LUTs, combined 205 existing LUTs and moved 0 existing LUT
INFO: [Physopt 32-65] No nets found for high-fanout optimization.
INFO: [Physopt 32-232] Optimized 0 net. Created 0 new instance.
INFO: [Physopt 32-775] End 1 Pass. Optimized 0 net or cell. Created 0 new cell, deleted 0 existing cell and moved 0 existing cell
INFO: [Physopt 32-456] No candidate cells for DSP register optimization found in the design.
INFO: [Physopt 32-775] End 2 Pass. Optimized 0 net or cell. Created 0 new cell, deleted 0 existing cell and moved 0 existing cell
INFO: [Physopt 32-1123] No candidate cells found for Shift Register to Pipeline optimization
INFO: [Physopt 32-775] End 2 Pass. Optimized 0 net or cell. Created 0 new cell, deleted 0 existing cell and moved 0 existing cell
INFO: [Physopt 32-677] No candidate cells for Shift Register optimization found in the design
INFO: [Physopt 32-775] End 1 Pass. Optimized 0 net or cell. Created 0 new cell, deleted 0 existing cell and moved 0 existing cell
INFO: [Physopt 32-526] No candidate cells for BRAM register optimization found in the design
INFO: [Physopt 32-775] End 1 Pass. Optimized 0 net or cell. Created 0 new cell, deleted 0 existing cell and moved 0 existing cell
INFO: [Physopt 32-846] No candidate cells for URAM register optimization found in the design
INFO: [Physopt 32-775] End 2 Pass. Optimized 0 net or cell. Created 0 new cell, deleted 0 existing cell and moved 0 existing cell
INFO: [Physopt 32-949] No candidate nets found for dynamic/static region interface net replication
INFO: [Physopt 32-775] End 1 Pass. Optimized 0 net or cell. Created 0 new cell, deleted 0 existing cell and moved 0 existing cell
Netlist sorting complete. Time (s): cpu = 00:00:00 ; elapsed = 00:00:00.009 . Memory (MB): peak = 2700.199 ; gain = 0.000

Summary of Physical Synthesis Optimizations
============================================


-----------------------------------------------------------------------------------------------------------------------------------------------------------
|  Optimization                                     |  Added Cells  |  Removed Cells  |  Optimized Cells/Nets  |  Dont Touch  |  Iterations  |  Elapsed   |
-----------------------------------------------------------------------------------------------------------------------------------------------------------
|  LUT Combining                                    |          617  |            205  |                   822  |           0  |           1  |  00:00:00  |
|  Retime                                           |            0  |              0  |                     0  |           0  |           1  |  00:00:00  |
|  Very High Fanout                                 |            0  |              0  |                     0  |           0  |           1  |  00:00:00  |
|  DSP Register                                     |            0  |              0  |                     0  |           0  |           1  |  00:00:00  |
|  Shift Register to Pipeline                       |            0  |              0  |                     0  |           0  |           1  |  00:00:00  |
|  Shift Register                                   |            0  |              0  |                     0  |           0  |           1  |  00:00:00  |
|  BRAM Register                                    |            0  |              0  |                     0  |           0  |           1  |  00:00:00  |
|  URAM Register                                    |            0  |              0  |                     0  |           0  |           1  |  00:00:00  |
|  Dynamic/Static Region Interface Net Replication  |            0  |              0  |                     0  |           0  |           1  |  00:00:00  |
|  Total                                            |          617  |            205  |                   822  |           0  |           9  |  00:00:01  |
-----------------------------------------------------------------------------------------------------------------------------------------------------------


Phase 2.4.2 Physical Synthesis In Placer | Checksum: ffd27bd3

Time (s): cpu = 00:00:31 ; elapsed = 00:00:19 . Memory (MB): peak = 2700.199 ; gain = 0.000
Phase 2.4 Global Placement Core | Checksum: 1b6c5fb25

Time (s): cpu = 00:00:32 ; elapsed = 00:00:20 . Memory (MB): peak = 2700.199 ; gain = 0.000
Phase 2 Global Placement | Checksum: 1b6c5fb25

Time (s): cpu = 00:00:32 ; elapsed = 00:00:20 . Memory (MB): peak = 2700.199 ; gain = 0.000

Phase 3 Detail Placement

Phase 3.1 Commit Multi Column Macros
Phase 3.1 Commit Multi Column Macros | Checksum: 16b652bbf

Time (s): cpu = 00:00:33 ; elapsed = 00:00:21 . Memory (MB): peak = 2700.199 ; gain = 0.000

Phase 3.2 Commit Most Macros & LUTRAMs
Phase 3.2 Commit Most Macros & LUTRAMs | Checksum: 1a3401431

Time (s): cpu = 00:00:36 ; elapsed = 00:00:23 . Memory (MB): peak = 2700.199 ; gain = 0.000

Phase 3.3 Area Swap Optimization
Phase 3.3 Area Swap Optimization | Checksum: 16415b24f

Time (s): cpu = 00:00:36 ; elapsed = 00:00:23 . Memory (MB): peak = 2700.199 ; gain = 0.000

Phase 3.4 Pipeline Register Optimization
Phase 3.4 Pipeline Register Optimization | Checksum: 1d8548792

Time (s): cpu = 00:00:36 ; elapsed = 00:00:23 . Memory (MB): peak = 2700.199 ; gain = 0.000

Phase 3.5 Fast Optimization
Phase 3.5 Fast Optimization | Checksum: 183caae28

Time (s): cpu = 00:00:44 ; elapsed = 00:00:31 . Memory (MB): peak = 2700.199 ; gain = 0.000

Phase 3.6 Small Shape Detail Placement
Phase 3.6 Small Shape Detail Placement | Checksum: 227ca5123

Time (s): cpu = 00:00:49 ; elapsed = 00:00:37 . Memory (MB): peak = 2700.199 ; gain = 0.000

Phase 3.7 Re-assign LUT pins
Phase 3.7 Re-assign LUT pins | Checksum: 18725ce92

Time (s): cpu = 00:00:50 ; elapsed = 00:00:38 . Memory (MB): peak = 2700.199 ; gain = 0.000

Phase 3.8 Pipeline Register Optimization
Phase 3.8 Pipeline Register Optimization | Checksum: 10adfebd0

Time (s): cpu = 00:00:50 ; elapsed = 00:00:38 . Memory (MB): peak = 2700.199 ; gain = 0.000

Phase 3.9 Fast Optimization
Phase 3.9 Fast Optimization | Checksum: 1811a21cc

Time (s): cpu = 00:01:00 ; elapsed = 00:00:48 . Memory (MB): peak = 2700.199 ; gain = 0.000
Phase 3 Detail Placement | Checksum: 1811a21cc

Time (s): cpu = 00:01:00 ; elapsed = 00:00:48 . Memory (MB): peak = 2700.199 ; gain = 0.000

Phase 4 Post Placement Optimization and Clean-Up

Phase 4.1 Post Commit Optimization
INFO: [Timing 38-35] Done setting XDC timing constraints.

Phase 4.1.1 Post Placement Optimization
Post Placement Optimization Initialization | Checksum: 1c6d70738

Phase 4.1.1.1 BUFG Insertion

Starting Physical Synthesis Task

Phase 1 Physical Synthesis Initialization
INFO: [Physopt 32-721] Multithreading enabled for phys_opt_design using a maximum of 2 CPUs
INFO: [Physopt 32-619] Estimated Timing Summary | WNS=-25.500 | TNS=-3916.768 |
Phase 1 Physical Synthesis Initialization | Checksum: 28556bafb

Time (s): cpu = 00:00:01 ; elapsed = 00:00:00.499 . Memory (MB): peak = 2700.199 ; gain = 0.000
INFO: [Place 46-33] Processed net mb_block_i/hdmi_text_controller_0/inst/hdmi_text_controller_v1_0_AXI_inst/reset_ah, BUFG insertion was skipped due to placement/routing conflicts.
INFO: [Place 46-56] BUFG insertion identified 1 candidate nets. Inserted BUFG: 0, Replicated BUFG Driver: 0, Skipped due to Placement/Routing Conflicts: 1, Skipped due to Timing Degradation: 0, Skipped due to Illegal Netlist: 0.
Ending Physical Synthesis Task | Checksum: 1c598c7c8

Time (s): cpu = 00:00:01 ; elapsed = 00:00:00.838 . Memory (MB): peak = 2700.199 ; gain = 0.000
Phase 4.1.1.1 BUFG Insertion | Checksum: 1c6d70738

Time (s): cpu = 00:01:05 ; elapsed = 00:00:51 . Memory (MB): peak = 2700.199 ; gain = 0.000

Phase 4.1.1.2 Post Placement Timing Optimization
INFO: [Place 30-746] Post Placement Timing Summary WNS=-22.195. For the most accurate timing information please run report_timing.
Phase 4.1.1.2 Post Placement Timing Optimization | Checksum: 1eb678350

Time (s): cpu = 00:01:19 ; elapsed = 00:01:05 . Memory (MB): peak = 2700.199 ; gain = 0.000

Time (s): cpu = 00:01:19 ; elapsed = 00:01:05 . Memory (MB): peak = 2700.199 ; gain = 0.000
Phase 4.1 Post Commit Optimization | Checksum: 1eb678350

Time (s): cpu = 00:01:19 ; elapsed = 00:01:05 . Memory (MB): peak = 2700.199 ; gain = 0.000

Phase 4.2 Post Placement Cleanup
Phase 4.2 Post Placement Cleanup | Checksum: 1eb678350

Time (s): cpu = 00:01:19 ; elapsed = 00:01:05 . Memory (MB): peak = 2700.199 ; gain = 0.000

Phase 4.3 Placer Reporting

Phase 4.3.1 Print Estimated Congestion
INFO: [Place 30-612] Post-Placement Estimated Congestion 
 ____________________________________________________
|           | Global Congestion | Short Congestion  |
| Direction | Region Size       | Region Size       |
|___________|___________________|___________________|
|      North|                2x2|                4x4|
|___________|___________________|___________________|
|      South|                1x1|                2x2|
|___________|___________________|___________________|
|       East|                1x1|                2x2|
|___________|___________________|___________________|
|       West|                1x1|                1x1|
|___________|___________________|___________________|

Phase 4.3.1 Print Estimated Congestion | Checksum: 1eb678350

Time (s): cpu = 00:01:19 ; elapsed = 00:01:05 . Memory (MB): peak = 2700.199 ; gain = 0.000
Phase 4.3 Placer Reporting | Checksum: 1eb678350

Time (s): cpu = 00:01:19 ; elapsed = 00:01:05 . Memory (MB): peak = 2700.199 ; gain = 0.000

Phase 4.4 Final Placement Cleanup
Netlist sorting complete. Time (s): cpu = 00:00:00 ; elapsed = 00:00:00.024 . Memory (MB): peak = 2700.199 ; gain = 0.000

Time (s): cpu = 00:01:19 ; elapsed = 00:01:05 . Memory (MB): peak = 2700.199 ; gain = 0.000
Phase 4 Post Placement Optimization and Clean-Up | Checksum: 1680ccabd

Time (s): cpu = 00:01:20 ; elapsed = 00:01:05 . Memory (MB): peak = 2700.199 ; gain = 0.000
Ending Placer Task | Checksum: cc7154f4

Time (s): cpu = 00:01:20 ; elapsed = 00:01:05 . Memory (MB): peak = 2700.199 ; gain = 0.000
INFO: [Common 17-83] Releasing license: Implementation
106 Infos, 9 Warnings, 1 Critical Warnings and 0 Errors encountered.
place_design completed successfully
place_design: Time (s): cpu = 00:01:21 ; elapsed = 00:01:07 . Memory (MB): peak = 2700.199 ; gain = 0.000
INFO: [Timing 38-480] Writing timing data to binary archive.
Writing XDEF routing.
Writing XDEF routing logical nets.
Writing XDEF routing special nets.
Write XDEF Complete: Time (s): cpu = 00:00:04 ; elapsed = 00:00:02 . Memory (MB): peak = 2700.199 ; gain = 0.000
INFO: [Common 17-1381] The checkpoint 'C:/Users/kakkar3/Desktop/Final_Project/Final_Project.runs/impl_1/mb_usb_hdmi_top_placed.dcp' has been generated.
INFO: [runtcl-4] Executing : report_io -file mb_usb_hdmi_top_io_placed.rpt
report_io: Time (s): cpu = 00:00:00 ; elapsed = 00:00:00.040 . Memory (MB): peak = 2700.199 ; gain = 0.000
INFO: [runtcl-4] Executing : report_utilization -file mb_usb_hdmi_top_utilization_placed.rpt -pb mb_usb_hdmi_top_utilization_placed.pb
INFO: [runtcl-4] Executing : report_control_sets -verbose -file mb_usb_hdmi_top_control_sets_placed.rpt
report_control_sets: Time (s): cpu = 00:00:00 ; elapsed = 00:00:00.035 . Memory (MB): peak = 2700.199 ; gain = 0.000
Command: phys_opt_design
Attempting to get a license for feature 'Implementation' and/or device 'xc7s50'
INFO: [Common 17-349] Got license for feature 'Implementation' and/or device 'xc7s50'

Starting Initial Update Timing Task

Time (s): cpu = 00:00:03 ; elapsed = 00:00:02 . Memory (MB): peak = 2700.199 ; gain = 0.000
INFO: [Vivado_Tcl 4-1435] PhysOpt_Tcl_Interface Runtime Before Starting Physical Synthesis Task | CPU: 4.00s |  WALL: 1.89s
Netlist sorting complete. Time (s): cpu = 00:00:00 ; elapsed = 00:00:00.011 . Memory (MB): peak = 2700.199 ; gain = 0.000

Starting Physical Synthesis Task

Phase 1 Physical Synthesis Initialization
INFO: [Physopt 32-721] Multithreading enabled for phys_opt_design using a maximum of 2 CPUs
INFO: [Physopt 32-619] Estimated Timing Summary | WNS=-22.195 | TNS=-3559.669 |
Phase 1 Physical Synthesis Initialization | Checksum: 1f1e3b195

Time (s): cpu = 00:00:03 ; elapsed = 00:00:01 . Memory (MB): peak = 2700.199 ; gain = 0.000
INFO: [Physopt 32-619] Estimated Timing Summary | WNS=-22.195 | TNS=-3559.669 |

Phase 2 DSP Register Optimization
INFO: [Physopt 32-456] No candidate cells for DSP register optimization found in the design.
INFO: [Physopt 32-775] End 2 Pass. Optimized 0 net or cell. Created 0 new cell, deleted 0 existing cell and moved 0 existing cell
Phase 2 DSP Register Optimization | Checksum: 1f1e3b195

Time (s): cpu = 00:00:03 ; elapsed = 00:00:01 . Memory (MB): peak = 2700.199 ; gain = 0.000

Phase 3 Critical Path Optimization
INFO: [Physopt 32-619] Estimated Timing Summary | WNS=-22.195 | TNS=-3559.669 |
INFO: [Physopt 32-702] Processed net mb_block_i/hdmi_text_controller_0/inst/color_instance/sprite/sprite_collection_rom/sprite_rom/U0/inst_blk_mem_gen/gnbram.gnativebmg.native_blk_mem_gen/valid.cstr/ramloop[4].ram.r/prim_init.ram/doutb[0]. Optimizations did not improve timing on the net.
INFO: [Physopt 32-702] Processed net mb_block_i/clk_wiz_1/inst/clk_out1_mb_blink_clk_wiz_1_0. Optimizations did not improve timing on the net.
INFO: [Physopt 32-702] Processed net mb_block_i/hdmi_text_controller_0/inst/hdmi_text_controller_v1_0_AXI_inst/sprite_rom_i_40_n_5. Optimizations did not improve timing on the net.
INFO: [Physopt 32-702] Processed net mb_block_i/hdmi_text_controller_0/inst/hdmi_text_controller_v1_0_AXI_inst/color_instance/sprite/under_rom_address1[4]. Optimizations did not improve timing on the net.
INFO: [Physopt 32-702] Processed net mb_block_i/hdmi_text_controller_0/inst/hdmi_text_controller_v1_0_AXI_inst/sprite_rom_i_151_n_0. Optimizations did not improve timing on the net.
INFO: [Physopt 32-608] Optimized 1 net.  Swapped 22 pins.
INFO: [Physopt 32-735] Processed net mb_block_i/hdmi_text_controller_0/inst/hdmi_text_controller_v1_0_AXI_inst/color_instance/sprite/under_rom_rel_y[3]. Optimization improves timing on the net.
INFO: [Physopt 32-619] Estimated Timing Summary | WNS=-22.193 | TNS=-3559.629 |
INFO: [Physopt 32-702] Processed net mb_block_i/hdmi_text_controller_0/inst/hdmi_text_controller_v1_0_AXI_inst/color_instance/sprite/under_rom_address1[5]. Optimizations did not improve timing on the net.
INFO: [Physopt 32-702] Processed net mb_block_i/hdmi_text_controller_0/inst/hdmi_text_controller_v1_0_AXI_inst/sprite_rom_i_150_n_0. Optimizations did not improve timing on the net.
INFO: [Physopt 32-663] Processed net mb_block_i/hdmi_text_controller_0/inst/hdmi_text_controller_v1_0_AXI_inst/color_instance/sprite/under_rom_rel_y[4].  Re-placed instance mb_block_i/hdmi_text_controller_0/inst/hdmi_text_controller_v1_0_AXI_inst/sprite_rom_i_146
INFO: [Physopt 32-735] Processed net mb_block_i/hdmi_text_controller_0/inst/hdmi_text_controller_v1_0_AXI_inst/color_instance/sprite/under_rom_rel_y[4]. Optimization improves timing on the net.
INFO: [Physopt 32-619] Estimated Timing Summary | WNS=-22.192 | TNS=-3559.404 |
INFO: [Physopt 32-702] Processed net mb_block_i/hdmi_text_controller_0/inst/color_instance/sprite/sprite_collection_rom/sprite_rom/U0/inst_blk_mem_gen/gnbram.gnativebmg.native_blk_mem_gen/valid.cstr/ramloop[0].ram.r/prim_init.ram/doutb[0]. Optimizations did not improve timing on the net.
INFO: [Physopt 32-702] Processed net mb_block_i/hdmi_text_controller_0/inst/hdmi_text_controller_v1_0_AXI_inst/color_instance/sprite/rom_address0[13]. Optimizations did not improve timing on the net.
INFO: [Physopt 32-702] Processed net mb_block_i/hdmi_text_controller_0/inst/hdmi_text_controller_v1_0_AXI_inst/sprite_rom_i_37_n_0. Optimizations did not improve timing on the net.
INFO: [Physopt 32-702] Processed net mb_block_i/hdmi_text_controller_0/inst/hdmi_text_controller_v1_0_AXI_inst/sprite_rom_i_38_n_0. Optimizations did not improve timing on the net.
INFO: [Physopt 32-702] Processed net mb_block_i/hdmi_text_controller_0/inst/hdmi_text_controller_v1_0_AXI_inst/sprite_rom_i_39_n_0. Optimizations did not improve timing on the net.
INFO: [Physopt 32-608] Optimized 1 net.  Swapped 25 pins.
INFO: [Physopt 32-735] Processed net mb_block_i/hdmi_text_controller_0/inst/hdmi_text_controller_v1_0_AXI_inst/sprite_rom_i_70_n_0. Optimization improves timing on the net.
INFO: [Physopt 32-619] Estimated Timing Summary | WNS=-22.191 | TNS=-3557.709 |
INFO: [Physopt 32-608] Optimized 1 net.  Swapped 26 pins.
INFO: [Physopt 32-735] Processed net mb_block_i/hdmi_text_controller_0/inst/hdmi_text_controller_v1_0_AXI_inst/sprite_rom_i_66_n_0. Optimization improves timing on the net.
INFO: [Physopt 32-619] Estimated Timing Summary | WNS=-22.185 | TNS=-3556.259 |
INFO: [Physopt 32-702] Processed net mb_block_i/hdmi_text_controller_0/inst/hdmi_text_controller_v1_0_AXI_inst/sprite_rom_i_40_n_6. Optimizations did not improve timing on the net.
INFO: [Physopt 32-702] Processed net mb_block_i/hdmi_text_controller_0/inst/hdmi_text_controller_v1_0_AXI_inst/sprite_rom_i_41_n_0. Optimizations did not improve timing on the net.
INFO: [Physopt 32-702] Processed net mb_block_i/hdmi_text_controller_0/inst/hdmi_text_controller_v1_0_AXI_inst/sprite_rom_i_78_n_0. Optimizations did not improve timing on the net.
INFO: [Physopt 32-710] Processed net mb_block_i/hdmi_text_controller_0/inst/hdmi_text_controller_v1_0_AXI_inst/sprite_rom_i_78_n_0. Critical path length was reduced through logic transformation on cell mb_block_i/hdmi_text_controller_0/inst/hdmi_text_controller_v1_0_AXI_inst/sprite_rom_i_78_comp.
INFO: [Physopt 32-735] Processed net mb_block_i/hdmi_text_controller_0/inst/hdmi_text_controller_v1_0_AXI_inst/color_instance/sprite/under_rom_rel_x[9]. Optimization improves timing on the net.
INFO: [Physopt 32-619] Estimated Timing Summary | WNS=-22.182 | TNS=-3556.174 |
INFO: [Physopt 32-702] Processed net mb_block_i/hdmi_text_controller_0/inst/hdmi_text_controller_v1_0_AXI_inst/sprite_rom_i_79_n_0. Optimizations did not improve timing on the net.
INFO: [Physopt 32-710] Processed net mb_block_i/hdmi_text_controller_0/inst/hdmi_text_controller_v1_0_AXI_inst/sprite_rom_i_79_n_0. Critical path length was reduced through logic transformation on cell mb_block_i/hdmi_text_controller_0/inst/hdmi_text_controller_v1_0_AXI_inst/sprite_rom_i_79_comp.
INFO: [Physopt 32-735] Processed net mb_block_i/hdmi_text_controller_0/inst/hdmi_text_controller_v1_0_AXI_inst/color_instance/sprite/under_rom_rel_x[8]. Optimization improves timing on the net.
INFO: [Physopt 32-619] Estimated Timing Summary | WNS=-22.176 | TNS=-3555.644 |
INFO: [Physopt 32-710] Processed net mb_block_i/hdmi_text_controller_0/inst/hdmi_text_controller_v1_0_AXI_inst/addrb[2]. Critical path length was reduced through logic transformation on cell mb_block_i/hdmi_text_controller_0/inst/hdmi_text_controller_v1_0_AXI_inst/sprite_rom_i_29_comp.
INFO: [Physopt 32-735] Processed net mb_block_i/hdmi_text_controller_0/inst/hdmi_text_controller_v1_0_AXI_inst/under_sprite_sample_on. Optimization improves timing on the net.
INFO: [Physopt 32-619] Estimated Timing Summary | WNS=-22.173 | TNS=-3554.369 |
INFO: [Physopt 32-702] Processed net mb_block_i/hdmi_text_controller_0/inst/hdmi_text_controller_v1_0_AXI_inst/sprite_rom_i_60_n_0. Optimizations did not improve timing on the net.
INFO: [Physopt 32-702] Processed net mb_block_i/hdmi_text_controller_0/inst/hdmi_text_controller_v1_0_AXI_inst/color_instance/sprite/rom_rel_x0[8]. Optimizations did not improve timing on the net.
INFO: [Physopt 32-702] Processed net mb_block_i/hdmi_text_controller_0/inst/hdmi_text_controller_v1_0_AXI_inst/sprite_rom_i_140_n_0. Optimizations did not improve timing on the net.
INFO: [Physopt 32-702] Processed net mb_block_i/hdmi_text_controller_0/inst/hdmi_text_controller_v1_0_AXI_inst/sprite_rom_i_256_n_0. Optimizations did not improve timing on the net.
INFO: [Physopt 32-702] Processed net mb_block_i/hdmi_text_controller_0/inst/vga/hc_reg[9]_3[1]. Optimizations did not improve timing on the net.
INFO: [Physopt 32-702] Processed net mb_block_i/hdmi_text_controller_0/inst/vga/sprite_rom_i_111_n_0. Optimizations did not improve timing on the net.
INFO: [Physopt 32-702] Processed net mb_block_i/hdmi_text_controller_0/inst/hdmi_text_controller_v1_0_AXI_inst/slv_regs_reg[62][27]_0[1]. Optimizations did not improve timing on the net.
INFO: [Physopt 32-663] Processed net mb_block_i/hdmi_text_controller_0/inst/hdmi_text_controller_v1_0_AXI_inst/sprite_rom_i_395_n_0.  Re-placed instance mb_block_i/hdmi_text_controller_0/inst/hdmi_text_controller_v1_0_AXI_inst/sprite_rom_i_395
INFO: [Physopt 32-735] Processed net mb_block_i/hdmi_text_controller_0/inst/hdmi_text_controller_v1_0_AXI_inst/sprite_rom_i_395_n_0. Optimization improves timing on the net.
INFO: [Physopt 32-619] Estimated Timing Summary | WNS=-22.168 | TNS=-3553.744 |
INFO: [Physopt 32-702] Processed net mb_block_i/hdmi_text_controller_0/inst/hdmi_text_controller_v1_0_AXI_inst/sprite_rom_i_41_n_6. Optimizations did not improve timing on the net.
INFO: [Physopt 32-702] Processed net mb_block_i/hdmi_text_controller_0/inst/hdmi_text_controller_v1_0_AXI_inst/sprite_rom_i_42_n_0. Optimizations did not improve timing on the net.
INFO: [Physopt 32-702] Processed net mb_block_i/hdmi_text_controller_0/inst/hdmi_text_controller_v1_0_AXI_inst/sprite_rom_i_43_n_0. Optimizations did not improve timing on the net.
INFO: [Physopt 32-702] Processed net mb_block_i/hdmi_text_controller_0/inst/hdmi_text_controller_v1_0_AXI_inst/sprite_rom_i_92_n_0. Optimizations did not improve timing on the net.
INFO: [Physopt 32-663] Processed net mb_block_i/hdmi_text_controller_0/inst/hdmi_text_controller_v1_0_AXI_inst/color_instance/sprite/under_rom_rel_x[2].  Re-placed instance mb_block_i/hdmi_text_controller_0/inst/hdmi_text_controller_v1_0_AXI_inst/sprite_rom_i_89
INFO: [Physopt 32-735] Processed net mb_block_i/hdmi_text_controller_0/inst/hdmi_text_controller_v1_0_AXI_inst/color_instance/sprite/under_rom_rel_x[2]. Optimization improves timing on the net.
INFO: [Physopt 32-619] Estimated Timing Summary | WNS=-22.164 | TNS=-3552.744 |
INFO: [Physopt 32-710] Processed net mb_block_i/hdmi_text_controller_0/inst/hdmi_text_controller_v1_0_AXI_inst/addrb[12]. Critical path length was reduced through logic transformation on cell mb_block_i/hdmi_text_controller_0/inst/hdmi_text_controller_v1_0_AXI_inst/sprite_rom_i_19_comp.
INFO: [Physopt 32-735] Processed net mb_block_i/hdmi_text_controller_0/inst/hdmi_text_controller_v1_0_AXI_inst/under_sprite_sample_on. Optimization improves timing on the net.
INFO: [Physopt 32-619] Estimated Timing Summary | WNS=-22.164 | TNS=-3552.064 |
INFO: [Physopt 32-710] Processed net mb_block_i/hdmi_text_controller_0/inst/hdmi_text_controller_v1_0_AXI_inst/addrb[7]. Critical path length was reduced through logic transformation on cell mb_block_i/hdmi_text_controller_0/inst/hdmi_text_controller_v1_0_AXI_inst/sprite_rom_i_24_comp.
INFO: [Physopt 32-735] Processed net mb_block_i/hdmi_text_controller_0/inst/hdmi_text_controller_v1_0_AXI_inst/under_sprite_sample_on. Optimization improves timing on the net.
INFO: [Physopt 32-619] Estimated Timing Summary | WNS=-22.148 | TNS=-3551.544 |
INFO: [Physopt 32-710] Processed net mb_block_i/hdmi_text_controller_0/inst/hdmi_text_controller_v1_0_AXI_inst/sprite_rom_i_150_n_0. Critical path length was reduced through logic transformation on cell mb_block_i/hdmi_text_controller_0/inst/hdmi_text_controller_v1_0_AXI_inst/sprite_rom_i_150_comp.
INFO: [Physopt 32-735] Processed net mb_block_i/hdmi_text_controller_0/inst/hdmi_text_controller_v1_0_AXI_inst/color_instance/sprite/under_rom_rel_y[4]. Optimization improves timing on the net.
INFO: [Physopt 32-619] Estimated Timing Summary | WNS=-22.144 | TNS=-3551.424 |
INFO: [Physopt 32-710] Processed net mb_block_i/hdmi_text_controller_0/inst/hdmi_text_controller_v1_0_AXI_inst/addrb[4]. Critical path length was reduced through logic transformation on cell mb_block_i/hdmi_text_controller_0/inst/hdmi_text_controller_v1_0_AXI_inst/sprite_rom_i_27_comp.
INFO: [Physopt 32-735] Processed net mb_block_i/hdmi_text_controller_0/inst/hdmi_text_controller_v1_0_AXI_inst/under_sprite_sample_on. Optimization improves timing on the net.
INFO: [Physopt 32-619] Estimated Timing Summary | WNS=-22.137 | TNS=-3549.941 |
INFO: [Physopt 32-702] Processed net mb_block_i/hdmi_text_controller_0/inst/hdmi_text_controller_v1_0_AXI_inst/color_instance/sprite/rom_address0[14]. Optimizations did not improve timing on the net.
INFO: [Physopt 32-702] Processed net mb_block_i/hdmi_text_controller_0/inst/hdmi_text_controller_v1_0_AXI_inst/color_instance/sprite/rom_address1[5]. Optimizations did not improve timing on the net.
INFO: [Physopt 32-608] Optimized 1 net.  Swapped 26 pins.
INFO: [Physopt 32-735] Processed net mb_block_i/hdmi_text_controller_0/inst/hdmi_text_controller_v1_0_AXI_inst/sprite_rom_i_98_n_0. Optimization improves timing on the net.
INFO: [Physopt 32-619] Estimated Timing Summary | WNS=-22.132 | TNS=-3549.881 |
INFO: [Physopt 32-702] Processed net mb_block_i/hdmi_text_controller_0/inst/hdmi_text_controller_v1_0_AXI_inst/sprite_rom_i_68_n_0. Optimizations did not improve timing on the net.
INFO: [Physopt 32-702] Processed net mb_block_i/hdmi_text_controller_0/inst/hdmi_text_controller_v1_0_AXI_inst/color_instance/sprite/rom_rel_x0[4]. Optimizations did not improve timing on the net.
INFO: [Physopt 32-702] Processed net mb_block_i/hdmi_text_controller_0/inst/hdmi_text_controller_v1_0_AXI_inst/sprite_rom_i_144_n_0. Optimizations did not improve timing on the net.
INFO: [Physopt 32-608] Optimized 1 net.  Swapped 26 pins.
INFO: [Physopt 32-735] Processed net mb_block_i/hdmi_text_controller_0/inst/hdmi_text_controller_v1_0_AXI_inst/sprite_rom_i_269_n_0. Optimization improves timing on the net.
INFO: [Physopt 32-619] Estimated Timing Summary | WNS=-22.126 | TNS=-3549.191 |
INFO: [Physopt 32-608] Optimized 1 net.  Swapped 14 pins.
INFO: [Physopt 32-735] Processed net mb_block_i/hdmi_text_controller_0/inst/hdmi_text_controller_v1_0_AXI_inst/color_instance/sprite/under_rom_rel_x[2]. Optimization improves timing on the net.
INFO: [Physopt 32-619] Estimated Timing Summary | WNS=-22.125 | TNS=-3548.726 |
INFO: [Physopt 32-608] Optimized 1 net.  Swapped 26 pins.
INFO: [Physopt 32-735] Processed net mb_block_i/hdmi_text_controller_0/inst/hdmi_text_controller_v1_0_AXI_inst/sprite_rom_i_100_n_0. Optimization improves timing on the net.
INFO: [Physopt 32-619] Estimated Timing Summary | WNS=-22.124 | TNS=-3548.551 |
INFO: [Physopt 32-702] Processed net mb_block_i/hdmi_text_controller_0/inst/hdmi_text_controller_v1_0_AXI_inst/sprite_rom_i_149_n_0. Optimizations did not improve timing on the net.
INFO: [Physopt 32-702] Processed net mb_block_i/hdmi_text_controller_0/inst/hdmi_text_controller_v1_0_AXI_inst/color_instance/sprite/under_rom_rel_y[5]. Optimizations did not improve timing on the net.
INFO: [Physopt 32-702] Processed net mb_block_i/hdmi_text_controller_0/inst/hdmi_text_controller_v1_0_AXI_inst/color_instance/sprite/under_rom_rel_y0[5]. Optimizations did not improve timing on the net.
INFO: [Physopt 32-702] Processed net mb_block_i/hdmi_text_controller_0/inst/hdmi_text_controller_v1_0_AXI_inst/sprite_rom_i_443_n_0. Optimizations did not improve timing on the net.
INFO: [Physopt 32-702] Processed net mb_block_i/hdmi_text_controller_0/inst/vga/under_rel_y[3]. Optimizations did not improve timing on the net.
INFO: [Physopt 32-702] Processed net mb_block_i/hdmi_text_controller_0/inst/hdmi_text_controller_v1_0_AXI_inst/vc_reg[8]_27[1]. Optimizations did not improve timing on the net.
INFO: [Physopt 32-710] Processed net mb_block_i/hdmi_text_controller_0/inst/hdmi_text_controller_v1_0_AXI_inst/vc_reg[8]_27[1]. Critical path length was reduced through logic transformation on cell mb_block_i/hdmi_text_controller_0/inst/hdmi_text_controller_v1_0_AXI_inst/sprite_rom_i_447_comp.
INFO: [Physopt 32-735] Processed net mb_block_i/hdmi_text_controller_0/inst/hdmi_text_controller_v1_0_AXI_inst/sprite_rom_i_733_n_0. Optimization improves timing on the net.
INFO: [Physopt 32-619] Estimated Timing Summary | WNS=-22.113 | TNS=-3548.436 |
INFO: [Physopt 32-702] Processed net mb_block_i/hdmi_text_controller_0/inst/hdmi_text_controller_v1_0_AXI_inst/sprite_rom_i_84_n_0. Optimizations did not improve timing on the net.
INFO: [Physopt 32-710] Processed net mb_block_i/hdmi_text_controller_0/inst/hdmi_text_controller_v1_0_AXI_inst/sprite_rom_i_84_n_0. Critical path length was reduced through logic transformation on cell mb_block_i/hdmi_text_controller_0/inst/hdmi_text_controller_v1_0_AXI_inst/sprite_rom_i_84_comp.
INFO: [Physopt 32-735] Processed net mb_block_i/hdmi_text_controller_0/inst/hdmi_text_controller_v1_0_AXI_inst/color_instance/sprite/under_rom_rel_x[7]. Optimization improves timing on the net.
INFO: [Physopt 32-619] Estimated Timing Summary | WNS=-22.113 | TNS=-3548.466 |
INFO: [Physopt 32-608] Optimized 1 net.  Swapped 20 pins.
INFO: [Physopt 32-735] Processed net mb_block_i/hdmi_text_controller_0/inst/hdmi_text_controller_v1_0_AXI_inst/color_instance/sprite/under_rom_rel_x[0]. Optimization improves timing on the net.
INFO: [Physopt 32-619] Estimated Timing Summary | WNS=-22.109 | TNS=-3546.081 |
INFO: [Physopt 32-608] Optimized 1 net.  Swapped 25 pins.
INFO: [Physopt 32-735] Processed net mb_block_i/hdmi_text_controller_0/inst/hdmi_text_controller_v1_0_AXI_inst/sprite_rom_i_73_n_0. Optimization improves timing on the net.
INFO: [Physopt 32-619] Estimated Timing Summary | WNS=-22.101 | TNS=-3540.061 |
INFO: [Physopt 32-702] Processed net mb_block_i/hdmi_text_controller_0/inst/hdmi_text_controller_v1_0_AXI_inst/color_instance/sprite/under_rom_address1[6]. Optimizations did not improve timing on the net.
INFO: [Physopt 32-702] Processed net mb_block_i/hdmi_text_controller_0/inst/hdmi_text_controller_v1_0_AXI_inst/sprite_rom_i_148_n_0. Optimizations did not improve timing on the net.
INFO: [Physopt 32-710] Processed net mb_block_i/hdmi_text_controller_0/inst/hdmi_text_controller_v1_0_AXI_inst/sprite_rom_i_148_n_0. Critical path length was reduced through logic transformation on cell mb_block_i/hdmi_text_controller_0/inst/hdmi_text_controller_v1_0_AXI_inst/sprite_rom_i_148_comp.
INFO: [Physopt 32-735] Processed net mb_block_i/hdmi_text_controller_0/inst/hdmi_text_controller_v1_0_AXI_inst/color_instance/sprite/under_rom_rel_y[6]. Optimization improves timing on the net.
INFO: [Physopt 32-619] Estimated Timing Summary | WNS=-22.099 | TNS=-3539.741 |
INFO: [Physopt 32-608] Optimized 1 net.  Swapped 25 pins.
INFO: [Physopt 32-735] Processed net mb_block_i/hdmi_text_controller_0/inst/hdmi_text_controller_v1_0_AXI_inst/sprite_rom_i_71_n_0. Optimization improves timing on the net.
INFO: [Physopt 32-619] Estimated Timing Summary | WNS=-22.081 | TNS=-3535.541 |
INFO: [Physopt 32-702] Processed net mb_block_i/hdmi_text_controller_0/inst/hdmi_text_controller_v1_0_AXI_inst/sprite_rom_i_87_n_0. Optimizations did not improve timing on the net.
INFO: [Physopt 32-608] Optimized 1 net.  Swapped 20 pins.
INFO: [Physopt 32-735] Processed net mb_block_i/hdmi_text_controller_0/inst/hdmi_text_controller_v1_0_AXI_inst/color_instance/sprite/under_rom_rel_x[4]. Optimization improves timing on the net.
INFO: [Physopt 32-619] Estimated Timing Summary | WNS=-22.063 | TNS=-3535.181 |
INFO: [Physopt 32-702] Processed net mb_block_i/hdmi_text_controller_0/inst/hdmi_text_controller_v1_0_AXI_inst/sprite_rom_i_99_n_0. Optimizations did not improve timing on the net.
INFO: [Physopt 32-702] Processed net mb_block_i/hdmi_text_controller_0/inst/hdmi_text_controller_v1_0_AXI_inst/color_instance/sprite/rom_rel_y0[4]. Optimizations did not improve timing on the net.
INFO: [Physopt 32-702] Processed net mb_block_i/hdmi_text_controller_0/inst/hdmi_text_controller_v1_0_AXI_inst/sprite_rom_i_128_n_0. Optimizations did not improve timing on the net.
INFO: [Physopt 32-608] Optimized 1 net.  Swapped 18 pins.
INFO: [Physopt 32-735] Processed net mb_block_i/hdmi_text_controller_0/inst/hdmi_text_controller_v1_0_AXI_inst/sprite_rom_i_226_n_0. Optimization improves timing on the net.
INFO: [Physopt 32-619] Estimated Timing Summary | WNS=-22.059 | TNS=-3535.156 |
INFO: [Physopt 32-710] Processed net mb_block_i/hdmi_text_controller_0/inst/hdmi_text_controller_v1_0_AXI_inst/addrb[9]. Critical path length was reduced through logic transformation on cell mb_block_i/hdmi_text_controller_0/inst/hdmi_text_controller_v1_0_AXI_inst/sprite_rom_i_22_comp.
INFO: [Physopt 32-735] Processed net mb_block_i/hdmi_text_controller_0/inst/hdmi_text_controller_v1_0_AXI_inst/under_sprite_sample_on. Optimization improves timing on the net.
INFO: [Physopt 32-619] Estimated Timing Summary | WNS=-22.058 | TNS=-3535.183 |
INFO: [Physopt 32-608] Optimized 1 net.  Swapped 18 pins.
INFO: [Physopt 32-735] Processed net mb_block_i/hdmi_text_controller_0/inst/hdmi_text_controller_v1_0_AXI_inst/sprite_rom_i_229_n_0. Optimization improves timing on the net.
INFO: [Physopt 32-619] Estimated Timing Summary | WNS=-22.054 | TNS=-3535.078 |
INFO: [Physopt 32-710] Processed net mb_block_i/hdmi_text_controller_0/inst/hdmi_text_controller_v1_0_AXI_inst/addrb[3]. Critical path length was reduced through logic transformation on cell mb_block_i/hdmi_text_controller_0/inst/hdmi_text_controller_v1_0_AXI_inst/sprite_rom_i_28_comp.
INFO: [Physopt 32-735] Processed net mb_block_i/hdmi_text_controller_0/inst/hdmi_text_controller_v1_0_AXI_inst/under_sprite_sample_on. Optimization improves timing on the net.
INFO: [Physopt 32-619] Estimated Timing Summary | WNS=-22.050 | TNS=-3533.733 |
INFO: [Physopt 32-710] Processed net mb_block_i/hdmi_text_controller_0/inst/hdmi_text_controller_v1_0_AXI_inst/addrb[5]. Critical path length was reduced through logic transformation on cell mb_block_i/hdmi_text_controller_0/inst/hdmi_text_controller_v1_0_AXI_inst/sprite_rom_i_26_comp.
INFO: [Physopt 32-735] Processed net mb_block_i/hdmi_text_controller_0/inst/hdmi_text_controller_v1_0_AXI_inst/under_sprite_sample_on. Optimization improves timing on the net.
INFO: [Physopt 32-619] Estimated Timing Summary | WNS=-22.043 | TNS=-3532.919 |
INFO: [Physopt 32-702] Processed net mb_block_i/hdmi_text_controller_0/inst/hdmi_text_controller_v1_0_AXI_inst/slv_regs_reg[62][27]_0[2]. Optimizations did not improve timing on the net.
INFO: [Physopt 32-710] Processed net mb_block_i/hdmi_text_controller_0/inst/hdmi_text_controller_v1_0_AXI_inst/slv_regs_reg[62][27]_0[2]. Critical path length was reduced through logic transformation on cell mb_block_i/hdmi_text_controller_0/inst/hdmi_text_controller_v1_0_AXI_inst/sprite_rom_i_206_comp.
INFO: [Physopt 32-735] Processed net mb_block_i/hdmi_text_controller_0/inst/hdmi_text_controller_v1_0_AXI_inst/sprite_rom_i_394_n_0. Optimization improves timing on the net.
INFO: [Physopt 32-619] Estimated Timing Summary | WNS=-22.037 | TNS=-3532.805 |
INFO: [Physopt 32-702] Processed net mb_block_i/hdmi_text_controller_0/inst/hdmi_text_controller_v1_0_AXI_inst/sprite_rom_i_98_n_0. Optimizations did not improve timing on the net.
INFO: [Physopt 32-663] Processed net mb_block_i/hdmi_text_controller_0/inst/hdmi_text_controller_v1_0_AXI_inst/sprite_rom_i_95_n_0.  Re-placed instance mb_block_i/hdmi_text_controller_0/inst/hdmi_text_controller_v1_0_AXI_inst/sprite_rom_i_95
INFO: [Physopt 32-735] Processed net mb_block_i/hdmi_text_controller_0/inst/hdmi_text_controller_v1_0_AXI_inst/sprite_rom_i_95_n_0. Optimization improves timing on the net.
INFO: [Physopt 32-619] Estimated Timing Summary | WNS=-22.037 | TNS=-3532.805 |
INFO: [Physopt 32-608] Optimized 1 net.  Swapped 26 pins.
INFO: [Physopt 32-735] Processed net mb_block_i/hdmi_text_controller_0/inst/hdmi_text_controller_v1_0_AXI_inst/sprite_rom_i_100_n_0. Optimization improves timing on the net.
INFO: [Physopt 32-619] Estimated Timing Summary | WNS=-22.037 | TNS=-3532.695 |
INFO: [Physopt 32-702] Processed net mb_block_i/hdmi_text_controller_0/inst/hdmi_text_controller_v1_0_AXI_inst/sprite_rom_i_444_n_0. Optimizations did not improve timing on the net.
INFO: [Physopt 32-702] Processed net mb_block_i/hdmi_text_controller_0/inst/vga/under_rel_y[2]. Optimizations did not improve timing on the net.
INFO: [Physopt 32-702] Processed net mb_block_i/hdmi_text_controller_0/inst/vga/sprite_rom_i_157_n_0. Optimizations did not improve timing on the net.
INFO: [Physopt 32-702] Processed net mb_block_i/hdmi_text_controller_0/inst/hdmi_text_controller_v1_0_AXI_inst/vc_reg[4]_1[2]. Optimizations did not improve timing on the net.
INFO: [Physopt 32-710] Processed net mb_block_i/hdmi_text_controller_0/inst/hdmi_text_controller_v1_0_AXI_inst/vc_reg[4]_1[2]. Critical path length was reduced through logic transformation on cell mb_block_i/hdmi_text_controller_0/inst/hdmi_text_controller_v1_0_AXI_inst/sprite_rom_i_302_comp.
INFO: [Physopt 32-735] Processed net mb_block_i/hdmi_text_controller_0/inst/hdmi_text_controller_v1_0_AXI_inst/sprite_rom_i_505_n_0. Optimization improves timing on the net.
INFO: [Physopt 32-619] Estimated Timing Summary | WNS=-22.036 | TNS=-3532.475 |
INFO: [Physopt 32-663] Processed net mb_block_i/hdmi_text_controller_0/inst/hdmi_text_controller_v1_0_AXI_inst/color_instance/sprite/under_rom_rel_x[7]_repN.  Re-placed instance mb_block_i/hdmi_text_controller_0/inst/hdmi_text_controller_v1_0_AXI_inst/sprite_rom_i_80_comp
INFO: [Physopt 32-735] Processed net mb_block_i/hdmi_text_controller_0/inst/hdmi_text_controller_v1_0_AXI_inst/color_instance/sprite/under_rom_rel_x[7]_repN. Optimization improves timing on the net.
INFO: [Physopt 32-619] Estimated Timing Summary | WNS=-22.034 | TNS=-3532.335 |
INFO: [Physopt 32-608] Optimized 1 net.  Swapped 20 pins.
INFO: [Physopt 32-735] Processed net mb_block_i/hdmi_text_controller_0/inst/hdmi_text_controller_v1_0_AXI_inst/sprite_rom_i_59_n_0. Optimization improves timing on the net.
INFO: [Physopt 32-619] Estimated Timing Summary | WNS=-22.027 | TNS=-3532.125 |
INFO: [Physopt 32-710] Processed net mb_block_i/hdmi_text_controller_0/inst/hdmi_text_controller_v1_0_AXI_inst/addrb[6]. Critical path length was reduced through logic transformation on cell mb_block_i/hdmi_text_controller_0/inst/hdmi_text_controller_v1_0_AXI_inst/sprite_rom_i_25_comp.
INFO: [Physopt 32-735] Processed net mb_block_i/hdmi_text_controller_0/inst/hdmi_text_controller_v1_0_AXI_inst/under_sprite_sample_on. Optimization improves timing on the net.
INFO: [Physopt 32-619] Estimated Timing Summary | WNS=-22.020 | TNS=-3531.055 |
INFO: [Physopt 32-608] Optimized 1 net.  Swapped 26 pins.
INFO: [Physopt 32-735] Processed net mb_block_i/hdmi_text_controller_0/inst/hdmi_text_controller_v1_0_AXI_inst/sprite_rom_i_266_n_0. Optimization improves timing on the net.
INFO: [Physopt 32-619] Estimated Timing Summary | WNS=-22.018 | TNS=-3530.985 |
INFO: [Physopt 32-663] Processed net mb_block_i/hdmi_text_controller_0/inst/hdmi_text_controller_v1_0_AXI_inst/color_instance/sprite/sheet_x[4].  Re-placed instance mb_block_i/hdmi_text_controller_0/inst/hdmi_text_controller_v1_0_AXI_inst/sprite_rom_i_64
INFO: [Physopt 32-735] Processed net mb_block_i/hdmi_text_controller_0/inst/hdmi_text_controller_v1_0_AXI_inst/color_instance/sprite/sheet_x[4]. Optimization improves timing on the net.
INFO: [Physopt 32-619] Estimated Timing Summary | WNS=-22.016 | TNS=-3530.885 |
INFO: [Physopt 32-702] Processed net mb_block_i/hdmi_text_controller_0/inst/hdmi_text_controller_v1_0_AXI_inst/sprite_rom_i_131_n_0. Optimizations did not improve timing on the net.
INFO: [Physopt 32-710] Processed net mb_block_i/hdmi_text_controller_0/inst/hdmi_text_controller_v1_0_AXI_inst/sprite_rom_i_131_n_0. Critical path length was reduced through logic transformation on cell mb_block_i/hdmi_text_controller_0/inst/hdmi_text_controller_v1_0_AXI_inst/sprite_rom_i_131_comp.
INFO: [Physopt 32-735] Processed net mb_block_i/hdmi_text_controller_0/inst/hdmi_text_controller_v1_0_AXI_inst/sprite_rom_i_141_n_0. Optimization improves timing on the net.
INFO: [Physopt 32-619] Estimated Timing Summary | WNS=-22.015 | TNS=-3531.025 |
INFO: [Physopt 32-702] Processed net mb_block_i/hdmi_text_controller_0/inst/color_instance/sprite/sprite_collection_rom/sprite_rom/U0/inst_blk_mem_gen/gnbram.gnativebmg.native_blk_mem_gen/valid.cstr/ramloop[3].ram.r/prim_init.ram/doutb[0]. Optimizations did not improve timing on the net.
INFO: [Physopt 32-710] Processed net mb_block_i/hdmi_text_controller_0/inst/hdmi_text_controller_v1_0_AXI_inst/addrb[10]. Critical path length was reduced through logic transformation on cell mb_block_i/hdmi_text_controller_0/inst/hdmi_text_controller_v1_0_AXI_inst/sprite_rom_i_21_comp.
INFO: [Physopt 32-735] Processed net mb_block_i/hdmi_text_controller_0/inst/hdmi_text_controller_v1_0_AXI_inst/under_sprite_sample_on. Optimization improves timing on the net.
INFO: [Physopt 32-619] Estimated Timing Summary | WNS=-22.014 | TNS=-3530.569 |
INFO: [Physopt 32-608] Optimized 1 net.  Swapped 25 pins.
INFO: [Physopt 32-735] Processed net mb_block_i/hdmi_text_controller_0/inst/hdmi_text_controller_v1_0_AXI_inst/sprite_rom_i_70_n_0. Optimization improves timing on the net.
INFO: [Physopt 32-619] Estimated Timing Summary | WNS=-22.008 | TNS=-3527.699 |
INFO: [Physopt 32-702] Processed net mb_block_i/hdmi_text_controller_0/inst/hdmi_text_controller_v1_0_AXI_inst/color_instance/sprite/under_rom_rel_x[7]. Optimizations did not improve timing on the net.
INFO: [Physopt 32-702] Processed net mb_block_i/hdmi_text_controller_0/inst/hdmi_text_controller_v1_0_AXI_inst/color_instance/sprite/under_rom_rel_x0[7]. Optimizations did not improve timing on the net.
INFO: [Physopt 32-702] Processed net mb_block_i/hdmi_text_controller_0/inst/hdmi_text_controller_v1_0_AXI_inst/sprite_rom_i_316_n_0. Optimizations did not improve timing on the net.
INFO: [Physopt 32-702] Processed net mb_block_i/hdmi_text_controller_0/inst/vga/hc_reg[9]_5[1]. Optimizations did not improve timing on the net.
INFO: [Physopt 32-702] Processed net mb_block_i/hdmi_text_controller_0/inst/hdmi_text_controller_v1_0_AXI_inst/slv_regs_reg[61][31]_1[0]. Optimizations did not improve timing on the net.
INFO: [Physopt 32-710] Processed net mb_block_i/hdmi_text_controller_0/inst/hdmi_text_controller_v1_0_AXI_inst/slv_regs_reg[61][31]_1[0]. Critical path length was reduced through logic transformation on cell mb_block_i/hdmi_text_controller_0/inst/hdmi_text_controller_v1_0_AXI_inst/sprite_rom_i_321_comp.
INFO: [Physopt 32-735] Processed net mb_block_i/hdmi_text_controller_0/inst/hdmi_text_controller_v1_0_AXI_inst/sprite_rom_i_545_n_0. Optimization improves timing on the net.
INFO: [Physopt 32-619] Estimated Timing Summary | WNS=-22.006 | TNS=-3527.679 |
INFO: [Physopt 32-702] Processed net mb_block_i/hdmi_text_controller_0/inst/vga/sprite_rom_i_180_n_0. Optimizations did not improve timing on the net.
INFO: [Physopt 32-702] Processed net mb_block_i/hdmi_text_controller_0/inst/hdmi_text_controller_v1_0_AXI_inst/slv_regs_reg[61][27]_0[1]. Optimizations did not improve timing on the net.
INFO: [Physopt 32-702] Processed net mb_block_i/hdmi_text_controller_0/inst/hdmi_text_controller_v1_0_AXI_inst/sprite_rom_i_631_n_0. Optimizations did not improve timing on the net.
INFO: [Physopt 32-710] Processed net mb_block_i/hdmi_text_controller_0/inst/hdmi_text_controller_v1_0_AXI_inst/sprite_rom_i_631_n_0. Critical path length was reduced through logic transformation on cell mb_block_i/hdmi_text_controller_0/inst/hdmi_text_controller_v1_0_AXI_inst/sprite_rom_i_631_comp.
INFO: [Physopt 32-735] Processed net mb_block_i/hdmi_text_controller_0/inst/hdmi_text_controller_v1_0_AXI_inst/sprite_rom_i_1148_n_0. Optimization improves timing on the net.
INFO: [Physopt 32-619] Estimated Timing Summary | WNS=-22.005 | TNS=-3527.669 |
INFO: [Physopt 32-702] Processed net mb_block_i/hdmi_text_controller_0/inst/hdmi_text_controller_v1_0_AXI_inst/sprite_rom_i_86_n_0. Optimizations did not improve timing on the net.
INFO: [Physopt 32-702] Processed net mb_block_i/hdmi_text_controller_0/inst/hdmi_text_controller_v1_0_AXI_inst/color_instance/sprite/under_rom_rel_x[5]. Optimizations did not improve timing on the net.
INFO: [Physopt 32-702] Processed net mb_block_i/hdmi_text_controller_0/inst/hdmi_text_controller_v1_0_AXI_inst/color_instance/sprite/under_rom_rel_x0[5]. Optimizations did not improve timing on the net.
INFO: [Physopt 32-702] Processed net mb_block_i/hdmi_text_controller_0/inst/hdmi_text_controller_v1_0_AXI_inst/sprite_rom_i_179_n_0. Optimizations did not improve timing on the net.
INFO: [Physopt 32-608] Optimized 1 net.  Swapped 10 pins.
INFO: [Physopt 32-735] Processed net mb_block_i/hdmi_text_controller_0/inst/hdmi_text_controller_v1_0_AXI_inst/sprite_rom_i_346_n_0. Optimization improves timing on the net.
INFO: [Physopt 32-619] Estimated Timing Summary | WNS=-22.002 | TNS=-3527.639 |
INFO: [Physopt 32-702] Processed net mb_block_i/hdmi_text_controller_0/inst/hdmi_text_controller_v1_0_AXI_inst/slv_regs_reg[61][27]_0[3]. Optimizations did not improve timing on the net.
INFO: [Physopt 32-663] Processed net mb_block_i/hdmi_text_controller_0/inst/hdmi_text_controller_v1_0_AXI_inst/sprite_rom_i_623_n_0.  Re-placed instance mb_block_i/hdmi_text_controller_0/inst/hdmi_text_controller_v1_0_AXI_inst/sprite_rom_i_623
INFO: [Physopt 32-735] Processed net mb_block_i/hdmi_text_controller_0/inst/hdmi_text_controller_v1_0_AXI_inst/sprite_rom_i_623_n_0. Optimization improves timing on the net.
INFO: [Physopt 32-619] Estimated Timing Summary | WNS=-21.999 | TNS=-3527.609 |
INFO: [Physopt 32-710] Processed net mb_block_i/hdmi_text_controller_0/inst/hdmi_text_controller_v1_0_AXI_inst/sprite_rom_i_98_n_0. Critical path length was reduced through logic transformation on cell mb_block_i/hdmi_text_controller_0/inst/hdmi_text_controller_v1_0_AXI_inst/sprite_rom_i_98_comp.
INFO: [Physopt 32-735] Processed net mb_block_i/hdmi_text_controller_0/inst/hdmi_text_controller_v1_0_AXI_inst/sprite_rom_i_95_n_0. Optimization improves timing on the net.
INFO: [Physopt 32-619] Estimated Timing Summary | WNS=-21.999 | TNS=-3527.459 |
INFO: [Physopt 32-702] Processed net mb_block_i/hdmi_text_controller_0/inst/hdmi_text_controller_v1_0_AXI_inst/slv_regs_reg[61][27]_0[0]. Optimizations did not improve timing on the net.
INFO: [Physopt 32-710] Processed net mb_block_i/hdmi_text_controller_0/inst/hdmi_text_controller_v1_0_AXI_inst/slv_regs_reg[61][27]_0[0]. Critical path length was reduced through logic transformation on cell mb_block_i/hdmi_text_controller_0/inst/hdmi_text_controller_v1_0_AXI_inst/sprite_rom_i_352_comp.
INFO: [Physopt 32-735] Processed net mb_block_i/hdmi_text_controller_0/inst/hdmi_text_controller_v1_0_AXI_inst/sprite_rom_i_634_n_0. Optimization improves timing on the net.
INFO: [Physopt 32-619] Estimated Timing Summary | WNS=-21.993 | TNS=-3527.309 |
INFO: [Physopt 32-702] Processed net mb_block_i/hdmi_text_controller_0/inst/hdmi_text_controller_v1_0_AXI_inst/color_instance/sprite/under_rom_rel_y[4]. Optimizations did not improve timing on the net.
INFO: [Physopt 32-702] Processed net mb_block_i/hdmi_text_controller_0/inst/hdmi_text_controller_v1_0_AXI_inst/sprite_rom_i_155_n_0. Optimizations did not improve timing on the net.
INFO: [Physopt 32-710] Processed net mb_block_i/hdmi_text_controller_0/inst/hdmi_text_controller_v1_0_AXI_inst/sprite_rom_i_155_n_0. Critical path length was reduced through logic transformation on cell mb_block_i/hdmi_text_controller_0/inst/hdmi_text_controller_v1_0_AXI_inst/sprite_rom_i_155_comp.
INFO: [Physopt 32-735] Processed net mb_block_i/hdmi_text_controller_0/inst/hdmi_text_controller_v1_0_AXI_inst/sprite_rom_i_294_n_0. Optimization improves timing on the net.
INFO: [Physopt 32-619] Estimated Timing Summary | WNS=-21.987 | TNS=-3527.224 |
INFO: [Physopt 32-710] Processed net mb_block_i/hdmi_text_controller_0/inst/hdmi_text_controller_v1_0_AXI_inst/slv_regs_reg[62][27]_0[1]. Critical path length was reduced through logic transformation on cell mb_block_i/hdmi_text_controller_0/inst/hdmi_text_controller_v1_0_AXI_inst/sprite_rom_i_207_comp.
INFO: [Physopt 32-735] Processed net mb_block_i/hdmi_text_controller_0/inst/hdmi_text_controller_v1_0_AXI_inst/sprite_rom_i_395_n_0. Optimization improves timing on the net.
INFO: [Physopt 32-619] Estimated Timing Summary | WNS=-21.984 | TNS=-3527.104 |
INFO: [Physopt 32-710] Processed net mb_block_i/hdmi_text_controller_0/inst/hdmi_text_controller_v1_0_AXI_inst/slv_regs_reg[61][27]_0[3]. Critical path length was reduced through logic transformation on cell mb_block_i/hdmi_text_controller_0/inst/hdmi_text_controller_v1_0_AXI_inst/sprite_rom_i_349_comp.
INFO: [Physopt 32-735] Processed net mb_block_i/hdmi_text_controller_0/inst/hdmi_text_controller_v1_0_AXI_inst/sprite_rom_i_623_n_0. Optimization improves timing on the net.
INFO: [Physopt 32-619] Estimated Timing Summary | WNS=-21.979 | TNS=-3527.054 |
INFO: [Physopt 32-608] Optimized 1 net.  Swapped 10 pins.
INFO: [Physopt 32-735] Processed net mb_block_i/hdmi_text_controller_0/inst/hdmi_text_controller_v1_0_AXI_inst/sprite_rom_i_345_n_0. Optimization improves timing on the net.
INFO: [Physopt 32-619] Estimated Timing Summary | WNS=-21.977 | TNS=-3527.034 |
INFO: [Physopt 32-702] Processed net mb_block_i/hdmi_text_controller_0/inst/hdmi_text_controller_v1_0_AXI_inst/sprite_rom_i_345_n_0. Optimizations did not improve timing on the net.
INFO: [Physopt 32-710] Processed net mb_block_i/hdmi_text_controller_0/inst/hdmi_text_controller_v1_0_AXI_inst/sprite_rom_i_345_n_0. Critical path length was reduced through logic transformation on cell mb_block_i/hdmi_text_controller_0/inst/hdmi_text_controller_v1_0_AXI_inst/sprite_rom_i_345_comp.
INFO: [Physopt 32-735] Processed net mb_block_i/hdmi_text_controller_0/inst/hdmi_text_controller_v1_0_AXI_inst/sprite_rom_i_616_0. Optimization improves timing on the net.
INFO: [Physopt 32-619] Estimated Timing Summary | WNS=-21.976 | TNS=-3527.024 |
INFO: [Physopt 32-702] Processed net mb_block_i/hdmi_text_controller_0/inst/hdmi_text_controller_v1_0_AXI_inst/sprite_rom_i_633_n_0. Optimizations did not improve timing on the net.
INFO: [Physopt 32-710] Processed net mb_block_i/hdmi_text_controller_0/inst/hdmi_text_controller_v1_0_AXI_inst/sprite_rom_i_633_n_0. Critical path length was reduced through logic transformation on cell mb_block_i/hdmi_text_controller_0/inst/hdmi_text_controller_v1_0_AXI_inst/sprite_rom_i_633_comp.
INFO: [Physopt 32-735] Processed net mb_block_i/hdmi_text_controller_0/inst/hdmi_text_controller_v1_0_AXI_inst/sprite_rom_i_1153_n_0. Optimization improves timing on the net.
INFO: [Physopt 32-619] Estimated Timing Summary | WNS=-21.976 | TNS=-3526.994 |
INFO: [Physopt 32-710] Processed net mb_block_i/hdmi_text_controller_0/inst/hdmi_text_controller_v1_0_AXI_inst/vc_reg[8]_27[1]. Critical path length was reduced through logic transformation on cell mb_block_i/hdmi_text_controller_0/inst/hdmi_text_controller_v1_0_AXI_inst/sprite_rom_i_447_comp_1.
INFO: [Physopt 32-735] Processed net mb_block_i/hdmi_text_controller_0/inst/hdmi_text_controller_v1_0_AXI_inst/sprite_rom_i_1284_n_0. Optimization improves timing on the net.
INFO: [Physopt 32-619] Estimated Timing Summary | WNS=-21.975 | TNS=-3526.979 |
INFO: [Physopt 32-608] Optimized 1 net.  Swapped 26 pins.
INFO: [Physopt 32-735] Processed net mb_block_i/hdmi_text_controller_0/inst/hdmi_text_controller_v1_0_AXI_inst/sprite_rom_i_65_n_0. Optimization improves timing on the net.
INFO: [Physopt 32-619] Estimated Timing Summary | WNS=-21.973 | TNS=-3526.679 |
INFO: [Physopt 32-702] Processed net mb_block_i/hdmi_text_controller_0/inst/hdmi_text_controller_v1_0_AXI_inst/color_instance/sprite/under_rom_rel_y0[4]. Optimizations did not improve timing on the net.
INFO: [Physopt 32-702] Processed net mb_block_i/hdmi_text_controller_0/inst/hdmi_text_controller_v1_0_AXI_inst/sprite_rom_i_156_n_0. Optimizations did not improve timing on the net.
INFO: [Physopt 32-702] Processed net mb_block_i/hdmi_text_controller_0/inst/hdmi_text_controller_v1_0_AXI_inst/sprite_rom_i_297_n_0. Optimizations did not improve timing on the net.
INFO: [Physopt 32-702] Processed net mb_block_i/hdmi_text_controller_0/inst/hdmi_text_controller_v1_0_AXI_inst/sprite_rom_i_497_n_0. Optimizations did not improve timing on the net.
INFO: [Physopt 32-710] Processed net mb_block_i/hdmi_text_controller_0/inst/hdmi_text_controller_v1_0_AXI_inst/sprite_rom_i_497_n_0. Critical path length was reduced through logic transformation on cell mb_block_i/hdmi_text_controller_0/inst/hdmi_text_controller_v1_0_AXI_inst/sprite_rom_i_497_comp.
INFO: [Physopt 32-735] Processed net mb_block_i/hdmi_text_controller_0/inst/hdmi_text_controller_v1_0_AXI_inst/color_instance/sprite/data2[18]. Optimization improves timing on the net.
INFO: [Physopt 32-619] Estimated Timing Summary | WNS=-21.973 | TNS=-3526.674 |
INFO: [Physopt 32-702] Processed net mb_block_i/hdmi_text_controller_0/inst/hdmi_text_controller_v1_0_AXI_inst/sprite_rom_i_624_n_0. Optimizations did not improve timing on the net.
INFO: [Physopt 32-663] Processed net mb_block_i/hdmi_text_controller_0/inst/hdmi_text_controller_v1_0_AXI_inst/sprite_rom_i_1134_n_0.  Re-placed instance mb_block_i/hdmi_text_controller_0/inst/hdmi_text_controller_v1_0_AXI_inst/sprite_rom_i_1134
INFO: [Physopt 32-735] Processed net mb_block_i/hdmi_text_controller_0/inst/hdmi_text_controller_v1_0_AXI_inst/sprite_rom_i_1134_n_0. Optimization improves timing on the net.
INFO: [Physopt 32-619] Estimated Timing Summary | WNS=-21.972 | TNS=-3526.664 |
INFO: [Physopt 32-702] Processed net mb_block_i/hdmi_text_controller_0/inst/vga/under_rel_y[1]. Optimizations did not improve timing on the net.
INFO: [Physopt 32-702] Processed net mb_block_i/hdmi_text_controller_0/inst/hdmi_text_controller_v1_0_AXI_inst/vc_reg[4]_1[1]. Optimizations did not improve timing on the net.
INFO: [Physopt 32-702] Processed net mb_block_i/hdmi_text_controller_0/inst/hdmi_text_controller_v1_0_AXI_inst/sprite_rom_i_509_n_0. Optimizations did not improve timing on the net.
INFO: [Physopt 32-710] Processed net mb_block_i/hdmi_text_controller_0/inst/hdmi_text_controller_v1_0_AXI_inst/sprite_rom_i_509_n_0. Critical path length was reduced through logic transformation on cell mb_block_i/hdmi_text_controller_0/inst/hdmi_text_controller_v1_0_AXI_inst/sprite_rom_i_509_comp.
INFO: [Physopt 32-735] Processed net mb_block_i/hdmi_text_controller_0/inst/hdmi_text_controller_v1_0_AXI_inst/sprite_rom_i_877_n_0. Optimization improves timing on the net.
INFO: [Physopt 32-619] Estimated Timing Summary | WNS=-21.972 | TNS=-3526.659 |
INFO: [Physopt 32-702] Processed net mb_block_i/hdmi_text_controller_0/inst/color_instance/sprite/sprite_collection_rom/sprite_rom/U0/inst_blk_mem_gen/gnbram.gnativebmg.native_blk_mem_gen/valid.cstr/ramloop[0].ram.r/prim_init.ram/doutb[0]. Optimizations did not improve timing on the net.
INFO: [Physopt 32-702] Processed net mb_block_i/clk_wiz_1/inst/clk_out1_mb_blink_clk_wiz_1_0. Optimizations did not improve timing on the net.
INFO: [Physopt 32-702] Processed net mb_block_i/hdmi_text_controller_0/inst/hdmi_text_controller_v1_0_AXI_inst/under_sprite_sample_on. Optimizations did not improve timing on the net.
INFO: [Physopt 32-702] Processed net mb_block_i/hdmi_text_controller_0/inst/color_instance/sprite/sprite_collection_rom/under_sprite_sample_on_q_reg_i_28. Optimizations did not improve timing on the net.
INFO: [Physopt 32-702] Processed net mb_block_i/hdmi_text_controller_0/inst/hdmi_text_controller_v1_0_AXI_inst/under_sprite_sample_on_q_i_90[0]. Optimizations did not improve timing on the net.
INFO: [Physopt 32-608] Optimized 1 net.  Swapped 6 pins.
INFO: [Physopt 32-735] Processed net mb_block_i/hdmi_text_controller_0/under_sprite_sample_on_q_i_90_n_0. Optimization improves timing on the net.
INFO: [Physopt 32-619] Estimated Timing Summary | WNS=-21.972 | TNS=-3521.282 |
INFO: [Physopt 32-702] Processed net mb_block_i/hdmi_text_controller_0/inst/hdmi_text_controller_v1_0_AXI_inst/sprite_rom_i_41_n_6. Optimizations did not improve timing on the net.
INFO: [Physopt 32-702] Processed net mb_block_i/hdmi_text_controller_0/inst/hdmi_text_controller_v1_0_AXI_inst/color_instance/sprite/under_rom_rel_x[7]. Optimizations did not improve timing on the net.
INFO: [Physopt 32-702] Processed net mb_block_i/hdmi_text_controller_0/inst/hdmi_text_controller_v1_0_AXI_inst/color_instance/sprite/under_rom_rel_x0[7]. Optimizations did not improve timing on the net.
INFO: [Physopt 32-702] Processed net mb_block_i/hdmi_text_controller_0/inst/hdmi_text_controller_v1_0_AXI_inst/sprite_rom_i_316_n_0. Optimizations did not improve timing on the net.
INFO: [Physopt 32-702] Processed net mb_block_i/hdmi_text_controller_0/inst/vga/hc_reg[9]_5[1]. Optimizations did not improve timing on the net.
INFO: [Physopt 32-702] Processed net mb_block_i/hdmi_text_controller_0/inst/hdmi_text_controller_v1_0_AXI_inst/slv_regs_reg[61][27]_0[3]. Optimizations did not improve timing on the net.
INFO: [Physopt 32-702] Processed net mb_block_i/hdmi_text_controller_0/inst/hdmi_text_controller_v1_0_AXI_inst/sprite_rom_i_625_n_0. Optimizations did not improve timing on the net.
INFO: [Physopt 32-702] Processed net mb_block_i/hdmi_text_controller_0/inst/hdmi_text_controller_v1_0_AXI_inst/sprite_rom_i_1136_n_0. Optimizations did not improve timing on the net.
INFO: [Physopt 32-702] Processed net mb_block_i/hdmi_text_controller_0/inst/hdmi_text_controller_v1_0_AXI_inst/sprite_rom_i_697_n_0. Optimizations did not improve timing on the net.
INFO: [Physopt 32-702] Processed net mb_block_i/hdmi_text_controller_0/inst/hdmi_text_controller_v1_0_AXI_inst/sprite_rom_i_1245_n_0. Optimizations did not improve timing on the net.
INFO: [Physopt 32-702] Processed net mb_block_i/hdmi_text_controller_0/inst/hdmi_text_controller_v1_0_AXI_inst/sprite_rom_i_2096_n_0. Optimizations did not improve timing on the net.
INFO: [Physopt 32-702] Processed net mb_block_i/hdmi_text_controller_0/inst/hdmi_text_controller_v1_0_AXI_inst/sprite_rom_i_3082_n_0. Optimizations did not improve timing on the net.
INFO: [Physopt 32-702] Processed net mb_block_i/hdmi_text_controller_0/inst/hdmi_text_controller_v1_0_AXI_inst/sprite_rom_i_3073_n_0. Optimizations did not improve timing on the net.
INFO: [Physopt 32-702] Processed net mb_block_i/hdmi_text_controller_0/inst/hdmi_text_controller_v1_0_AXI_inst/sprite_rom_i_3884_n_0. Optimizations did not improve timing on the net.
INFO: [Physopt 32-702] Processed net mb_block_i/hdmi_text_controller_0/inst/hdmi_text_controller_v1_0_AXI_inst/sprite_rom_i_4260_n_0. Optimizations did not improve timing on the net.
INFO: [Physopt 32-702] Processed net mb_block_i/hdmi_text_controller_0/inst/hdmi_text_controller_v1_0_AXI_inst/sprite_rom_i_3885_n_0. Optimizations did not improve timing on the net.
INFO: [Physopt 32-702] Processed net mb_block_i/hdmi_text_controller_0/inst/hdmi_text_controller_v1_0_AXI_inst/sprite_rom_i_4261_n_0. Optimizations did not improve timing on the net.
INFO: [Physopt 32-702] Processed net mb_block_i/hdmi_text_controller_0/inst/hdmi_text_controller_v1_0_AXI_inst/sprite_rom_i_4265_n_0. Optimizations did not improve timing on the net.
INFO: [Physopt 32-702] Processed net mb_block_i/hdmi_text_controller_0/inst/hdmi_text_controller_v1_0_AXI_inst/sprite_rom_i_3892_n_0. Optimizations did not improve timing on the net.
INFO: [Physopt 32-702] Processed net mb_block_i/hdmi_text_controller_0/inst/hdmi_text_controller_v1_0_AXI_inst/sprite_rom_i_4267_n_0. Optimizations did not improve timing on the net.
INFO: [Physopt 32-702] Processed net mb_block_i/hdmi_text_controller_0/inst/hdmi_text_controller_v1_0_AXI_inst/sprite_rom_i_4266_n_0. Optimizations did not improve timing on the net.
INFO: [Physopt 32-702] Processed net mb_block_i/hdmi_text_controller_0/inst/hdmi_text_controller_v1_0_AXI_inst/sprite_rom_i_3887_n_0. Optimizations did not improve timing on the net.
INFO: [Physopt 32-702] Processed net mb_block_i/hdmi_text_controller_0/inst/hdmi_text_controller_v1_0_AXI_inst/sprite_rom_i_4262_n_0. Optimizations did not improve timing on the net.
INFO: [Physopt 32-702] Processed net mb_block_i/hdmi_text_controller_0/inst/hdmi_text_controller_v1_0_AXI_inst/sprite_rom_i_4264_n_0. Optimizations did not improve timing on the net.
INFO: [Physopt 32-702] Processed net mb_block_i/hdmi_text_controller_0/inst/hdmi_text_controller_v1_0_AXI_inst/sprite_rom_i_3888_n_0. Optimizations did not improve timing on the net.
INFO: [Physopt 32-702] Processed net mb_block_i/hdmi_text_controller_0/inst/hdmi_text_controller_v1_0_AXI_inst/sprite_rom_i_4263_n_0. Optimizations did not improve timing on the net.
INFO: [Physopt 32-702] Processed net mb_block_i/hdmi_text_controller_0/inst/hdmi_text_controller_v1_0_AXI_inst/sprite_rom_i_3881_n_0. Optimizations did not improve timing on the net.
INFO: [Physopt 32-702] Processed net mb_block_i/hdmi_text_controller_0/inst/hdmi_text_controller_v1_0_AXI_inst/sprite_rom_i_3072_n_0. Optimizations did not improve timing on the net.
INFO: [Physopt 32-702] Processed net mb_block_i/hdmi_text_controller_0/inst/hdmi_text_controller_v1_0_AXI_inst/sprite_rom_i_3883_n_0. Optimizations did not improve timing on the net.
INFO: [Physopt 32-702] Processed net mb_block_i/hdmi_text_controller_0/inst/hdmi_text_controller_v1_0_AXI_inst/sprite_rom_i_3882_n_0. Optimizations did not improve timing on the net.
INFO: [Physopt 32-702] Processed net mb_block_i/hdmi_text_controller_0/inst/hdmi_text_controller_v1_0_AXI_inst/sprite_rom_i_3878_n_0. Optimizations did not improve timing on the net.
INFO: [Physopt 32-702] Processed net mb_block_i/hdmi_text_controller_0/inst/hdmi_text_controller_v1_0_AXI_inst/sprite_rom_i_4257_n_0. Optimizations did not improve timing on the net.
INFO: [Physopt 32-702] Processed net mb_block_i/hdmi_text_controller_0/inst/hdmi_text_controller_v1_0_AXI_inst/sprite_rom_i_4259_n_0. Optimizations did not improve timing on the net.
INFO: [Physopt 32-702] Processed net mb_block_i/hdmi_text_controller_0/inst/hdmi_text_controller_v1_0_AXI_inst/sprite_rom_i_3879_n_0. Optimizations did not improve timing on the net.
INFO: [Physopt 32-702] Processed net mb_block_i/hdmi_text_controller_0/inst/hdmi_text_controller_v1_0_AXI_inst/sprite_rom_i_4258_n_0. Optimizations did not improve timing on the net.
INFO: [Physopt 32-608] Optimized 1 net.  Swapped 22 pins.
INFO: [Physopt 32-735] Processed net mb_block_i/hdmi_text_controller_0/inst/hdmi_text_controller_v1_0_AXI_inst/sprite_rom_i_4384_n_0. Optimization improves timing on the net.
INFO: [Physopt 32-619] Estimated Timing Summary | WNS=-21.971 | TNS=-3521.267 |
INFO: [Physopt 32-702] Processed net mb_block_i/hdmi_text_controller_0/inst/color_instance/sprite/sprite_collection_rom/sprite_rom/U0/inst_blk_mem_gen/gnbram.gnativebmg.native_blk_mem_gen/valid.cstr/ramloop[4].ram.r/prim_init.ram/doutb[0]. Optimizations did not improve timing on the net.
INFO: [Physopt 32-702] Processed net mb_block_i/hdmi_text_controller_0/inst/hdmi_text_controller_v1_0_AXI_inst/sprite_rom_i_40_n_5. Optimizations did not improve timing on the net.
INFO: [Physopt 32-702] Processed net mb_block_i/hdmi_text_controller_0/inst/hdmi_text_controller_v1_0_AXI_inst/color_instance/sprite/under_rom_address1[4]. Optimizations did not improve timing on the net.
INFO: [Physopt 32-702] Processed net mb_block_i/hdmi_text_controller_0/inst/hdmi_text_controller_v1_0_AXI_inst/sprite_rom_i_151_n_0. Optimizations did not improve timing on the net.
INFO: [Physopt 32-608] Optimized 1 net.  Swapped 22 pins.
INFO: [Physopt 32-735] Processed net mb_block_i/hdmi_text_controller_0/inst/hdmi_text_controller_v1_0_AXI_inst/color_instance/sprite/under_rom_rel_y[3]. Optimization improves timing on the net.
INFO: [Physopt 32-619] Estimated Timing Summary | WNS=-21.971 | TNS=-3520.367 |
INFO: [Physopt 32-702] Processed net mb_block_i/hdmi_text_controller_0/inst/hdmi_text_controller_v1_0_AXI_inst/sprite_rom_i_86_n_0. Optimizations did not improve timing on the net.
INFO: [Physopt 32-608] Optimized 1 net.  Swapped 16 pins.
INFO: [Physopt 32-735] Processed net mb_block_i/hdmi_text_controller_0/inst/hdmi_text_controller_v1_0_AXI_inst/color_instance/sprite/under_rom_rel_x[5]. Optimization improves timing on the net.
INFO: [Physopt 32-619] Estimated Timing Summary | WNS=-21.969 | TNS=-3520.127 |
INFO: [Physopt 32-702] Processed net mb_block_i/hdmi_text_controller_0/inst/hdmi_text_controller_v1_0_AXI_inst/color_instance/sprite/rom_address0[14]. Optimizations did not improve timing on the net.
INFO: [Physopt 32-702] Processed net mb_block_i/hdmi_text_controller_0/inst/hdmi_text_controller_v1_0_AXI_inst/color_instance/sprite/rom_address1[5]. Optimizations did not improve timing on the net.
INFO: [Physopt 32-702] Processed net mb_block_i/hdmi_text_controller_0/inst/hdmi_text_controller_v1_0_AXI_inst/sprite_rom_i_100_n_0. Optimizations did not improve timing on the net.
INFO: [Physopt 32-702] Processed net mb_block_i/hdmi_text_controller_0/inst/hdmi_text_controller_v1_0_AXI_inst/color_instance/sprite/rom_rel_y0[3]. Optimizations did not improve timing on the net.
INFO: [Physopt 32-702] Processed net mb_block_i/hdmi_text_controller_0/inst/hdmi_text_controller_v1_0_AXI_inst/sprite_rom_i_229_n_0. Optimizations did not improve timing on the net.
INFO: [Physopt 32-663] Processed net mb_block_i/hdmi_text_controller_0/inst/hdmi_text_controller_v1_0_AXI_inst/color_instance/sprite/data0[15].  Re-placed instance mb_block_i/hdmi_text_controller_0/inst/hdmi_text_controller_v1_0_AXI_inst/sprite_rom_i_203
INFO: [Physopt 32-735] Processed net mb_block_i/hdmi_text_controller_0/inst/hdmi_text_controller_v1_0_AXI_inst/color_instance/sprite/data0[15]. Optimization improves timing on the net.
INFO: [Physopt 32-619] Estimated Timing Summary | WNS=-21.965 | TNS=-3520.052 |
INFO: [Physopt 32-702] Processed net mb_block_i/hdmi_text_controller_0/inst/hdmi_text_controller_v1_0_AXI_inst/color_instance/sprite/rom_address0[13]. Optimizations did not improve timing on the net.
INFO: [Physopt 32-702] Processed net mb_block_i/hdmi_text_controller_0/inst/hdmi_text_controller_v1_0_AXI_inst/sprite_rom_i_68_n_0. Optimizations did not improve timing on the net.
INFO: [Physopt 32-702] Processed net mb_block_i/hdmi_text_controller_0/inst/hdmi_text_controller_v1_0_AXI_inst/color_instance/sprite/rom_rel_x0[4]. Optimizations did not improve timing on the net.
INFO: [Physopt 32-702] Processed net mb_block_i/hdmi_text_controller_0/inst/hdmi_text_controller_v1_0_AXI_inst/sprite_rom_i_269_n_0. Optimizations did not improve timing on the net.
INFO: [Physopt 32-702] Processed net mb_block_i/hdmi_text_controller_0/inst/hdmi_text_controller_v1_0_AXI_inst/sprite_rom_i_218_n_0. Optimizations did not improve timing on the net.
INFO: [Physopt 32-702] Processed net mb_block_i/hdmi_text_controller_0/inst/hdmi_text_controller_v1_0_AXI_inst/color_instance/sprite/data0[21]. Optimizations did not improve timing on the net.
INFO: [Physopt 32-702] Processed net mb_block_i/hdmi_text_controller_0/inst/hdmi_text_controller_v1_0_AXI_inst/color_instance/sprite/data2[21]. Optimizations did not improve timing on the net.
INFO: [Physopt 32-663] Processed net mb_block_i/hdmi_text_controller_0/inst/hdmi_text_controller_v1_0_AXI_inst/color_instance/sprite/data3[21].  Re-placed instance mb_block_i/hdmi_text_controller_0/inst/hdmi_text_controller_v1_0_AXI_inst/sprite_rom_i_1257
INFO: [Physopt 32-735] Processed net mb_block_i/hdmi_text_controller_0/inst/hdmi_text_controller_v1_0_AXI_inst/color_instance/sprite/data3[21]. Optimization improves timing on the net.
INFO: [Physopt 32-619] Estimated Timing Summary | WNS=-21.960 | TNS=-3519.827 |
INFO: [Physopt 32-608] Optimized 1 net.  Swapped 26 pins.
INFO: [Physopt 32-735] Processed net mb_block_i/hdmi_text_controller_0/inst/hdmi_text_controller_v1_0_AXI_inst/sprite_rom_i_67_n_0. Optimization improves timing on the net.
INFO: [Physopt 32-619] Estimated Timing Summary | WNS=-21.954 | TNS=-3518.956 |
INFO: [Physopt 32-608] Optimized 1 net.  Swapped 26 pins.
INFO: [Physopt 32-735] Processed net mb_block_i/hdmi_text_controller_0/inst/hdmi_text_controller_v1_0_AXI_inst/sprite_rom_i_99_n_0. Optimization improves timing on the net.
INFO: [Physopt 32-619] Estimated Timing Summary | WNS=-21.953 | TNS=-3518.922 |
INFO: [Physopt 32-702] Processed net mb_block_i/hdmi_text_controller_0/inst/hdmi_text_controller_v1_0_AXI_inst/color_instance/sprite/under_rom_address1[5]. Optimizations did not improve timing on the net.
INFO: [Physopt 32-702] Processed net mb_block_i/hdmi_text_controller_0/inst/hdmi_text_controller_v1_0_AXI_inst/sprite_rom_i_149_n_0. Optimizations did not improve timing on the net.
INFO: [Physopt 32-702] Processed net mb_block_i/hdmi_text_controller_0/inst/hdmi_text_controller_v1_0_AXI_inst/color_instance/sprite/under_rom_rel_y[5]. Optimizations did not improve timing on the net.
INFO: [Physopt 32-702] Processed net mb_block_i/hdmi_text_controller_0/inst/hdmi_text_controller_v1_0_AXI_inst/color_instance/sprite/under_rom_rel_y0[5]. Optimizations did not improve timing on the net.
INFO: [Physopt 32-702] Processed net mb_block_i/hdmi_text_controller_0/inst/hdmi_text_controller_v1_0_AXI_inst/sprite_rom_i_443_n_0. Optimizations did not improve timing on the net.
INFO: [Physopt 32-702] Processed net mb_block_i/hdmi_text_controller_0/inst/hdmi_text_controller_v1_0_AXI_inst/sprite_rom_i_530_0. Optimizations did not improve timing on the net.
INFO: [Physopt 32-702] Processed net mb_block_i/hdmi_text_controller_0/inst/hdmi_text_controller_v1_0_AXI_inst/sprite_rom_i_530_n_0. Optimizations did not improve timing on the net.
INFO: [Physopt 32-663] Processed net mb_block_i/hdmi_text_controller_0/inst/hdmi_text_controller_v1_0_AXI_inst/color_instance/sprite/data2[26].  Re-placed instance mb_block_i/hdmi_text_controller_0/inst/hdmi_text_controller_v1_0_AXI_inst/sprite_rom_i_389
INFO: [Physopt 32-735] Processed net mb_block_i/hdmi_text_controller_0/inst/hdmi_text_controller_v1_0_AXI_inst/color_instance/sprite/data2[26]. Optimization improves timing on the net.
INFO: [Physopt 32-619] Estimated Timing Summary | WNS=-21.950 | TNS=-3518.892 |
INFO: [Physopt 32-702] Processed net mb_block_i/hdmi_text_controller_0/inst/hdmi_text_controller_v1_0_AXI_inst/color_instance/sprite/under_rom_rel_x[5]. Optimizations did not improve timing on the net.
INFO: [Physopt 32-702] Processed net mb_block_i/hdmi_text_controller_0/inst/hdmi_text_controller_v1_0_AXI_inst/color_instance/sprite/under_rom_rel_x0[5]. Optimizations did not improve timing on the net.
INFO: [Physopt 32-608] Optimized 1 net.  Swapped 13 pins.
INFO: [Physopt 32-735] Processed net mb_block_i/hdmi_text_controller_0/inst/hdmi_text_controller_v1_0_AXI_inst/sprite_rom_i_345_n_0. Optimization improves timing on the net.
INFO: [Physopt 32-619] Estimated Timing Summary | WNS=-21.950 | TNS=-3518.892 |
INFO: [Physopt 32-702] Processed net mb_block_i/hdmi_text_controller_0/inst/hdmi_text_controller_v1_0_AXI_inst/sprite_rom_i_317_n_0. Optimizations did not improve timing on the net.
INFO: [Physopt 32-702] Processed net mb_block_i/hdmi_text_controller_0/inst/hdmi_text_controller_v1_0_AXI_inst/sprite_rom_i_313_n_0. Optimizations did not improve timing on the net.
INFO: [Physopt 32-702] Processed net mb_block_i/hdmi_text_controller_0/inst/hdmi_text_controller_v1_0_AXI_inst/sprite_rom_i_533_n_0. Optimizations did not improve timing on the net.
INFO: [Physopt 32-702] Processed net mb_block_i/hdmi_text_controller_0/inst/hdmi_text_controller_v1_0_AXI_inst/color_instance/sprite/data2[25]. Optimizations did not improve timing on the net.
INFO: [Physopt 32-663] Processed net mb_block_i/hdmi_text_controller_0/inst/hdmi_text_controller_v1_0_AXI_inst/color_instance/sprite/data3[25].  Re-placed instance mb_block_i/hdmi_text_controller_0/inst/hdmi_text_controller_v1_0_AXI_inst/sprite_rom_i_1254
INFO: [Physopt 32-735] Processed net mb_block_i/hdmi_text_controller_0/inst/hdmi_text_controller_v1_0_AXI_inst/color_instance/sprite/data3[25]. Optimization improves timing on the net.
INFO: [Physopt 32-619] Estimated Timing Summary | WNS=-21.947 | TNS=-3518.491 |
INFO: [Physopt 32-702] Processed net mb_block_i/hdmi_text_controller_0/inst/hdmi_text_controller_v1_0_AXI_inst/sprite_rom_i_99_n_0. Optimizations did not improve timing on the net.
INFO: [Physopt 32-702] Processed net mb_block_i/hdmi_text_controller_0/inst/hdmi_text_controller_v1_0_AXI_inst/color_instance/sprite/rom_rel_y0[4]. Optimizations did not improve timing on the net.
INFO: [Physopt 32-702] Processed net mb_block_i/hdmi_text_controller_0/inst/hdmi_text_controller_v1_0_AXI_inst/sprite_rom_i_226_n_0. Optimizations did not improve timing on the net.
INFO: [Physopt 32-702] Processed net mb_block_i/hdmi_text_controller_0/inst/vga/rel_y[1]. Optimizations did not improve timing on the net.
INFO: [Physopt 32-702] Processed net mb_block_i/hdmi_text_controller_0/inst/hdmi_text_controller_v1_0_AXI_inst/slv_regs_reg[62][3]_0[2]. Optimizations did not improve timing on the net.
INFO: [Physopt 32-663] Processed net mb_block_i/hdmi_text_controller_0/inst/hdmi_text_controller_v1_0_AXI_inst/sprite_rom_i_408_n_0.  Re-placed instance mb_block_i/hdmi_text_controller_0/inst/hdmi_text_controller_v1_0_AXI_inst/sprite_rom_i_408
INFO: [Physopt 32-735] Processed net mb_block_i/hdmi_text_controller_0/inst/hdmi_text_controller_v1_0_AXI_inst/sprite_rom_i_408_n_0. Optimization improves timing on the net.
INFO: [Physopt 32-619] Estimated Timing Summary | WNS=-21.947 | TNS=-3518.420 |
INFO: [Physopt 32-702] Processed net mb_block_i/hdmi_text_controller_0/inst/hdmi_text_controller_v1_0_AXI_inst/sprite_rom_i_444_n_0. Optimizations did not improve timing on the net.
INFO: [Physopt 32-702] Processed net mb_block_i/hdmi_text_controller_0/inst/vga/under_rel_y[2]. Optimizations did not improve timing on the net.
INFO: [Physopt 32-608] Optimized 1 net.  Swapped 23 pins.
INFO: [Physopt 32-735] Processed net mb_block_i/hdmi_text_controller_0/inst/hdmi_text_controller_v1_0_AXI_inst/vc_reg[4]_1[2]. Optimization improves timing on the net.
INFO: [Physopt 32-619] Estimated Timing Summary | WNS=-21.942 | TNS=-3518.360 |
INFO: [Physopt 32-702] Processed net mb_block_i/hdmi_text_controller_0/inst/hdmi_text_controller_v1_0_AXI_inst/slv_regs_reg[61][27]_0[1]. Optimizations did not improve timing on the net.
INFO: [Physopt 32-608] Optimized 1 net.  Swapped 19 pins.
INFO: [Physopt 32-735] Processed net mb_block_i/hdmi_text_controller_0/inst/hdmi_text_controller_v1_0_AXI_inst/sprite_rom_i_631_n_0. Optimization improves timing on the net.
INFO: [Physopt 32-619] Estimated Timing Summary | WNS=-21.941 | TNS=-3518.345 |
INFO: [Physopt 32-702] Processed net mb_block_i/hdmi_text_controller_0/inst/hdmi_text_controller_v1_0_AXI_inst/sprite_rom_i_91_n_0. Optimizations did not improve timing on the net.
INFO: [Physopt 32-608] Optimized 1 net.  Swapped 21 pins.
INFO: [Physopt 32-735] Processed net mb_block_i/hdmi_text_controller_0/inst/hdmi_text_controller_v1_0_AXI_inst/color_instance/sprite/under_rom_rel_x[3]. Optimization improves timing on the net.
INFO: [Physopt 32-619] Estimated Timing Summary | WNS=-21.937 | TNS=-3517.611 |
INFO: [Physopt 32-702] Processed net mb_block_i/hdmi_text_controller_0/inst/hdmi_text_controller_v1_0_AXI_inst/slv_regs_reg[61][27]_0[2]. Optimizations did not improve timing on the net.
INFO: [Physopt 32-702] Processed net mb_block_i/hdmi_text_controller_0/inst/hdmi_text_controller_v1_0_AXI_inst/sprite_rom_i_628_n_0. Optimizations did not improve timing on the net.
INFO: [Physopt 32-702] Processed net mb_block_i/hdmi_text_controller_0/inst/hdmi_text_controller_v1_0_AXI_inst/sprite_rom_i_1142_n_0. Optimizations did not improve timing on the net.
INFO: [Physopt 32-702] Processed net mb_block_i/hdmi_text_controller_0/inst/hdmi_text_controller_v1_0_AXI_inst/sprite_rom_i_698_n_0. Optimizations did not improve timing on the net.
INFO: [Physopt 32-702] Processed net mb_block_i/hdmi_text_controller_0/inst/hdmi_text_controller_v1_0_AXI_inst/sprite_rom_i_1246_n_0. Optimizations did not improve timing on the net.
INFO: [Physopt 32-702] Processed net mb_block_i/hdmi_text_controller_0/inst/hdmi_text_controller_v1_0_AXI_inst/sprite_rom_i_2097_n_0. Optimizations did not improve timing on the net.
INFO: [Physopt 32-702] Processed net mb_block_i/hdmi_text_controller_0/inst/hdmi_text_controller_v1_0_AXI_inst/sprite_rom_i_3103_n_0. Optimizations did not improve timing on the net.
INFO: [Physopt 32-663] Processed net mb_block_i/hdmi_text_controller_0/inst/hdmi_text_controller_v1_0_AXI_inst/sprite_rom_i_3094_n_0.  Re-placed instance mb_block_i/hdmi_text_controller_0/inst/hdmi_text_controller_v1_0_AXI_inst/sprite_rom_i_3094
INFO: [Physopt 32-735] Processed net mb_block_i/hdmi_text_controller_0/inst/hdmi_text_controller_v1_0_AXI_inst/sprite_rom_i_3094_n_0. Optimization improves timing on the net.
INFO: [Physopt 32-619] Estimated Timing Summary | WNS=-21.935 | TNS=-3517.190 |
INFO: [Physopt 32-702] Processed net mb_block_i/hdmi_text_controller_0/inst/hdmi_text_controller_v1_0_AXI_inst/vc_reg[4]_1[2]. Optimizations did not improve timing on the net.
INFO: [Physopt 32-702] Processed net mb_block_i/hdmi_text_controller_0/inst/hdmi_text_controller_v1_0_AXI_inst/sprite_rom_i_506_n_0. Optimizations did not improve timing on the net.
INFO: [Physopt 32-702] Processed net mb_block_i/hdmi_text_controller_0/inst/hdmi_text_controller_v1_0_AXI_inst/sprite_rom_i_871_n_0. Optimizations did not improve timing on the net.
INFO: [Physopt 32-702] Processed net mb_block_i/hdmi_text_controller_0/inst/hdmi_text_controller_v1_0_AXI_inst/sprite_rom_i_711_n_0. Optimizations did not improve timing on the net.
INFO: [Physopt 32-702] Processed net mb_block_i/hdmi_text_controller_0/inst/hdmi_text_controller_v1_0_AXI_inst/sprite_rom_i_1259_n_0. Optimizations did not improve timing on the net.
INFO: [Physopt 32-702] Processed net mb_block_i/hdmi_text_controller_0/inst/hdmi_text_controller_v1_0_AXI_inst/sprite_rom_i_2106_n_0. Optimizations did not improve timing on the net.
INFO: [Physopt 32-702] Processed net mb_block_i/hdmi_text_controller_0/inst/hdmi_text_controller_v1_0_AXI_inst/sprite_rom_i_2484_n_0. Optimizations did not improve timing on the net.
INFO: [Physopt 32-702] Processed net mb_block_i/hdmi_text_controller_0/inst/hdmi_text_controller_v1_0_AXI_inst/sprite_rom_i_2475_n_0. Optimizations did not improve timing on the net.
INFO: [Physopt 32-702] Processed net mb_block_i/hdmi_text_controller_0/inst/hdmi_text_controller_v1_0_AXI_inst/sprite_rom_i_3611_n_0. Optimizations did not improve timing on the net.
INFO: [Physopt 32-702] Processed net mb_block_i/hdmi_text_controller_0/inst/hdmi_text_controller_v1_0_AXI_inst/sprite_rom_i_4123_n_0. Optimizations did not improve timing on the net.
INFO: [Physopt 32-702] Processed net mb_block_i/hdmi_text_controller_0/inst/hdmi_text_controller_v1_0_AXI_inst/sprite_rom_i_3612_n_0. Optimizations did not improve timing on the net.
INFO: [Physopt 32-663] Processed net mb_block_i/hdmi_text_controller_0/inst/hdmi_text_controller_v1_0_AXI_inst/sprite_rom_i_4124_n_0.  Re-placed instance mb_block_i/hdmi_text_controller_0/inst/hdmi_text_controller_v1_0_AXI_inst/sprite_rom_i_4124
INFO: [Physopt 32-735] Processed net mb_block_i/hdmi_text_controller_0/inst/hdmi_text_controller_v1_0_AXI_inst/sprite_rom_i_4124_n_0. Optimization improves timing on the net.
INFO: [Physopt 32-619] Estimated Timing Summary | WNS=-21.933 | TNS=-3517.180 |
INFO: [Physopt 32-702] Processed net mb_block_i/hdmi_text_controller_0/inst/hdmi_text_controller_v1_0_AXI_inst/color_instance/sprite/data0[15]. Optimizations did not improve timing on the net.
INFO: [Physopt 32-702] Processed net mb_block_i/hdmi_text_controller_0/inst/hdmi_text_controller_v1_0_AXI_inst/color_instance/sprite/data2[15]. Optimizations did not improve timing on the net.
INFO: [Physopt 32-702] Processed net mb_block_i/hdmi_text_controller_0/inst/hdmi_text_controller_v1_0_AXI_inst/color_instance/sprite/data3[15]. Optimizations did not improve timing on the net.
INFO: [Physopt 32-702] Processed net mb_block_i/hdmi_text_controller_0/inst/hdmi_text_controller_v1_0_AXI_inst/color_instance/sprite/data5[15]. Optimizations did not improve timing on the net.
INFO: [Physopt 32-702] Processed net mb_block_i/hdmi_text_controller_0/inst/hdmi_text_controller_v1_0_AXI_inst/color_instance/sprite/data7[15]. Optimizations did not improve timing on the net.
INFO: [Physopt 32-702] Processed net mb_block_i/hdmi_text_controller_0/inst/hdmi_text_controller_v1_0_AXI_inst/color_instance/sprite/data9[15]. Optimizations did not improve timing on the net.
INFO: [Physopt 32-702] Processed net mb_block_i/hdmi_text_controller_0/inst/hdmi_text_controller_v1_0_AXI_inst/color_instance/sprite/data11[15]. Optimizations did not improve timing on the net.
INFO: [Physopt 32-702] Processed net mb_block_i/hdmi_text_controller_0/inst/hdmi_text_controller_v1_0_AXI_inst/color_instance/sprite/data13[15]. Optimizations did not improve timing on the net.
INFO: [Physopt 32-702] Processed net mb_block_i/hdmi_text_controller_0/inst/hdmi_text_controller_v1_0_AXI_inst/color_instance/sprite/data15[15]. Optimizations did not improve timing on the net.
INFO: [Physopt 32-663] Processed net mb_block_i/hdmi_text_controller_0/inst/hdmi_text_controller_v1_0_AXI_inst/color_instance/sprite/data17[15].  Re-placed instance mb_block_i/hdmi_text_controller_0/inst/hdmi_text_controller_v1_0_AXI_inst/sprite_rom_i_3582
INFO: [Physopt 32-735] Processed net mb_block_i/hdmi_text_controller_0/inst/hdmi_text_controller_v1_0_AXI_inst/color_instance/sprite/data17[15]. Optimization improves timing on the net.
INFO: [Physopt 32-619] Estimated Timing Summary | WNS=-21.933 | TNS=-3517.150 |
INFO: [Physopt 32-619] Estimated Timing Summary | WNS=-21.933 | TNS=-3517.150 |
Phase 3 Critical Path Optimization | Checksum: 152688bfd

Time (s): cpu = 00:00:24 ; elapsed = 00:00:16 . Memory (MB): peak = 2700.199 ; gain = 0.000

Phase 4 Critical Path Optimization
INFO: [Physopt 32-619] Estimated Timing Summary | WNS=-21.933 | TNS=-3517.150 |
INFO: [Physopt 32-702] Processed net mb_block_i/hdmi_text_controller_0/inst/color_instance/sprite/sprite_collection_rom/sprite_rom/U0/inst_blk_mem_gen/gnbram.gnativebmg.native_blk_mem_gen/valid.cstr/ramloop[4].ram.r/prim_init.ram/doutb[0]. Optimizations did not improve timing on the net.
INFO: [Physopt 32-702] Processed net mb_block_i/clk_wiz_1/inst/clk_out1_mb_blink_clk_wiz_1_0. Optimizations did not improve timing on the net.
INFO: [Physopt 32-702] Processed net mb_block_i/hdmi_text_controller_0/inst/hdmi_text_controller_v1_0_AXI_inst/sprite_rom_i_40_n_5. Optimizations did not improve timing on the net.
INFO: [Physopt 32-702] Processed net mb_block_i/hdmi_text_controller_0/inst/hdmi_text_controller_v1_0_AXI_inst/color_instance/sprite/under_rom_address1[5]. Optimizations did not improve timing on the net.
INFO: [Physopt 32-702] Processed net mb_block_i/hdmi_text_controller_0/inst/hdmi_text_controller_v1_0_AXI_inst/sprite_rom_i_149_n_0. Optimizations did not improve timing on the net.
INFO: [Physopt 32-702] Processed net mb_block_i/hdmi_text_controller_0/inst/hdmi_text_controller_v1_0_AXI_inst/color_instance/sprite/under_rom_rel_y[5]. Optimizations did not improve timing on the net.
INFO: [Physopt 32-702] Processed net mb_block_i/hdmi_text_controller_0/inst/hdmi_text_controller_v1_0_AXI_inst/color_instance/sprite/under_rom_rel_y0[5]. Optimizations did not improve timing on the net.
INFO: [Physopt 32-702] Processed net mb_block_i/hdmi_text_controller_0/inst/hdmi_text_controller_v1_0_AXI_inst/sprite_rom_i_444_n_0. Optimizations did not improve timing on the net.
INFO: [Physopt 32-702] Processed net mb_block_i/hdmi_text_controller_0/inst/vga/under_rel_y[2]. Optimizations did not improve timing on the net.
INFO: [Physopt 32-702] Processed net mb_block_i/hdmi_text_controller_0/inst/vga/sprite_rom_i_157_n_0. Optimizations did not improve timing on the net.
INFO: [Physopt 32-702] Processed net mb_block_i/hdmi_text_controller_0/inst/hdmi_text_controller_v1_0_AXI_inst/vc_reg[4]_1[2]. Optimizations did not improve timing on the net.
INFO: [Physopt 32-702] Processed net mb_block_i/hdmi_text_controller_0/inst/hdmi_text_controller_v1_0_AXI_inst/sprite_rom_i_506_n_0. Optimizations did not improve timing on the net.
INFO: [Physopt 32-710] Processed net mb_block_i/hdmi_text_controller_0/inst/hdmi_text_controller_v1_0_AXI_inst/sprite_rom_i_506_n_0. Critical path length was reduced through logic transformation on cell mb_block_i/hdmi_text_controller_0/inst/hdmi_text_controller_v1_0_AXI_inst/sprite_rom_i_506_comp.
INFO: [Physopt 32-735] Processed net mb_block_i/hdmi_text_controller_0/inst/hdmi_text_controller_v1_0_AXI_inst/sprite_rom_i_871_n_0. Optimization improves timing on the net.
INFO: [Physopt 32-619] Estimated Timing Summary | WNS=-21.929 | TNS=-3517.130 |
INFO: [Physopt 32-702] Processed net mb_block_i/hdmi_text_controller_0/inst/hdmi_text_controller_v1_0_AXI_inst/color_instance/sprite/under_rom_address1[6]. Optimizations did not improve timing on the net.
INFO: [Physopt 32-608] Optimized 1 net.  Swapped 20 pins.
INFO: [Physopt 32-735] Processed net mb_block_i/hdmi_text_controller_0/inst/hdmi_text_controller_v1_0_AXI_inst/sprite_rom_i_148_n_0. Optimization improves timing on the net.
INFO: [Physopt 32-619] Estimated Timing Summary | WNS=-21.927 | TNS=-3517.076 |
INFO: [Physopt 32-702] Processed net mb_block_i/hdmi_text_controller_0/inst/color_instance/sprite/sprite_collection_rom/sprite_rom/U0/inst_blk_mem_gen/gnbram.gnativebmg.native_blk_mem_gen/valid.cstr/ramloop[0].ram.r/prim_init.ram/doutb[0]. Optimizations did not improve timing on the net.
INFO: [Physopt 32-702] Processed net mb_block_i/hdmi_text_controller_0/inst/hdmi_text_controller_v1_0_AXI_inst/color_instance/sprite/rom_address0[14]. Optimizations did not improve timing on the net.
INFO: [Physopt 32-702] Processed net mb_block_i/hdmi_text_controller_0/inst/hdmi_text_controller_v1_0_AXI_inst/color_instance/sprite/rom_address1[5]. Optimizations did not improve timing on the net.
INFO: [Physopt 32-702] Processed net mb_block_i/hdmi_text_controller_0/inst/hdmi_text_controller_v1_0_AXI_inst/sprite_rom_i_100_n_0. Optimizations did not improve timing on the net.
INFO: [Physopt 32-702] Processed net mb_block_i/hdmi_text_controller_0/inst/hdmi_text_controller_v1_0_AXI_inst/color_instance/sprite/rom_rel_y0[3]. Optimizations did not improve timing on the net.
INFO: [Physopt 32-702] Processed net mb_block_i/hdmi_text_controller_0/inst/hdmi_text_controller_v1_0_AXI_inst/sprite_rom_i_229_n_0. Optimizations did not improve timing on the net.
INFO: [Physopt 32-702] Processed net mb_block_i/hdmi_text_controller_0/inst/hdmi_text_controller_v1_0_AXI_inst/color_instance/sprite/data0[15]. Optimizations did not improve timing on the net.
INFO: [Physopt 32-710] Processed net mb_block_i/hdmi_text_controller_0/inst/hdmi_text_controller_v1_0_AXI_inst/color_instance/sprite/data0[15]. Critical path length was reduced through logic transformation on cell mb_block_i/hdmi_text_controller_0/inst/hdmi_text_controller_v1_0_AXI_inst/sprite_rom_i_203_comp.
INFO: [Physopt 32-735] Processed net mb_block_i/hdmi_text_controller_0/inst/hdmi_text_controller_v1_0_AXI_inst/color_instance/sprite/data2[15]. Optimization improves timing on the net.
INFO: [Physopt 32-619] Estimated Timing Summary | WNS=-21.925 | TNS=-3517.066 |
INFO: [Physopt 32-702] Processed net mb_block_i/hdmi_text_controller_0/inst/hdmi_text_controller_v1_0_AXI_inst/color_instance/sprite/rom_address1[6]. Optimizations did not improve timing on the net.
INFO: [Physopt 32-663] Processed net mb_block_i/hdmi_text_controller_0/inst/hdmi_text_controller_v1_0_AXI_inst/sprite_rom_i_95_n_0.  Re-placed instance mb_block_i/hdmi_text_controller_0/inst/hdmi_text_controller_v1_0_AXI_inst/sprite_rom_i_95
INFO: [Physopt 32-735] Processed net mb_block_i/hdmi_text_controller_0/inst/hdmi_text_controller_v1_0_AXI_inst/sprite_rom_i_95_n_0. Optimization improves timing on the net.
INFO: [Physopt 32-619] Estimated Timing Summary | WNS=-21.923 | TNS=-3516.961 |
INFO: [Physopt 32-702] Processed net mb_block_i/hdmi_text_controller_0/inst/hdmi_text_controller_v1_0_AXI_inst/color_instance/sprite/rom_address0[13]. Optimizations did not improve timing on the net.
INFO: [Physopt 32-702] Processed net mb_block_i/hdmi_text_controller_0/inst/hdmi_text_controller_v1_0_AXI_inst/sprite_rom_i_37_n_0. Optimizations did not improve timing on the net.
INFO: [Physopt 32-702] Processed net mb_block_i/hdmi_text_controller_0/inst/hdmi_text_controller_v1_0_AXI_inst/sprite_rom_i_38_n_0. Optimizations did not improve timing on the net.
INFO: [Physopt 32-702] Processed net mb_block_i/hdmi_text_controller_0/inst/hdmi_text_controller_v1_0_AXI_inst/sprite_rom_i_39_n_0. Optimizations did not improve timing on the net.
INFO: [Physopt 32-608] Optimized 1 net.  Swapped 25 pins.
INFO: [Physopt 32-735] Processed net mb_block_i/hdmi_text_controller_0/inst/hdmi_text_controller_v1_0_AXI_inst/color_instance/sprite/B[1]. Optimization improves timing on the net.
INFO: [Physopt 32-619] Estimated Timing Summary | WNS=-21.918 | TNS=-3514.541 |
INFO: [Physopt 32-710] Processed net mb_block_i/hdmi_text_controller_0/inst/hdmi_text_controller_v1_0_AXI_inst/sprite_rom_i_444_n_0. Critical path length was reduced through logic transformation on cell mb_block_i/hdmi_text_controller_0/inst/hdmi_text_controller_v1_0_AXI_inst/sprite_rom_i_444_comp.
INFO: [Physopt 32-735] Processed net mb_block_i/hdmi_text_controller_0/inst/hdmi_text_controller_v1_0_AXI_inst/sprite_rom_i_441_n_0. Optimization improves timing on the net.
INFO: [Physopt 32-619] Estimated Timing Summary | WNS=-21.917 | TNS=-3514.476 |
INFO: [Physopt 32-608] Optimized 1 net.  Swapped 26 pins.
INFO: [Physopt 32-735] Processed net mb_block_i/hdmi_text_controller_0/inst/hdmi_text_controller_v1_0_AXI_inst/sprite_rom_i_68_n_0. Optimization improves timing on the net.
INFO: [Physopt 32-619] Estimated Timing Summary | WNS=-21.909 | TNS=-3514.031 |
INFO: [Physopt 32-702] Processed net mb_block_i/hdmi_text_controller_0/inst/hdmi_text_controller_v1_0_AXI_inst/sprite_rom_i_41_n_6. Optimizations did not improve timing on the net.
INFO: [Physopt 32-702] Processed net mb_block_i/hdmi_text_controller_0/inst/hdmi_text_controller_v1_0_AXI_inst/sprite_rom_i_42_n_0. Optimizations did not improve timing on the net.
INFO: [Physopt 32-702] Processed net mb_block_i/hdmi_text_controller_0/inst/hdmi_text_controller_v1_0_AXI_inst/color_instance/sprite/under_rom_rel_x[7]. Optimizations did not improve timing on the net.
INFO: [Physopt 32-702] Processed net mb_block_i/hdmi_text_controller_0/inst/hdmi_text_controller_v1_0_AXI_inst/color_instance/sprite/under_rom_rel_x0[7]. Optimizations did not improve timing on the net.
INFO: [Physopt 32-702] Processed net mb_block_i/hdmi_text_controller_0/inst/hdmi_text_controller_v1_0_AXI_inst/sprite_rom_i_317_n_0. Optimizations did not improve timing on the net.
INFO: [Physopt 32-710] Processed net mb_block_i/hdmi_text_controller_0/inst/hdmi_text_controller_v1_0_AXI_inst/sprite_rom_i_317_n_0. Critical path length was reduced through logic transformation on cell mb_block_i/hdmi_text_controller_0/inst/hdmi_text_controller_v1_0_AXI_inst/sprite_rom_i_317_comp.
INFO: [Physopt 32-735] Processed net mb_block_i/hdmi_text_controller_0/inst/hdmi_text_controller_v1_0_AXI_inst/sprite_rom_i_313_n_0. Optimization improves timing on the net.
INFO: [Physopt 32-619] Estimated Timing Summary | WNS=-21.906 | TNS=-3513.971 |
INFO: [Physopt 32-702] Processed net mb_block_i/hdmi_text_controller_0/inst/hdmi_text_controller_v1_0_AXI_inst/sprite_rom_i_60_n_0. Optimizations did not improve timing on the net.
INFO: [Physopt 32-702] Processed net mb_block_i/hdmi_text_controller_0/inst/hdmi_text_controller_v1_0_AXI_inst/color_instance/sprite/rom_rel_x0[8]. Optimizations did not improve timing on the net.
INFO: [Physopt 32-702] Processed net mb_block_i/hdmi_text_controller_0/inst/hdmi_text_controller_v1_0_AXI_inst/sprite_rom_i_140_n_0. Optimizations did not improve timing on the net.
INFO: [Physopt 32-608] Optimized 1 net.  Swapped 16 pins.
INFO: [Physopt 32-735] Processed net mb_block_i/hdmi_text_controller_0/inst/hdmi_text_controller_v1_0_AXI_inst/sprite_rom_i_257_n_0. Optimization improves timing on the net.
INFO: [Physopt 32-619] Estimated Timing Summary | WNS=-21.905 | TNS=-3513.926 |
INFO: [Physopt 32-702] Processed net mb_block_i/hdmi_text_controller_0/inst/hdmi_text_controller_v1_0_AXI_inst/sprite_rom_i_87_n_0. Optimizations did not improve timing on the net.
INFO: [Physopt 32-702] Processed net mb_block_i/hdmi_text_controller_0/inst/hdmi_text_controller_v1_0_AXI_inst/color_instance/sprite/under_rom_rel_x[4]. Optimizations did not improve timing on the net.
INFO: [Physopt 32-702] Processed net mb_block_i/hdmi_text_controller_0/inst/hdmi_text_controller_v1_0_AXI_inst/sprite_rom_i_164_n_0. Optimizations did not improve timing on the net.
INFO: [Physopt 32-710] Processed net mb_block_i/hdmi_text_controller_0/inst/hdmi_text_controller_v1_0_AXI_inst/sprite_rom_i_164_n_0. Critical path length was reduced through logic transformation on cell mb_block_i/hdmi_text_controller_0/inst/hdmi_text_controller_v1_0_AXI_inst/sprite_rom_i_164_comp.
INFO: [Physopt 32-735] Processed net mb_block_i/hdmi_text_controller_0/inst/hdmi_text_controller_v1_0_AXI_inst/sprite_rom_i_311_n_0. Optimization improves timing on the net.
INFO: [Physopt 32-619] Estimated Timing Summary | WNS=-21.905 | TNS=-3513.811 |
INFO: [Physopt 32-702] Processed net mb_block_i/hdmi_text_controller_0/inst/hdmi_text_controller_v1_0_AXI_inst/sprite_rom_i_316_n_0. Optimizations did not improve timing on the net.
INFO: [Physopt 32-702] Processed net mb_block_i/hdmi_text_controller_0/inst/vga/hc_reg[9]_5[1]. Optimizations did not improve timing on the net.
INFO: [Physopt 32-702] Processed net mb_block_i/hdmi_text_controller_0/inst/vga/sprite_rom_i_180_n_0. Optimizations did not improve timing on the net.
INFO: [Physopt 32-608] Optimized 1 net.  Swapped 24 pins.
INFO: [Physopt 32-735] Processed net mb_block_i/hdmi_text_controller_0/inst/hdmi_text_controller_v1_0_AXI_inst/slv_regs_reg[61][27]_0[0]. Optimization improves timing on the net.
INFO: [Physopt 32-619] Estimated Timing Summary | WNS=-21.905 | TNS=-3513.721 |
INFO: [Physopt 32-702] Processed net mb_block_i/hdmi_text_controller_0/inst/hdmi_text_controller_v1_0_AXI_inst/color_instance/sprite/under_rom_rel_y[4]. Optimizations did not improve timing on the net.
INFO: [Physopt 32-702] Processed net mb_block_i/hdmi_text_controller_0/inst/hdmi_text_controller_v1_0_AXI_inst/color_instance/sprite/under_rom_rel_y0[4]. Optimizations did not improve timing on the net.
INFO: [Physopt 32-702] Processed net mb_block_i/hdmi_text_controller_0/inst/hdmi_text_controller_v1_0_AXI_inst/sprite_rom_i_156_n_0. Optimizations did not improve timing on the net.
INFO: [Physopt 32-608] Optimized 1 net.  Swapped 22 pins.
INFO: [Physopt 32-735] Processed net mb_block_i/hdmi_text_controller_0/inst/hdmi_text_controller_v1_0_AXI_inst/sprite_rom_i_300_n_0. Optimization improves timing on the net.
INFO: [Physopt 32-619] Estimated Timing Summary | WNS=-21.903 | TNS=-3513.711 |
INFO: [Physopt 32-702] Processed net mb_block_i/hdmi_text_controller_0/inst/hdmi_text_controller_v1_0_AXI_inst/sprite_rom_i_66_n_0. Optimizations did not improve timing on the net.
INFO: [Physopt 32-601] Processed net mb_block_i/hdmi_text_controller_0/inst/hdmi_text_controller_v1_0_AXI_inst/color_instance/sprite/sheet_x[6]. Net driver mb_block_i/hdmi_text_controller_0/inst/hdmi_text_controller_v1_0_AXI_inst/sprite_rom_i_62 was replaced.
INFO: [Physopt 32-735] Processed net mb_block_i/hdmi_text_controller_0/inst/hdmi_text_controller_v1_0_AXI_inst/color_instance/sprite/sheet_x[6]. Optimization improves timing on the net.
INFO: [Physopt 32-619] Estimated Timing Summary | WNS=-21.903 | TNS=-3513.521 |
INFO: [Physopt 32-702] Processed net mb_block_i/hdmi_text_controller_0/inst/hdmi_text_controller_v1_0_AXI_inst/vc_reg[8]_27[0]. Optimizations did not improve timing on the net.
INFO: [Physopt 32-710] Processed net mb_block_i/hdmi_text_controller_0/inst/hdmi_text_controller_v1_0_AXI_inst/vc_reg[8]_27[0]. Critical path length was reduced through logic transformation on cell mb_block_i/hdmi_text_controller_0/inst/hdmi_text_controller_v1_0_AXI_inst/sprite_rom_i_448_comp.
INFO: [Physopt 32-735] Processed net mb_block_i/hdmi_text_controller_0/inst/hdmi_text_controller_v1_0_AXI_inst/sprite_rom_i_736_n_0. Optimization improves timing on the net.
INFO: [Physopt 32-619] Estimated Timing Summary | WNS=-21.897 | TNS=-3513.416 |
INFO: [Physopt 32-702] Processed net mb_block_i/hdmi_text_controller_0/inst/hdmi_text_controller_v1_0_AXI_inst/sprite_rom_i_70_n_0. Optimizations did not improve timing on the net.
INFO: [Physopt 32-702] Processed net mb_block_i/hdmi_text_controller_0/inst/color_instance/sprite/OAM_DECODE[63].sprite_lookup/slv_regs_reg[63][14][1]. Optimizations did not improve timing on the net.
INFO: [Physopt 32-663] Processed net mb_block_i/hdmi_text_controller_0/inst/hdmi_text_controller_v1_0_AXI_inst/slv_regs_reg[62][14]_0[2].  Re-placed instance mb_block_i/hdmi_text_controller_0/inst/hdmi_text_controller_v1_0_AXI_inst/i___10_i_3
INFO: [Physopt 32-735] Processed net mb_block_i/hdmi_text_controller_0/inst/hdmi_text_controller_v1_0_AXI_inst/slv_regs_reg[62][14]_0[2]. Optimization improves timing on the net.
INFO: [Physopt 32-619] Estimated Timing Summary | WNS=-21.896 | TNS=-3512.186 |
INFO: [Physopt 32-702] Processed net mb_block_i/hdmi_text_controller_0/inst/hdmi_text_controller_v1_0_AXI_inst/sprite_rom_i_43_n_0. Optimizations did not improve timing on the net.
INFO: [Physopt 32-702] Processed net mb_block_i/hdmi_text_controller_0/inst/hdmi_text_controller_v1_0_AXI_inst/color_instance/sprite/under_rom_rel_x[2]. Optimizations did not improve timing on the net.
INFO: [Physopt 32-702] Processed net mb_block_i/hdmi_text_controller_0/inst/hdmi_text_controller_v1_0_AXI_inst/sprite_rom_i_163_n_0. Optimizations did not improve timing on the net.
INFO: [Physopt 32-710] Processed net mb_block_i/hdmi_text_controller_0/inst/hdmi_text_controller_v1_0_AXI_inst/sprite_rom_i_163_n_0. Critical path length was reduced through logic transformation on cell mb_block_i/hdmi_text_controller_0/inst/hdmi_text_controller_v1_0_AXI_inst/sprite_rom_i_163_comp.
INFO: [Physopt 32-735] Processed net mb_block_i/hdmi_text_controller_0/inst/hdmi_text_controller_v1_0_AXI_inst/sprite_rom_i_310_n_0. Optimization improves timing on the net.
INFO: [Physopt 32-619] Estimated Timing Summary | WNS=-21.893 | TNS=-3510.246 |
INFO: [Physopt 32-702] Processed net mb_block_i/hdmi_text_controller_0/inst/hdmi_text_controller_v1_0_AXI_inst/slv_regs_reg[61][27]_0[2]. Optimizations did not improve timing on the net.
INFO: [Physopt 32-702] Processed net mb_block_i/hdmi_text_controller_0/inst/hdmi_text_controller_v1_0_AXI_inst/sprite_rom_i_628_n_0. Optimizations did not improve timing on the net.
INFO: [Physopt 32-710] Processed net mb_block_i/hdmi_text_controller_0/inst/hdmi_text_controller_v1_0_AXI_inst/sprite_rom_i_628_n_0. Critical path length was reduced through logic transformation on cell mb_block_i/hdmi_text_controller_0/inst/hdmi_text_controller_v1_0_AXI_inst/sprite_rom_i_628_comp.
INFO: [Physopt 32-735] Processed net mb_block_i/hdmi_text_controller_0/inst/hdmi_text_controller_v1_0_AXI_inst/sprite_rom_i_1142_n_0. Optimization improves timing on the net.
INFO: [Physopt 32-619] Estimated Timing Summary | WNS=-21.891 | TNS=-3510.226 |
INFO: [Physopt 32-702] Processed net mb_block_i/hdmi_text_controller_0/inst/color_instance/sprite/sprite_collection_rom/sprite_rom/U0/inst_blk_mem_gen/gnbram.gnativebmg.native_blk_mem_gen/valid.cstr/ramloop[0].ram.r/prim_init.ram/doutb[0]. Optimizations did not improve timing on the net.
INFO: [Physopt 32-702] Processed net mb_block_i/clk_wiz_1/inst/clk_out1_mb_blink_clk_wiz_1_0. Optimizations did not improve timing on the net.
INFO: [Physopt 32-702] Processed net mb_block_i/hdmi_text_controller_0/inst/hdmi_text_controller_v1_0_AXI_inst/sprite_rom_i_41_n_6. Optimizations did not improve timing on the net.
INFO: [Physopt 32-702] Processed net mb_block_i/hdmi_text_controller_0/inst/hdmi_text_controller_v1_0_AXI_inst/color_instance/sprite/under_rom_rel_x[7]. Optimizations did not improve timing on the net.
INFO: [Physopt 32-702] Processed net mb_block_i/hdmi_text_controller_0/inst/hdmi_text_controller_v1_0_AXI_inst/color_instance/sprite/under_rom_rel_x0[7]. Optimizations did not improve timing on the net.
INFO: [Physopt 32-702] Processed net mb_block_i/hdmi_text_controller_0/inst/hdmi_text_controller_v1_0_AXI_inst/sprite_rom_i_316_n_0. Optimizations did not improve timing on the net.
INFO: [Physopt 32-702] Processed net mb_block_i/hdmi_text_controller_0/inst/vga/hc_reg[9]_5[1]. Optimizations did not improve timing on the net.
INFO: [Physopt 32-702] Processed net mb_block_i/hdmi_text_controller_0/inst/hdmi_text_controller_v1_0_AXI_inst/slv_regs_reg[61][27]_0[1]. Optimizations did not improve timing on the net.
INFO: [Physopt 32-702] Processed net mb_block_i/hdmi_text_controller_0/inst/hdmi_text_controller_v1_0_AXI_inst/sprite_rom_i_629_n_0. Optimizations did not improve timing on the net.
INFO: [Physopt 32-702] Processed net mb_block_i/hdmi_text_controller_0/inst/hdmi_text_controller_v1_0_AXI_inst/sprite_rom_i_1145_n_0. Optimizations did not improve timing on the net.
INFO: [Physopt 32-702] Processed net mb_block_i/hdmi_text_controller_0/inst/hdmi_text_controller_v1_0_AXI_inst/sprite_rom_i_1984_n_0. Optimizations did not improve timing on the net.
INFO: [Physopt 32-702] Processed net mb_block_i/hdmi_text_controller_0/inst/hdmi_text_controller_v1_0_AXI_inst/sprite_rom_i_3117_n_0. Optimizations did not improve timing on the net.
INFO: [Physopt 32-702] Processed net mb_block_i/hdmi_text_controller_0/inst/hdmi_text_controller_v1_0_AXI_inst/sprite_rom_i_3916_n_0. Optimizations did not improve timing on the net.
INFO: [Physopt 32-702] Processed net mb_block_i/hdmi_text_controller_0/inst/hdmi_text_controller_v1_0_AXI_inst/sprite_rom_i_4282_n_0. Optimizations did not improve timing on the net.
INFO: [Physopt 32-702] Processed net mb_block_i/hdmi_text_controller_0/inst/hdmi_text_controller_v1_0_AXI_inst/sprite_rom_i_3915_n_0. Optimizations did not improve timing on the net.
INFO: [Physopt 32-702] Processed net mb_block_i/hdmi_text_controller_0/inst/hdmi_text_controller_v1_0_AXI_inst/sprite_rom_i_4283_n_0. Optimizations did not improve timing on the net.
INFO: [Physopt 32-702] Processed net mb_block_i/hdmi_text_controller_0/inst/hdmi_text_controller_v1_0_AXI_inst/sprite_rom_i_4287_n_0. Optimizations did not improve timing on the net.
INFO: [Physopt 32-702] Processed net mb_block_i/hdmi_text_controller_0/inst/hdmi_text_controller_v1_0_AXI_inst/sprite_rom_i_3922_n_0. Optimizations did not improve timing on the net.
INFO: [Physopt 32-702] Processed net mb_block_i/hdmi_text_controller_0/inst/hdmi_text_controller_v1_0_AXI_inst/sprite_rom_i_4289_n_0. Optimizations did not improve timing on the net.
INFO: [Physopt 32-702] Processed net mb_block_i/hdmi_text_controller_0/inst/hdmi_text_controller_v1_0_AXI_inst/sprite_rom_i_4288_n_0. Optimizations did not improve timing on the net.
INFO: [Physopt 32-702] Processed net mb_block_i/hdmi_text_controller_0/inst/hdmi_text_controller_v1_0_AXI_inst/sprite_rom_i_3917_n_0. Optimizations did not improve timing on the net.
INFO: [Physopt 32-702] Processed net mb_block_i/hdmi_text_controller_0/inst/hdmi_text_controller_v1_0_AXI_inst/sprite_rom_i_4284_n_0. Optimizations did not improve timing on the net.
INFO: [Physopt 32-702] Processed net mb_block_i/hdmi_text_controller_0/inst/hdmi_text_controller_v1_0_AXI_inst/sprite_rom_i_4286_n_0. Optimizations did not improve timing on the net.
INFO: [Physopt 32-663] Processed net mb_block_i/hdmi_text_controller_0/inst/hdmi_text_controller_v1_0_AXI_inst/sprite_rom_i_3918_n_0.  Re-placed instance mb_block_i/hdmi_text_controller_0/inst/hdmi_text_controller_v1_0_AXI_inst/sprite_rom_i_3918
INFO: [Physopt 32-735] Processed net mb_block_i/hdmi_text_controller_0/inst/hdmi_text_controller_v1_0_AXI_inst/sprite_rom_i_3918_n_0. Optimization improves timing on the net.
INFO: [Physopt 32-619] Estimated Timing Summary | WNS=-21.890 | TNS=-3510.216 |
INFO: [Physopt 32-702] Processed net mb_block_i/hdmi_text_controller_0/inst/hdmi_text_controller_v1_0_AXI_inst/sprite_rom_i_86_n_0. Optimizations did not improve timing on the net.
INFO: [Physopt 32-702] Processed net mb_block_i/hdmi_text_controller_0/inst/hdmi_text_controller_v1_0_AXI_inst/color_instance/sprite/under_rom_rel_x[5]. Optimizations did not improve timing on the net.
INFO: [Physopt 32-702] Processed net mb_block_i/hdmi_text_controller_0/inst/hdmi_text_controller_v1_0_AXI_inst/color_instance/sprite/under_rom_rel_x0[5]. Optimizations did not improve timing on the net.
INFO: [Physopt 32-702] Processed net mb_block_i/hdmi_text_controller_0/inst/hdmi_text_controller_v1_0_AXI_inst/sprite_rom_i_616_0. Optimizations did not improve timing on the net.
INFO: [Physopt 32-702] Processed net mb_block_i/hdmi_text_controller_0/inst/hdmi_text_controller_v1_0_AXI_inst/sprite_rom_i_616_n_0. Optimizations did not improve timing on the net.
INFO: [Physopt 32-702] Processed net mb_block_i/hdmi_text_controller_0/inst/hdmi_text_controller_v1_0_AXI_inst/color_instance/sprite/data2[24]. Optimizations did not improve timing on the net.
INFO: [Physopt 32-702] Processed net mb_block_i/hdmi_text_controller_0/inst/hdmi_text_controller_v1_0_AXI_inst/color_instance/sprite/data3[24]. Optimizations did not improve timing on the net.
INFO: [Physopt 32-663] Processed net mb_block_i/hdmi_text_controller_0/inst/hdmi_text_controller_v1_0_AXI_inst/color_instance/sprite/data5[24].  Re-placed instance mb_block_i/hdmi_text_controller_0/inst/hdmi_text_controller_v1_0_AXI_inst/sprite_rom_i_1926
INFO: [Physopt 32-735] Processed net mb_block_i/hdmi_text_controller_0/inst/hdmi_text_controller_v1_0_AXI_inst/color_instance/sprite/data5[24]. Optimization improves timing on the net.
INFO: [Physopt 32-619] Estimated Timing Summary | WNS=-21.886 | TNS=-3510.116 |
INFO: [Common 17-14] Message 'Physopt 32-619' appears 100 times and further instances of the messages will be disabled. Use the Tcl command set_msg_config to change the current settings.
INFO: [Physopt 32-702] Processed net mb_block_i/hdmi_text_controller_0/inst/hdmi_text_controller_v1_0_AXI_inst/slv_regs_reg[61][27]_0[2]. Optimizations did not improve timing on the net.
INFO: [Physopt 32-608] Optimized 1 net.  Swapped 23 pins.
INFO: [Physopt 32-735] Processed net mb_block_i/hdmi_text_controller_0/inst/hdmi_text_controller_v1_0_AXI_inst/sprite_rom_i_628_n_0. Optimization improves timing on the net.
INFO: [Physopt 32-702] Processed net mb_block_i/hdmi_text_controller_0/inst/hdmi_text_controller_v1_0_AXI_inst/sprite_rom_i_40_n_6. Optimizations did not improve timing on the net.
INFO: [Physopt 32-608] Optimized 1 net.  Swapped 21 pins.
INFO: [Physopt 32-735] Processed net mb_block_i/hdmi_text_controller_0/inst/hdmi_text_controller_v1_0_AXI_inst/sprite_rom_i_78_n_0. Optimization improves timing on the net.
INFO: [Physopt 32-702] Processed net mb_block_i/hdmi_text_controller_0/inst/hdmi_text_controller_v1_0_AXI_inst/color_instance/sprite/rom_address0[14]. Optimizations did not improve timing on the net.
INFO: [Physopt 32-702] Processed net mb_block_i/hdmi_text_controller_0/inst/hdmi_text_controller_v1_0_AXI_inst/color_instance/sprite/rom_address1[5]. Optimizations did not improve timing on the net.
INFO: [Physopt 32-702] Processed net mb_block_i/hdmi_text_controller_0/inst/hdmi_text_controller_v1_0_AXI_inst/sprite_rom_i_99_n_0. Optimizations did not improve timing on the net.
INFO: [Physopt 32-702] Processed net mb_block_i/hdmi_text_controller_0/inst/hdmi_text_controller_v1_0_AXI_inst/sprite_rom_i_96_n_0. Optimizations did not improve timing on the net.
INFO: [Physopt 32-702] Processed net mb_block_i/hdmi_text_controller_0/inst/hdmi_text_controller_v1_0_AXI_inst/color_instance/sprite/data0[4]. Optimizations did not improve timing on the net.
INFO: [Physopt 32-702] Processed net mb_block_i/hdmi_text_controller_0/inst/hdmi_text_controller_v1_0_AXI_inst/color_instance/sprite/data2[4]. Optimizations did not improve timing on the net.
INFO: [Physopt 32-702] Processed net mb_block_i/hdmi_text_controller_0/inst/hdmi_text_controller_v1_0_AXI_inst/color_instance/sprite/data3[4]. Optimizations did not improve timing on the net.
INFO: [Physopt 32-663] Processed net mb_block_i/hdmi_text_controller_0/inst/hdmi_text_controller_v1_0_AXI_inst/color_instance/sprite/data5[4].  Re-placed instance mb_block_i/hdmi_text_controller_0/inst/hdmi_text_controller_v1_0_AXI_inst/sprite_rom_i_780
INFO: [Physopt 32-735] Processed net mb_block_i/hdmi_text_controller_0/inst/hdmi_text_controller_v1_0_AXI_inst/color_instance/sprite/data5[4]. Optimization improves timing on the net.
INFO: [Physopt 32-702] Processed net mb_block_i/hdmi_text_controller_0/inst/color_instance/sprite/sprite_collection_rom/sprite_rom/U0/inst_blk_mem_gen/gnbram.gnativebmg.native_blk_mem_gen/valid.cstr/ramloop[4].ram.r/prim_init.ram/doutb[0]. Optimizations did not improve timing on the net.
INFO: [Physopt 32-702] Processed net mb_block_i/hdmi_text_controller_0/inst/hdmi_text_controller_v1_0_AXI_inst/sprite_rom_i_40_n_5. Optimizations did not improve timing on the net.
INFO: [Physopt 32-702] Processed net mb_block_i/hdmi_text_controller_0/inst/hdmi_text_controller_v1_0_AXI_inst/color_instance/sprite/under_rom_address1[5]. Optimizations did not improve timing on the net.
INFO: [Physopt 32-702] Processed net mb_block_i/hdmi_text_controller_0/inst/hdmi_text_controller_v1_0_AXI_inst/sprite_rom_i_149_n_0. Optimizations did not improve timing on the net.
INFO: [Physopt 32-702] Processed net mb_block_i/hdmi_text_controller_0/inst/hdmi_text_controller_v1_0_AXI_inst/color_instance/sprite/under_rom_rel_y[5]. Optimizations did not improve timing on the net.
INFO: [Physopt 32-702] Processed net mb_block_i/hdmi_text_controller_0/inst/hdmi_text_controller_v1_0_AXI_inst/color_instance/sprite/under_rom_rel_y0[5]. Optimizations did not improve timing on the net.
INFO: [Physopt 32-702] Processed net mb_block_i/hdmi_text_controller_0/inst/hdmi_text_controller_v1_0_AXI_inst/sprite_rom_i_444_n_0. Optimizations did not improve timing on the net.
INFO: [Physopt 32-702] Processed net mb_block_i/hdmi_text_controller_0/inst/vga/under_rel_y[2]. Optimizations did not improve timing on the net.
INFO: [Physopt 32-702] Processed net mb_block_i/hdmi_text_controller_0/inst/hdmi_text_controller_v1_0_AXI_inst/vc_reg[4]_1[2]. Optimizations did not improve timing on the net.
INFO: [Physopt 32-608] Optimized 1 net.  Swapped 19 pins.
INFO: [Physopt 32-735] Processed net mb_block_i/hdmi_text_controller_0/inst/hdmi_text_controller_v1_0_AXI_inst/sprite_rom_i_506_n_0. Optimization improves timing on the net.
INFO: [Physopt 32-702] Processed net mb_block_i/hdmi_text_controller_0/inst/hdmi_text_controller_v1_0_AXI_inst/vc_reg[4]_1[3]. Optimizations did not improve timing on the net.
INFO: [Physopt 32-702] Processed net mb_block_i/hdmi_text_controller_0/inst/hdmi_text_controller_v1_0_AXI_inst/sprite_rom_i_503_n_0. Optimizations did not improve timing on the net.
INFO: [Physopt 32-702] Processed net mb_block_i/hdmi_text_controller_0/inst/hdmi_text_controller_v1_0_AXI_inst/sprite_rom_i_865_n_0. Optimizations did not improve timing on the net.
INFO: [Physopt 32-702] Processed net mb_block_i/hdmi_text_controller_0/inst/hdmi_text_controller_v1_0_AXI_inst/sprite_rom_i_710_n_0. Optimizations did not improve timing on the net.
INFO: [Physopt 32-702] Processed net mb_block_i/hdmi_text_controller_0/inst/hdmi_text_controller_v1_0_AXI_inst/sprite_rom_i_1258_n_0. Optimizations did not improve timing on the net.
INFO: [Physopt 32-702] Processed net mb_block_i/hdmi_text_controller_0/inst/hdmi_text_controller_v1_0_AXI_inst/sprite_rom_i_2105_n_0. Optimizations did not improve timing on the net.
INFO: [Physopt 32-702] Processed net mb_block_i/hdmi_text_controller_0/inst/hdmi_text_controller_v1_0_AXI_inst/sprite_rom_i_2463_n_0. Optimizations did not improve timing on the net.
INFO: [Physopt 32-702] Processed net mb_block_i/hdmi_text_controller_0/inst/hdmi_text_controller_v1_0_AXI_inst/sprite_rom_i_2454_n_0. Optimizations did not improve timing on the net.
INFO: [Physopt 32-702] Processed net mb_block_i/hdmi_text_controller_0/inst/hdmi_text_controller_v1_0_AXI_inst/sprite_rom_i_3596_n_0. Optimizations did not improve timing on the net.
INFO: [Physopt 32-702] Processed net mb_block_i/hdmi_text_controller_0/inst/hdmi_text_controller_v1_0_AXI_inst/sprite_rom_i_4112_n_0. Optimizations did not improve timing on the net.
INFO: [Physopt 32-702] Processed net mb_block_i/hdmi_text_controller_0/inst/hdmi_text_controller_v1_0_AXI_inst/sprite_rom_i_3597_n_0. Optimizations did not improve timing on the net.
INFO: [Physopt 32-702] Processed net mb_block_i/hdmi_text_controller_0/inst/hdmi_text_controller_v1_0_AXI_inst/sprite_rom_i_4113_n_0. Optimizations did not improve timing on the net.
INFO: [Physopt 32-702] Processed net mb_block_i/hdmi_text_controller_0/inst/hdmi_text_controller_v1_0_AXI_inst/sprite_rom_i_4117_n_0. Optimizations did not improve timing on the net.
INFO: [Physopt 32-702] Processed net mb_block_i/hdmi_text_controller_0/inst/hdmi_text_controller_v1_0_AXI_inst/sprite_rom_i_3604_n_0. Optimizations did not improve timing on the net.
INFO: [Physopt 32-702] Processed net mb_block_i/hdmi_text_controller_0/inst/hdmi_text_controller_v1_0_AXI_inst/sprite_rom_i_4119_n_0. Optimizations did not improve timing on the net.
INFO: [Physopt 32-663] Processed net mb_block_i/hdmi_text_controller_0/inst/hdmi_text_controller_v1_0_AXI_inst/sprite_rom_i_4118_n_0.  Re-placed instance mb_block_i/hdmi_text_controller_0/inst/hdmi_text_controller_v1_0_AXI_inst/sprite_rom_i_4118
INFO: [Physopt 32-735] Processed net mb_block_i/hdmi_text_controller_0/inst/hdmi_text_controller_v1_0_AXI_inst/sprite_rom_i_4118_n_0. Optimization improves timing on the net.
INFO: [Common 17-14] Message 'Physopt 32-735' appears 100 times and further instances of the messages will be disabled. Use the Tcl command set_msg_config to change the current settings.
INFO: [Physopt 32-702] Processed net mb_block_i/hdmi_text_controller_0/inst/hdmi_text_controller_v1_0_AXI_inst/slv_regs_reg[61][27]_0[3]. Optimizations did not improve timing on the net.
INFO: [Physopt 32-702] Processed net mb_block_i/hdmi_text_controller_0/inst/hdmi_text_controller_v1_0_AXI_inst/sprite_rom_i_625_n_0. Optimizations did not improve timing on the net.
INFO: [Physopt 32-702] Processed net mb_block_i/hdmi_text_controller_0/inst/hdmi_text_controller_v1_0_AXI_inst/sprite_rom_i_1136_n_0. Optimizations did not improve timing on the net.
INFO: [Physopt 32-702] Processed net mb_block_i/hdmi_text_controller_0/inst/hdmi_text_controller_v1_0_AXI_inst/sprite_rom_i_697_n_0. Optimizations did not improve timing on the net.
INFO: [Physopt 32-702] Processed net mb_block_i/hdmi_text_controller_0/inst/hdmi_text_controller_v1_0_AXI_inst/sprite_rom_i_1245_n_0. Optimizations did not improve timing on the net.
INFO: [Physopt 32-702] Processed net mb_block_i/hdmi_text_controller_0/inst/hdmi_text_controller_v1_0_AXI_inst/sprite_rom_i_2096_n_0. Optimizations did not improve timing on the net.
INFO: [Physopt 32-702] Processed net mb_block_i/hdmi_text_controller_0/inst/hdmi_text_controller_v1_0_AXI_inst/sprite_rom_i_3082_n_0. Optimizations did not improve timing on the net.
INFO: [Physopt 32-702] Processed net mb_block_i/hdmi_text_controller_0/inst/hdmi_text_controller_v1_0_AXI_inst/sprite_rom_i_3073_n_0. Optimizations did not improve timing on the net.
INFO: [Physopt 32-702] Processed net mb_block_i/hdmi_text_controller_0/inst/hdmi_text_controller_v1_0_AXI_inst/sprite_rom_i_3884_n_0. Optimizations did not improve timing on the net.
INFO: [Physopt 32-702] Processed net mb_block_i/hdmi_text_controller_0/inst/hdmi_text_controller_v1_0_AXI_inst/sprite_rom_i_4260_n_0. Optimizations did not improve timing on the net.
INFO: [Physopt 32-702] Processed net mb_block_i/hdmi_text_controller_0/inst/hdmi_text_controller_v1_0_AXI_inst/sprite_rom_i_3885_n_0. Optimizations did not improve timing on the net.
INFO: [Physopt 32-702] Processed net mb_block_i/hdmi_text_controller_0/inst/hdmi_text_controller_v1_0_AXI_inst/sprite_rom_i_4261_n_0. Optimizations did not improve timing on the net.
INFO: [Physopt 32-702] Processed net mb_block_i/hdmi_text_controller_0/inst/hdmi_text_controller_v1_0_AXI_inst/sprite_rom_i_4265_n_0. Optimizations did not improve timing on the net.
INFO: [Physopt 32-702] Processed net mb_block_i/hdmi_text_controller_0/inst/hdmi_text_controller_v1_0_AXI_inst/sprite_rom_i_3892_n_0. Optimizations did not improve timing on the net.
INFO: [Physopt 32-702] Processed net mb_block_i/hdmi_text_controller_0/inst/hdmi_text_controller_v1_0_AXI_inst/sprite_rom_i_4267_n_0. Optimizations did not improve timing on the net.
INFO: [Physopt 32-702] Processed net mb_block_i/hdmi_text_controller_0/inst/hdmi_text_controller_v1_0_AXI_inst/sprite_rom_i_4266_n_0. Optimizations did not improve timing on the net.
INFO: [Physopt 32-702] Processed net mb_block_i/hdmi_text_controller_0/inst/hdmi_text_controller_v1_0_AXI_inst/sprite_rom_i_3887_n_0. Optimizations did not improve timing on the net.
INFO: [Physopt 32-702] Processed net mb_block_i/hdmi_text_controller_0/inst/hdmi_text_controller_v1_0_AXI_inst/sprite_rom_i_4262_n_0. Optimizations did not improve timing on the net.
INFO: [Physopt 32-702] Processed net mb_block_i/hdmi_text_controller_0/inst/hdmi_text_controller_v1_0_AXI_inst/sprite_rom_i_4264_n_0. Optimizations did not improve timing on the net.
INFO: [Physopt 32-702] Processed net mb_block_i/hdmi_text_controller_0/inst/hdmi_text_controller_v1_0_AXI_inst/sprite_rom_i_3888_n_0. Optimizations did not improve timing on the net.
INFO: [Physopt 32-702] Processed net mb_block_i/hdmi_text_controller_0/inst/hdmi_text_controller_v1_0_AXI_inst/sprite_rom_i_4263_n_0. Optimizations did not improve timing on the net.
INFO: [Physopt 32-702] Processed net mb_block_i/hdmi_text_controller_0/inst/hdmi_text_controller_v1_0_AXI_inst/sprite_rom_i_3881_n_0. Optimizations did not improve timing on the net.
INFO: [Physopt 32-702] Processed net mb_block_i/hdmi_text_controller_0/inst/hdmi_text_controller_v1_0_AXI_inst/sprite_rom_i_3072_n_0. Optimizations did not improve timing on the net.
INFO: [Physopt 32-702] Processed net mb_block_i/hdmi_text_controller_0/inst/hdmi_text_controller_v1_0_AXI_inst/sprite_rom_i_3883_n_0. Optimizations did not improve timing on the net.
INFO: [Physopt 32-702] Processed net mb_block_i/hdmi_text_controller_0/inst/hdmi_text_controller_v1_0_AXI_inst/sprite_rom_i_3882_n_0. Optimizations did not improve timing on the net.
INFO: [Physopt 32-702] Processed net mb_block_i/hdmi_text_controller_0/inst/hdmi_text_controller_v1_0_AXI_inst/sprite_rom_i_3878_n_0. Optimizations did not improve timing on the net.
INFO: [Physopt 32-702] Processed net mb_block_i/hdmi_text_controller_0/inst/hdmi_text_controller_v1_0_AXI_inst/sprite_rom_i_4257_n_0. Optimizations did not improve timing on the net.
INFO: [Physopt 32-702] Processed net mb_block_i/hdmi_text_controller_0/inst/hdmi_text_controller_v1_0_AXI_inst/sprite_rom_i_4259_n_0. Optimizations did not improve timing on the net.
INFO: [Physopt 32-702] Processed net mb_block_i/hdmi_text_controller_0/inst/hdmi_text_controller_v1_0_AXI_inst/sprite_rom_i_3879_n_0. Optimizations did not improve timing on the net.
INFO: [Physopt 32-702] Processed net mb_block_i/hdmi_text_controller_0/inst/hdmi_text_controller_v1_0_AXI_inst/sprite_rom_i_4258_n_0. Optimizations did not improve timing on the net.
INFO: [Physopt 32-702] Processed net mb_block_i/hdmi_text_controller_0/inst/hdmi_text_controller_v1_0_AXI_inst/sprite_rom_i_4384_n_0. Optimizations did not improve timing on the net.
INFO: [Physopt 32-702] Processed net mb_block_i/hdmi_text_controller_0/inst/hdmi_text_controller_v1_0_AXI_inst/sprite_rom_i_4416_n_0. Optimizations did not improve timing on the net.
INFO: [Physopt 32-702] Processed net mb_block_i/hdmi_text_controller_0/inst/hdmi_text_controller_v1_0_AXI_inst/sprite_rom_i_4442_n_0. Optimizations did not improve timing on the net.
INFO: [Physopt 32-702] Processed net mb_block_i/hdmi_text_controller_0/inst/hdmi_text_controller_v1_0_AXI_inst/color_instance/sprite/selected_sprite_on19_out. Optimizations did not improve timing on the net.
INFO: [Physopt 32-702] Processed net mb_block_i/hdmi_text_controller_0/inst/hdmi_text_controller_v1_0_AXI_inst/under_sprite_sample_on_q_i_551_n_0. Optimizations did not improve timing on the net.
INFO: [Physopt 32-702] Processed net mb_block_i/hdmi_text_controller_0/inst/hdmi_text_controller_v1_0_AXI_inst/under_sprite_sample_on_q_i_1446_n_0. Optimizations did not improve timing on the net.
INFO: [Physopt 32-702] Processed net mb_block_i/hdmi_text_controller_0/inst/vga/slv_regs_reg[1][21][0]. Optimizations did not improve timing on the net.
INFO: [Physopt 32-702] Processed net mb_block_i/hdmi_text_controller_0/inst/vga/under_sprite_sample_on_q_i_4480_n_0. Optimizations did not improve timing on the net.
INFO: [Physopt 32-702] Processed net mb_block_i/hdmi_text_controller_0/inst/hdmi_text_controller_v1_0_AXI_inst/oam_right[1]_83[5]. Optimizations did not improve timing on the net.
INFO: [Physopt 32-702] Processed net mb_block_i/hdmi_text_controller_0/inst/hdmi_text_controller_v1_0_AXI_inst/under_sprite_sample_on_q_i_5035_n_0. Optimizations did not improve timing on the net.
INFO: [Physopt 32-608] Optimized 1 net.  Swapped 16 pins.
INFO: [Physopt 32-702] Processed net mb_block_i/hdmi_text_controller_0/inst/hdmi_text_controller_v1_0_AXI_inst/sprite_rom_i_443_n_0. Optimizations did not improve timing on the net.
INFO: [Physopt 32-702] Processed net mb_block_i/hdmi_text_controller_0/inst/vga/under_rel_y[3]. Optimizations did not improve timing on the net.
INFO: [Physopt 32-608] Optimized 1 net.  Swapped 24 pins.
INFO: [Physopt 32-608] Optimized 1 net.  Swapped 13 pins.
INFO: [Physopt 32-702] Processed net mb_block_i/hdmi_text_controller_0/inst/hdmi_text_controller_v1_0_AXI_inst/under_sprite_sample_on_q_i_5034_n_0. Optimizations did not improve timing on the net.
INFO: [Physopt 32-702] Processed net mb_block_i/hdmi_text_controller_0/inst/color_instance/sprite/OAM_DECODE[1].sprite_lookup/oam_sprite_data[1]_1[15]. Optimizations did not improve timing on the net.
INFO: [Physopt 32-702] Processed net mb_block_i/hdmi_text_controller_0/inst/color_instance/sprite/OAM_DECODE[1].sprite_lookup/i___1_n_0. Optimizations did not improve timing on the net.
INFO: [Physopt 32-702] Processed net mb_block_i/hdmi_text_controller_0/inst/hdmi_text_controller_v1_0_AXI_inst/addrb[9]. Optimizations did not improve timing on the net.
INFO: [Physopt 32-702] Processed net mb_block_i/hdmi_text_controller_0/inst/hdmi_text_controller_v1_0_AXI_inst/slv_regs_reg[1][31]_0[8]. Optimizations did not improve timing on the net.
Phase 4 Critical Path Optimization | Checksum: 23d51f3f9

Time (s): cpu = 00:00:35 ; elapsed = 00:00:24 . Memory (MB): peak = 2700.199 ; gain = 0.000
Netlist sorting complete. Time (s): cpu = 00:00:01 ; elapsed = 00:00:00.058 . Memory (MB): peak = 2700.199 ; gain = 0.000
INFO: [Physopt 32-603] Post Physical Optimization Timing Summary | WNS=-21.822 | TNS=-3500.855 |

Summary of Physical Synthesis Optimizations
============================================


-------------------------------------------------------------------------------------------------------------------------------------------------------------
|  Optimization   |  WNS Gain (ns)  |  TNS Gain (ns)  |  Added Cells  |  Removed Cells  |  Optimized Cells/Nets  |  Dont Touch  |  Iterations  |  Elapsed   |
-------------------------------------------------------------------------------------------------------------------------------------------------------------
|  DSP Register   |          0.000  |          0.000  |            0  |              0  |                     0  |           0  |           1  |  00:00:00  |
|  Critical Path  |          0.373  |         58.814  |            0  |              0  |                   103  |           0  |           2  |  00:00:23  |
|  Total          |          0.373  |         58.814  |            0  |              0  |                   103  |           0  |           3  |  00:00:23  |
-------------------------------------------------------------------------------------------------------------------------------------------------------------


Netlist sorting complete. Time (s): cpu = 00:00:00 ; elapsed = 00:00:00.010 . Memory (MB): peak = 2700.199 ; gain = 0.000
Ending Physical Synthesis Task | Checksum: 1f469761c

Time (s): cpu = 00:00:36 ; elapsed = 00:00:25 . Memory (MB): peak = 2700.199 ; gain = 0.000
INFO: [Common 17-83] Releasing license: Implementation
769 Infos, 9 Warnings, 1 Critical Warnings and 0 Errors encountered.
phys_opt_design completed successfully
phys_opt_design: Time (s): cpu = 00:00:39 ; elapsed = 00:00:26 . Memory (MB): peak = 2700.199 ; gain = 0.000
INFO: [Timing 38-480] Writing timing data to binary archive.
Writing XDEF routing.
Writing XDEF routing logical nets.
Writing XDEF routing special nets.
Write XDEF Complete: Time (s): cpu = 00:00:04 ; elapsed = 00:00:02 . Memory (MB): peak = 2700.199 ; gain = 0.000
INFO: [Common 17-1381] The checkpoint 'C:/Users/kakkar3/Desktop/Final_Project/Final_Project.runs/impl_1/mb_usb_hdmi_top_physopt.dcp' has been generated.
Command: route_design
Attempting to get a license for feature 'Implementation' and/or device 'xc7s50'
INFO: [Common 17-349] Got license for feature 'Implementation' and/or device 'xc7s50'
INFO: [DRC 23-27] Running DRC with 2 threads
INFO: [Vivado_Tcl 4-198] DRC finished with 0 Errors
INFO: [Vivado_Tcl 4-199] Please refer to the DRC report (report_drc) for more information.
Running DRC as a precondition to command route_design
INFO: [DRC 23-27] Running DRC with 2 threads
INFO: [Vivado_Tcl 4-198] DRC finished with 0 Errors
INFO: [Vivado_Tcl 4-199] Please refer to the DRC report (report_drc) for more information.


Starting Routing Task
INFO: [Route 35-254] Multithreading enabled for route_design using a maximum of 2 CPUs

Phase 1 Build RT Design
Checksum: PlaceDB: 9e13f4fd ConstDB: 0 ShapeSum: 5e48f24d RouteDB: 0
Post Restoration Checksum: NetGraph: be3317bb NumContArr: d859bc3 Constraints: 0 Timing: 0
Phase 1 Build RT Design | Checksum: cbb8b37e

Time (s): cpu = 00:00:18 ; elapsed = 00:00:14 . Memory (MB): peak = 2711.430 ; gain = 11.230

Phase 2 Router Initialization

Phase 2.1 Fix Topology Constraints
Phase 2.1 Fix Topology Constraints | Checksum: cbb8b37e

Time (s): cpu = 00:00:18 ; elapsed = 00:00:15 . Memory (MB): peak = 2716.434 ; gain = 16.234

Phase 2.2 Pre Route Cleanup
Phase 2.2 Pre Route Cleanup | Checksum: cbb8b37e

Time (s): cpu = 00:00:18 ; elapsed = 00:00:15 . Memory (MB): peak = 2716.434 ; gain = 16.234
 Number of Nodes with overlaps = 0

Phase 2.3 Update Timing
Phase 2.3 Update Timing | Checksum: 1ecfcd77d

Time (s): cpu = 00:00:24 ; elapsed = 00:00:19 . Memory (MB): peak = 2760.242 ; gain = 60.043
INFO: [Route 35-416] Intermediate Timing Summary | WNS=-21.344| TNS=-3418.448| WHS=-0.245 | THS=-75.944|


Router Utilization Summary
  Global Vertical Routing Utilization    = 0.00677669 %
  Global Horizontal Routing Utilization  = 0.00130141 %
  Routable Net Status*
  *Does not include unroutable nets such as driverless and loadless.
  Run report_route_status for detailed report.
  Number of Failed Nets               = 17495
    (Failed Nets is the sum of unrouted and partially routed nets)
  Number of Unrouted Nets             = 17495
  Number of Partially Routed Nets     = 0
  Number of Node Overlaps             = 0

Phase 2 Router Initialization | Checksum: 1cf16fd14

Time (s): cpu = 00:00:28 ; elapsed = 00:00:21 . Memory (MB): peak = 2810.270 ; gain = 110.070

Phase 3 Initial Routing

Phase 3.1 Global Routing
Phase 3.1 Global Routing | Checksum: 1cf16fd14

Time (s): cpu = 00:00:28 ; elapsed = 00:00:21 . Memory (MB): peak = 2810.270 ; gain = 110.070
Phase 3 Initial Routing | Checksum: 1a6b625d6

Time (s): cpu = 00:00:36 ; elapsed = 00:00:26 . Memory (MB): peak = 2820.996 ; gain = 120.797

Phase 4 Rip-up And Reroute

Phase 4.1 Global Iteration 0
 Number of Nodes with overlaps = 6092
 Number of Nodes with overlaps = 1853
 Number of Nodes with overlaps = 708
 Number of Nodes with overlaps = 280
 Number of Nodes with overlaps = 106
 Number of Nodes with overlaps = 61
 Number of Nodes with overlaps = 22
 Number of Nodes with overlaps = 10
 Number of Nodes with overlaps = 6
 Number of Nodes with overlaps = 1
 Number of Nodes with overlaps = 0
INFO: [Route 35-416] Intermediate Timing Summary | WNS=-22.959| TNS=-4526.490| WHS=N/A    | THS=N/A    |

Phase 4.1 Global Iteration 0 | Checksum: 155ae541a

Time (s): cpu = 00:01:22 ; elapsed = 00:01:02 . Memory (MB): peak = 2820.996 ; gain = 120.797

Phase 4.2 Global Iteration 1
 Number of Nodes with overlaps = 267
 Number of Nodes with overlaps = 263
 Number of Nodes with overlaps = 150
 Number of Nodes with overlaps = 20
 Number of Nodes with overlaps = 1
 Number of Nodes with overlaps = 1
 Number of Nodes with overlaps = 0
INFO: [Route 35-416] Intermediate Timing Summary | WNS=-30.598| TNS=-5672.103| WHS=N/A    | THS=N/A    |

Phase 4.2 Global Iteration 1 | Checksum: 1c6a7e367

Time (s): cpu = 00:01:50 ; elapsed = 00:01:30 . Memory (MB): peak = 2820.996 ; gain = 120.797
Phase 4 Rip-up And Reroute | Checksum: 1c6a7e367

Time (s): cpu = 00:01:50 ; elapsed = 00:01:30 . Memory (MB): peak = 2820.996 ; gain = 120.797

Phase 5 Delay and Skew Optimization

Phase 5.1 Delay CleanUp

Phase 5.1.1 Update Timing
Phase 5.1.1 Update Timing | Checksum: 204cb5c9c

Time (s): cpu = 00:01:52 ; elapsed = 00:01:31 . Memory (MB): peak = 2820.996 ; gain = 120.797
INFO: [Route 35-416] Intermediate Timing Summary | WNS=-22.959| TNS=-4526.470| WHS=N/A    | THS=N/A    |

 Number of Nodes with overlaps = 0
Phase 5.1 Delay CleanUp | Checksum: 17369da03

Time (s): cpu = 00:02:21 ; elapsed = 00:01:46 . Memory (MB): peak = 2855.152 ; gain = 154.953

Phase 5.2 Clock Skew Optimization
Phase 5.2 Clock Skew Optimization | Checksum: 17369da03

Time (s): cpu = 00:02:21 ; elapsed = 00:01:46 . Memory (MB): peak = 2855.152 ; gain = 154.953
Phase 5 Delay and Skew Optimization | Checksum: 17369da03

Time (s): cpu = 00:02:21 ; elapsed = 00:01:46 . Memory (MB): peak = 2855.152 ; gain = 154.953

Phase 6 Post Hold Fix

Phase 6.1 Hold Fix Iter

Phase 6.1.1 Update Timing
Phase 6.1.1 Update Timing | Checksum: 16a8d7356

Time (s): cpu = 00:02:23 ; elapsed = 00:01:47 . Memory (MB): peak = 2855.152 ; gain = 154.953
INFO: [Route 35-416] Intermediate Timing Summary | WNS=-22.929| TNS=-4167.723| WHS=0.091  | THS=0.000  |

Phase 6.1 Hold Fix Iter | Checksum: 16a8d7356

Time (s): cpu = 00:02:23 ; elapsed = 00:01:47 . Memory (MB): peak = 2855.152 ; gain = 154.953
Phase 6 Post Hold Fix | Checksum: 16a8d7356

Time (s): cpu = 00:02:23 ; elapsed = 00:01:47 . Memory (MB): peak = 2855.152 ; gain = 154.953

Phase 7 Route finalize

Router Utilization Summary
  Global Vertical Routing Utilization    = 13.4233 %
  Global Horizontal Routing Utilization  = 14.4737 %
  Routable Net Status*
  *Does not include unroutable nets such as driverless and loadless.
  Run report_route_status for detailed report.
  Number of Failed Nets               = 0
    (Failed Nets is the sum of unrouted and partially routed nets)
  Number of Unrouted Nets             = 0
  Number of Partially Routed Nets     = 0
  Number of Node Overlaps             = 0

Congestion Report
North Dir 1x1 Area, Max Cong = 86.4865%, Congestion bounded by tiles (Lower Left Tile -> Upper Right Tile):
   INT_R_X7Y76 -> INT_R_X7Y76
   INT_R_X9Y70 -> INT_R_X9Y70
South Dir 1x1 Area, Max Cong = 76.5766%, No Congested Regions.
East Dir 1x1 Area, Max Cong = 79.4118%, No Congested Regions.
West Dir 1x1 Area, Max Cong = 85.2941%, Congestion bounded by tiles (Lower Left Tile -> Upper Right Tile):
   INT_R_X29Y61 -> INT_R_X29Y61

------------------------------
Reporting congestion hotspots
------------------------------
Direction: North
----------------
Congested clusters found at Level 0
Effective congestion level: 0 Aspect Ratio: 1 Sparse Ratio: 1
Direction: South
----------------
Congested clusters found at Level 0
Effective congestion level: 0 Aspect Ratio: 1 Sparse Ratio: 0
Direction: East
----------------
Congested clusters found at Level 0
Effective congestion level: 0 Aspect Ratio: 1 Sparse Ratio: 0
Direction: West
----------------
Congested clusters found at Level 0
Effective congestion level: 0 Aspect Ratio: 1 Sparse Ratio: 1

Phase 7 Route finalize | Checksum: 1176c0878

Time (s): cpu = 00:02:23 ; elapsed = 00:01:47 . Memory (MB): peak = 2855.152 ; gain = 154.953

Phase 8 Verifying routed nets

 Verification completed successfully
Phase 8 Verifying routed nets | Checksum: 1176c0878

Time (s): cpu = 00:02:23 ; elapsed = 00:01:47 . Memory (MB): peak = 2855.152 ; gain = 154.953

Phase 9 Depositing Routes
Phase 9 Depositing Routes | Checksum: efdcf231

Time (s): cpu = 00:02:25 ; elapsed = 00:01:49 . Memory (MB): peak = 2855.152 ; gain = 154.953

Phase 10 Post Router Timing
INFO: [Route 35-57] Estimated Timing Summary | WNS=-22.929| TNS=-4167.723| WHS=0.091  | THS=0.000  |

WARNING: [Route 35-328] Router estimated timing not met.
Resolution: For a complete and accurate timing signoff, report_timing_summary must be run after route_design. Alternatively, route_design can be run with the -timing_summary option to enable a complete timing signoff at the end of route_design.
Phase 10 Post Router Timing | Checksum: efdcf231

Time (s): cpu = 00:02:26 ; elapsed = 00:01:50 . Memory (MB): peak = 2855.152 ; gain = 154.953
INFO: [Route 35-16] Router Completed Successfully

Time (s): cpu = 00:02:26 ; elapsed = 00:01:50 . Memory (MB): peak = 2855.152 ; gain = 154.953

Routing Is Done.
INFO: [Common 17-83] Releasing license: Implementation
787 Infos, 10 Warnings, 1 Critical Warnings and 0 Errors encountered.
route_design completed successfully
route_design: Time (s): cpu = 00:02:28 ; elapsed = 00:01:51 . Memory (MB): peak = 2855.152 ; gain = 154.953
INFO: [Timing 38-480] Writing timing data to binary archive.
Writing XDEF routing.
Writing XDEF routing logical nets.
Writing XDEF routing special nets.
Write XDEF Complete: Time (s): cpu = 00:00:04 ; elapsed = 00:00:02 . Memory (MB): peak = 2855.152 ; gain = 0.000
INFO: [Common 17-1381] The checkpoint 'C:/Users/kakkar3/Desktop/Final_Project/Final_Project.runs/impl_1/mb_usb_hdmi_top_routed.dcp' has been generated.
INFO: [runtcl-4] Executing : report_drc -file mb_usb_hdmi_top_drc_routed.rpt -pb mb_usb_hdmi_top_drc_routed.pb -rpx mb_usb_hdmi_top_drc_routed.rpx
Command: report_drc -file mb_usb_hdmi_top_drc_routed.rpt -pb mb_usb_hdmi_top_drc_routed.pb -rpx mb_usb_hdmi_top_drc_routed.rpx
INFO: [IP_Flow 19-1839] IP Catalog is up to date.
INFO: [DRC 23-27] Running DRC with 2 threads
INFO: [Vivado_Tcl 2-168] The results of DRC are in file C:/Users/kakkar3/Desktop/Final_Project/Final_Project.runs/impl_1/mb_usb_hdmi_top_drc_routed.rpt.
report_drc completed successfully
INFO: [runtcl-4] Executing : report_methodology -file mb_usb_hdmi_top_methodology_drc_routed.rpt -pb mb_usb_hdmi_top_methodology_drc_routed.pb -rpx mb_usb_hdmi_top_methodology_drc_routed.rpx
Command: report_methodology -file mb_usb_hdmi_top_methodology_drc_routed.rpt -pb mb_usb_hdmi_top_methodology_drc_routed.pb -rpx mb_usb_hdmi_top_methodology_drc_routed.rpx
INFO: [Timing 38-35] Done setting XDC timing constraints.
INFO: [DRC 23-133] Running Methodology with 2 threads
INFO: [Vivado_Tcl 2-1520] The results of Report Methodology are in file C:/Users/kakkar3/Desktop/Final_Project/Final_Project.runs/impl_1/mb_usb_hdmi_top_methodology_drc_routed.rpt.
report_methodology completed successfully
INFO: [runtcl-4] Executing : report_power -file mb_usb_hdmi_top_power_routed.rpt -pb mb_usb_hdmi_top_power_summary_routed.pb -rpx mb_usb_hdmi_top_power_routed.rpx
Command: report_power -file mb_usb_hdmi_top_power_routed.rpt -pb mb_usb_hdmi_top_power_summary_routed.pb -rpx mb_usb_hdmi_top_power_routed.rpx
INFO: [Timing 38-35] Done setting XDC timing constraints.
Running Vector-less Activity Propagation...

Finished Running Vector-less Activity Propagation
WARNING: [Power 33-332] Found switching activity that implies high-fanout reset nets being asserted for excessive periods of time which may result in inaccurate power analysis.
Resolution: To review and fix problems, please run Power Constraints Advisor in the GUI from Tools > Power Constraints Advisor or run report_power with the -advisory option to generate a text report.
799 Infos, 11 Warnings, 1 Critical Warnings and 0 Errors encountered.
report_power completed successfully
report_power: Time (s): cpu = 00:00:09 ; elapsed = 00:00:06 . Memory (MB): peak = 2855.152 ; gain = 0.000
INFO: [runtcl-4] Executing : report_route_status -file mb_usb_hdmi_top_route_status.rpt -pb mb_usb_hdmi_top_route_status.pb
INFO: [runtcl-4] Executing : report_timing_summary -max_paths 10 -report_unconstrained -file mb_usb_hdmi_top_timing_summary_routed.rpt -pb mb_usb_hdmi_top_timing_summary_routed.pb -rpx mb_usb_hdmi_top_timing_summary_routed.rpx -warn_on_violation 
INFO: [Timing 38-91] UpdateTimingParams: Speed grade: -1, Delay Type: min_max.
INFO: [Timing 38-191] Multithreading enabled for timing update using a maximum of 2 CPUs
CRITICAL WARNING: [Timing 38-282] The design failed to meet the timing requirements. Please see the timing summary report for details on the timing violations.
INFO: [runtcl-4] Executing : report_incremental_reuse -file mb_usb_hdmi_top_incremental_reuse_routed.rpt
INFO: [Vivado_Tcl 4-1062] Incremental flow is disabled. No incremental reuse Info to report.
INFO: [runtcl-4] Executing : report_clock_utilization -file mb_usb_hdmi_top_clock_utilization_routed.rpt
INFO: [runtcl-4] Executing : report_bus_skew -warn_on_violation -file mb_usb_hdmi_top_bus_skew_routed.rpt -pb mb_usb_hdmi_top_bus_skew_routed.pb -rpx mb_usb_hdmi_top_bus_skew_routed.rpx
INFO: [Timing 38-91] UpdateTimingParams: Speed grade: -1, Delay Type: min_max.
INFO: [Timing 38-191] Multithreading enabled for timing update using a maximum of 2 CPUs
INFO: [Memdata 28-167] Found XPM memory block mb_block_i/spi_usb/U0/NO_DUAL_QUAD_MODE.QSPI_NORMAL/QSPI_LEGACY_MD_GEN.QSPI_CORE_INTERFACE_I/FIFO_EXISTS.TX_FIFO_II/xpm_fifo_instance.xpm_fifo_async_inst/gnuram_async_fifo.xpm_fifo_base_inst/gen_sdpram.xpm_memory_base_inst with a P_MEMORY_PRIMITIVE property set to auto. A value of block is required. You will not be able to use the updatemem program to update the bitstream with new data for the mb_block_i/spi_usb/U0/NO_DUAL_QUAD_MODE.QSPI_NORMAL/QSPI_LEGACY_MD_GEN.QSPI_CORE_INTERFACE_I/FIFO_EXISTS.TX_FIFO_II/xpm_fifo_instance.xpm_fifo_async_inst/gnuram_async_fifo.xpm_fifo_base_inst/gen_sdpram.xpm_memory_base_inst block.
INFO: [Memdata 28-167] Found XPM memory block mb_block_i/spi_usb/U0/NO_DUAL_QUAD_MODE.QSPI_NORMAL/QSPI_LEGACY_MD_GEN.QSPI_CORE_INTERFACE_I/FIFO_EXISTS.RX_FIFO_II/gnuram_async_fifo.xpm_fifo_base_inst/gen_sdpram.xpm_memory_base_inst with a P_MEMORY_PRIMITIVE property set to auto. A value of block is required. You will not be able to use the updatemem program to update the bitstream with new data for the mb_block_i/spi_usb/U0/NO_DUAL_QUAD_MODE.QSPI_NORMAL/QSPI_LEGACY_MD_GEN.QSPI_CORE_INTERFACE_I/FIFO_EXISTS.RX_FIFO_II/gnuram_async_fifo.xpm_fifo_base_inst/gen_sdpram.xpm_memory_base_inst block.
Command: write_bitstream -force mb_usb_hdmi_top.bit
Attempting to get a license for feature 'Implementation' and/or device 'xc7s50'
INFO: [Common 17-349] Got license for feature 'Implementation' and/or device 'xc7s50'
Running DRC as a precondition to command write_bitstream
INFO: [IP_Flow 19-1839] IP Catalog is up to date.
INFO: [DRC 23-27] Running DRC with 2 threads
WARNING: [DRC CFGBVS-1] Missing CFGBVS and CONFIG_VOLTAGE Design Properties: Neither the CFGBVS nor CONFIG_VOLTAGE voltage property is set in the current_design.  Configuration bank voltage select (CFGBVS) must be set to VCCO or GND, and CONFIG_VOLTAGE must be set to the correct configuration voltage, in order to determine the I/O voltage support for the pins in bank 0.  It is suggested to specify these either using the 'Edit Device Properties' function in the GUI or directly in the XDC file using the following syntax:

 set_property CFGBVS value1 [current_design]
 #where value1 is either VCCO or GND

 set_property CONFIG_VOLTAGE value2 [current_design]
 #where value2 is the voltage provided to configuration bank 0

Refer to the device configuration user guide for more information.
WARNING: [DRC CHECK-3] Report rule limit reached: REQP-1839 rule limit reached: 20 violations have been found.
WARNING: [DRC CHECK-3] Report rule limit reached: REQP-1840 rule limit reached: 20 violations have been found.
WARNING: [DRC REQP-1839] RAMB36 async control check: The RAMB36E1 mb_block_i/hdmi_text_controller_0/inst/color_instance/background/sprite_background_rom/bkg_bram/U0/inst_blk_mem_gen/gnbram.gnativebmg.native_blk_mem_gen/valid.cstr/ramloop[0].ram.r/prim_init.ram/DEVICE_7SERIES.NO_BMM_INFO.TRUE_DP.CASCADED_PRIM36.ram_B has an input control pin mb_block_i/hdmi_text_controller_0/inst/color_instance/background/sprite_background_rom/bkg_bram/U0/inst_blk_mem_gen/gnbram.gnativebmg.native_blk_mem_gen/valid.cstr/ramloop[0].ram.r/prim_init.ram/DEVICE_7SERIES.NO_BMM_INFO.TRUE_DP.CASCADED_PRIM36.ram_B/ADDRARDADDR[15] (net: mb_block_i/hdmi_text_controller_0/inst/color_instance/background/sprite_background_rom/bkg_bram/U0/inst_blk_mem_gen/gnbram.gnativebmg.native_blk_mem_gen/valid.cstr/ramloop[0].ram.r/prim_init.ram/addra[15]) which is driven by a register (mb_block_i/hdmi_text_controller_0/inst/color_instance/background/scroll_y_reg[0]) that has an active asychronous set or reset. This may cause corruption of the memory contents and/or read values when the set/reset is asserted and is not analyzed by the default static timing analysis. It is suggested to eliminate the use of a set/reset to registers driving this RAMB pin or else use a synchronous reset in which the assertion of the reset is timed by default.
WARNING: [DRC REQP-1839] RAMB36 async control check: The RAMB36E1 mb_block_i/hdmi_text_controller_0/inst/color_instance/background/sprite_background_rom/bkg_bram/U0/inst_blk_mem_gen/gnbram.gnativebmg.native_blk_mem_gen/valid.cstr/ramloop[0].ram.r/prim_init.ram/DEVICE_7SERIES.NO_BMM_INFO.TRUE_DP.CASCADED_PRIM36.ram_B has an input control pin mb_block_i/hdmi_text_controller_0/inst/color_instance/background/sprite_background_rom/bkg_bram/U0/inst_blk_mem_gen/gnbram.gnativebmg.native_blk_mem_gen/valid.cstr/ramloop[0].ram.r/prim_init.ram/DEVICE_7SERIES.NO_BMM_INFO.TRUE_DP.CASCADED_PRIM36.ram_B/ADDRARDADDR[15] (net: mb_block_i/hdmi_text_controller_0/inst/color_instance/background/sprite_background_rom/bkg_bram/U0/inst_blk_mem_gen/gnbram.gnativebmg.native_blk_mem_gen/valid.cstr/ramloop[0].ram.r/prim_init.ram/addra[15]) which is driven by a register (mb_block_i/hdmi_text_controller_0/inst/color_instance/background/scroll_y_reg[10]) that has an active asychronous set or reset. This may cause corruption of the memory contents and/or read values when the set/reset is asserted and is not analyzed by the default static timing analysis. It is suggested to eliminate the use of a set/reset to registers driving this RAMB pin or else use a synchronous reset in which the assertion of the reset is timed by default.
WARNING: [DRC REQP-1839] RAMB36 async control check: The RAMB36E1 mb_block_i/hdmi_text_controller_0/inst/color_instance/background/sprite_background_rom/bkg_bram/U0/inst_blk_mem_gen/gnbram.gnativebmg.native_blk_mem_gen/valid.cstr/ramloop[0].ram.r/prim_init.ram/DEVICE_7SERIES.NO_BMM_INFO.TRUE_DP.CASCADED_PRIM36.ram_B has an input control pin mb_block_i/hdmi_text_controller_0/inst/color_instance/background/sprite_background_rom/bkg_bram/U0/inst_blk_mem_gen/gnbram.gnativebmg.native_blk_mem_gen/valid.cstr/ramloop[0].ram.r/prim_init.ram/DEVICE_7SERIES.NO_BMM_INFO.TRUE_DP.CASCADED_PRIM36.ram_B/ADDRARDADDR[15] (net: mb_block_i/hdmi_text_controller_0/inst/color_instance/background/sprite_background_rom/bkg_bram/U0/inst_blk_mem_gen/gnbram.gnativebmg.native_blk_mem_gen/valid.cstr/ramloop[0].ram.r/prim_init.ram/addra[15]) which is driven by a register (mb_block_i/hdmi_text_controller_0/inst/color_instance/background/scroll_y_reg[11]) that has an active asychronous set or reset. This may cause corruption of the memory contents and/or read values when the set/reset is asserted and is not analyzed by the default static timing analysis. It is suggested to eliminate the use of a set/reset to registers driving this RAMB pin or else use a synchronous reset in which the assertion of the reset is timed by default.
WARNING: [DRC REQP-1839] RAMB36 async control check: The RAMB36E1 mb_block_i/hdmi_text_controller_0/inst/color_instance/background/sprite_background_rom/bkg_bram/U0/inst_blk_mem_gen/gnbram.gnativebmg.native_blk_mem_gen/valid.cstr/ramloop[0].ram.r/prim_init.ram/DEVICE_7SERIES.NO_BMM_INFO.TRUE_DP.CASCADED_PRIM36.ram_B has an input control pin mb_block_i/hdmi_text_controller_0/inst/color_instance/background/sprite_background_rom/bkg_bram/U0/inst_blk_mem_gen/gnbram.gnativebmg.native_blk_mem_gen/valid.cstr/ramloop[0].ram.r/prim_init.ram/DEVICE_7SERIES.NO_BMM_INFO.TRUE_DP.CASCADED_PRIM36.ram_B/ADDRARDADDR[15] (net: mb_block_i/hdmi_text_controller_0/inst/color_instance/background/sprite_background_rom/bkg_bram/U0/inst_blk_mem_gen/gnbram.gnativebmg.native_blk_mem_gen/valid.cstr/ramloop[0].ram.r/prim_init.ram/addra[15]) which is driven by a register (mb_block_i/hdmi_text_controller_0/inst/color_instance/background/scroll_y_reg[1]) that has an active asychronous set or reset. This may cause corruption of the memory contents and/or read values when the set/reset is asserted and is not analyzed by the default static timing analysis. It is suggested to eliminate the use of a set/reset to registers driving this RAMB pin or else use a synchronous reset in which the assertion of the reset is timed by default.
WARNING: [DRC REQP-1839] RAMB36 async control check: The RAMB36E1 mb_block_i/hdmi_text_controller_0/inst/color_instance/background/sprite_background_rom/bkg_bram/U0/inst_blk_mem_gen/gnbram.gnativebmg.native_blk_mem_gen/valid.cstr/ramloop[0].ram.r/prim_init.ram/DEVICE_7SERIES.NO_BMM_INFO.TRUE_DP.CASCADED_PRIM36.ram_B has an input control pin mb_block_i/hdmi_text_controller_0/inst/color_instance/background/sprite_background_rom/bkg_bram/U0/inst_blk_mem_gen/gnbram.gnativebmg.native_blk_mem_gen/valid.cstr/ramloop[0].ram.r/prim_init.ram/DEVICE_7SERIES.NO_BMM_INFO.TRUE_DP.CASCADED_PRIM36.ram_B/ADDRARDADDR[15] (net: mb_block_i/hdmi_text_controller_0/inst/color_instance/background/sprite_background_rom/bkg_bram/U0/inst_blk_mem_gen/gnbram.gnativebmg.native_blk_mem_gen/valid.cstr/ramloop[0].ram.r/prim_init.ram/addra[15]) which is driven by a register (mb_block_i/hdmi_text_controller_0/inst/color_instance/background/scroll_y_reg[2]) that has an active asychronous set or reset. This may cause corruption of the memory contents and/or read values when the set/reset is asserted and is not analyzed by the default static timing analysis. It is suggested to eliminate the use of a set/reset to registers driving this RAMB pin or else use a synchronous reset in which the assertion of the reset is timed by default.
WARNING: [DRC REQP-1839] RAMB36 async control check: The RAMB36E1 mb_block_i/hdmi_text_controller_0/inst/color_instance/background/sprite_background_rom/bkg_bram/U0/inst_blk_mem_gen/gnbram.gnativebmg.native_blk_mem_gen/valid.cstr/ramloop[0].ram.r/prim_init.ram/DEVICE_7SERIES.NO_BMM_INFO.TRUE_DP.CASCADED_PRIM36.ram_B has an input control pin mb_block_i/hdmi_text_controller_0/inst/color_instance/background/sprite_background_rom/bkg_bram/U0/inst_blk_mem_gen/gnbram.gnativebmg.native_blk_mem_gen/valid.cstr/ramloop[0].ram.r/prim_init.ram/DEVICE_7SERIES.NO_BMM_INFO.TRUE_DP.CASCADED_PRIM36.ram_B/ADDRARDADDR[15] (net: mb_block_i/hdmi_text_controller_0/inst/color_instance/background/sprite_background_rom/bkg_bram/U0/inst_blk_mem_gen/gnbram.gnativebmg.native_blk_mem_gen/valid.cstr/ramloop[0].ram.r/prim_init.ram/addra[15]) which is driven by a register (mb_block_i/hdmi_text_controller_0/inst/color_instance/background/scroll_y_reg[3]) that has an active asychronous set or reset. This may cause corruption of the memory contents and/or read values when the set/reset is asserted and is not analyzed by the default static timing analysis. It is suggested to eliminate the use of a set/reset to registers driving this RAMB pin or else use a synchronous reset in which the assertion of the reset is timed by default.
WARNING: [DRC REQP-1839] RAMB36 async control check: The RAMB36E1 mb_block_i/hdmi_text_controller_0/inst/color_instance/background/sprite_background_rom/bkg_bram/U0/inst_blk_mem_gen/gnbram.gnativebmg.native_blk_mem_gen/valid.cstr/ramloop[0].ram.r/prim_init.ram/DEVICE_7SERIES.NO_BMM_INFO.TRUE_DP.CASCADED_PRIM36.ram_B has an input control pin mb_block_i/hdmi_text_controller_0/inst/color_instance/background/sprite_background_rom/bkg_bram/U0/inst_blk_mem_gen/gnbram.gnativebmg.native_blk_mem_gen/valid.cstr/ramloop[0].ram.r/prim_init.ram/DEVICE_7SERIES.NO_BMM_INFO.TRUE_DP.CASCADED_PRIM36.ram_B/ADDRARDADDR[15] (net: mb_block_i/hdmi_text_controller_0/inst/color_instance/background/sprite_background_rom/bkg_bram/U0/inst_blk_mem_gen/gnbram.gnativebmg.native_blk_mem_gen/valid.cstr/ramloop[0].ram.r/prim_init.ram/addra[15]) which is driven by a register (mb_block_i/hdmi_text_controller_0/inst/color_instance/background/scroll_y_reg[4]) that has an active asychronous set or reset. This may cause corruption of the memory contents and/or read values when the set/reset is asserted and is not analyzed by the default static timing analysis. It is suggested to eliminate the use of a set/reset to registers driving this RAMB pin or else use a synchronous reset in which the assertion of the reset is timed by default.
WARNING: [DRC REQP-1839] RAMB36 async control check: The RAMB36E1 mb_block_i/hdmi_text_controller_0/inst/color_instance/background/sprite_background_rom/bkg_bram/U0/inst_blk_mem_gen/gnbram.gnativebmg.native_blk_mem_gen/valid.cstr/ramloop[0].ram.r/prim_init.ram/DEVICE_7SERIES.NO_BMM_INFO.TRUE_DP.CASCADED_PRIM36.ram_B has an input control pin mb_block_i/hdmi_text_controller_0/inst/color_instance/background/sprite_background_rom/bkg_bram/U0/inst_blk_mem_gen/gnbram.gnativebmg.native_blk_mem_gen/valid.cstr/ramloop[0].ram.r/prim_init.ram/DEVICE_7SERIES.NO_BMM_INFO.TRUE_DP.CASCADED_PRIM36.ram_B/ADDRARDADDR[15] (net: mb_block_i/hdmi_text_controller_0/inst/color_instance/background/sprite_background_rom/bkg_bram/U0/inst_blk_mem_gen/gnbram.gnativebmg.native_blk_mem_gen/valid.cstr/ramloop[0].ram.r/prim_init.ram/addra[15]) which is driven by a register (mb_block_i/hdmi_text_controller_0/inst/color_instance/background/scroll_y_reg[5]) that has an active asychronous set or reset. This may cause corruption of the memory contents and/or read values when the set/reset is asserted and is not analyzed by the default static timing analysis. It is suggested to eliminate the use of a set/reset to registers driving this RAMB pin or else use a synchronous reset in which the assertion of the reset is timed by default.
WARNING: [DRC REQP-1839] RAMB36 async control check: The RAMB36E1 mb_block_i/hdmi_text_controller_0/inst/color_instance/background/sprite_background_rom/bkg_bram/U0/inst_blk_mem_gen/gnbram.gnativebmg.native_blk_mem_gen/valid.cstr/ramloop[0].ram.r/prim_init.ram/DEVICE_7SERIES.NO_BMM_INFO.TRUE_DP.CASCADED_PRIM36.ram_B has an input control pin mb_block_i/hdmi_text_controller_0/inst/color_instance/background/sprite_background_rom/bkg_bram/U0/inst_blk_mem_gen/gnbram.gnativebmg.native_blk_mem_gen/valid.cstr/ramloop[0].ram.r/prim_init.ram/DEVICE_7SERIES.NO_BMM_INFO.TRUE_DP.CASCADED_PRIM36.ram_B/ADDRARDADDR[15] (net: mb_block_i/hdmi_text_controller_0/inst/color_instance/background/sprite_background_rom/bkg_bram/U0/inst_blk_mem_gen/gnbram.gnativebmg.native_blk_mem_gen/valid.cstr/ramloop[0].ram.r/prim_init.ram/addra[15]) which is driven by a register (mb_block_i/hdmi_text_controller_0/inst/color_instance/background/scroll_y_reg[6]) that has an active asychronous set or reset. This may cause corruption of the memory contents and/or read values when the set/reset is asserted and is not analyzed by the default static timing analysis. It is suggested to eliminate the use of a set/reset to registers driving this RAMB pin or else use a synchronous reset in which the assertion of the reset is timed by default.
WARNING: [DRC REQP-1839] RAMB36 async control check: The RAMB36E1 mb_block_i/hdmi_text_controller_0/inst/color_instance/background/sprite_background_rom/bkg_bram/U0/inst_blk_mem_gen/gnbram.gnativebmg.native_blk_mem_gen/valid.cstr/ramloop[0].ram.r/prim_init.ram/DEVICE_7SERIES.NO_BMM_INFO.TRUE_DP.CASCADED_PRIM36.ram_B has an input control pin mb_block_i/hdmi_text_controller_0/inst/color_instance/background/sprite_background_rom/bkg_bram/U0/inst_blk_mem_gen/gnbram.gnativebmg.native_blk_mem_gen/valid.cstr/ramloop[0].ram.r/prim_init.ram/DEVICE_7SERIES.NO_BMM_INFO.TRUE_DP.CASCADED_PRIM36.ram_B/ADDRARDADDR[15] (net: mb_block_i/hdmi_text_controller_0/inst/color_instance/background/sprite_background_rom/bkg_bram/U0/inst_blk_mem_gen/gnbram.gnativebmg.native_blk_mem_gen/valid.cstr/ramloop[0].ram.r/prim_init.ram/addra[15]) which is driven by a register (mb_block_i/hdmi_text_controller_0/inst/color_instance/background/scroll_y_reg[7]) that has an active asychronous set or reset. This may cause corruption of the memory contents and/or read values when the set/reset is asserted and is not analyzed by the default static timing analysis. It is suggested to eliminate the use of a set/reset to registers driving this RAMB pin or else use a synchronous reset in which the assertion of the reset is timed by default.
WARNING: [DRC REQP-1839] RAMB36 async control check: The RAMB36E1 mb_block_i/hdmi_text_controller_0/inst/color_instance/background/sprite_background_rom/bkg_bram/U0/inst_blk_mem_gen/gnbram.gnativebmg.native_blk_mem_gen/valid.cstr/ramloop[0].ram.r/prim_init.ram/DEVICE_7SERIES.NO_BMM_INFO.TRUE_DP.CASCADED_PRIM36.ram_B has an input control pin mb_block_i/hdmi_text_controller_0/inst/color_instance/background/sprite_background_rom/bkg_bram/U0/inst_blk_mem_gen/gnbram.gnativebmg.native_blk_mem_gen/valid.cstr/ramloop[0].ram.r/prim_init.ram/DEVICE_7SERIES.NO_BMM_INFO.TRUE_DP.CASCADED_PRIM36.ram_B/ADDRARDADDR[15] (net: mb_block_i/hdmi_text_controller_0/inst/color_instance/background/sprite_background_rom/bkg_bram/U0/inst_blk_mem_gen/gnbram.gnativebmg.native_blk_mem_gen/valid.cstr/ramloop[0].ram.r/prim_init.ram/addra[15]) which is driven by a register (mb_block_i/hdmi_text_controller_0/inst/color_instance/background/scroll_y_reg[8]) that has an active asychronous set or reset. This may cause corruption of the memory contents and/or read values when the set/reset is asserted and is not analyzed by the default static timing analysis. It is suggested to eliminate the use of a set/reset to registers driving this RAMB pin or else use a synchronous reset in which the assertion of the reset is timed by default.
WARNING: [DRC REQP-1839] RAMB36 async control check: The RAMB36E1 mb_block_i/hdmi_text_controller_0/inst/color_instance/background/sprite_background_rom/bkg_bram/U0/inst_blk_mem_gen/gnbram.gnativebmg.native_blk_mem_gen/valid.cstr/ramloop[0].ram.r/prim_init.ram/DEVICE_7SERIES.NO_BMM_INFO.TRUE_DP.CASCADED_PRIM36.ram_B has an input control pin mb_block_i/hdmi_text_controller_0/inst/color_instance/background/sprite_background_rom/bkg_bram/U0/inst_blk_mem_gen/gnbram.gnativebmg.native_blk_mem_gen/valid.cstr/ramloop[0].ram.r/prim_init.ram/DEVICE_7SERIES.NO_BMM_INFO.TRUE_DP.CASCADED_PRIM36.ram_B/ADDRARDADDR[15] (net: mb_block_i/hdmi_text_controller_0/inst/color_instance/background/sprite_background_rom/bkg_bram/U0/inst_blk_mem_gen/gnbram.gnativebmg.native_blk_mem_gen/valid.cstr/ramloop[0].ram.r/prim_init.ram/addra[15]) which is driven by a register (mb_block_i/hdmi_text_controller_0/inst/color_instance/background/scroll_y_reg[9]) that has an active asychronous set or reset. This may cause corruption of the memory contents and/or read values when the set/reset is asserted and is not analyzed by the default static timing analysis. It is suggested to eliminate the use of a set/reset to registers driving this RAMB pin or else use a synchronous reset in which the assertion of the reset is timed by default.
WARNING: [DRC REQP-1839] RAMB36 async control check: The RAMB36E1 mb_block_i/hdmi_text_controller_0/inst/color_instance/background/sprite_background_rom/bkg_bram/U0/inst_blk_mem_gen/gnbram.gnativebmg.native_blk_mem_gen/valid.cstr/ramloop[0].ram.r/prim_init.ram/DEVICE_7SERIES.NO_BMM_INFO.TRUE_DP.CASCADED_PRIM36.ram_B has an input control pin mb_block_i/hdmi_text_controller_0/inst/color_instance/background/sprite_background_rom/bkg_bram/U0/inst_blk_mem_gen/gnbram.gnativebmg.native_blk_mem_gen/valid.cstr/ramloop[0].ram.r/prim_init.ram/DEVICE_7SERIES.NO_BMM_INFO.TRUE_DP.CASCADED_PRIM36.ram_B/ADDRARDADDR[15] (net: mb_block_i/hdmi_text_controller_0/inst/color_instance/background/sprite_background_rom/bkg_bram/U0/inst_blk_mem_gen/gnbram.gnativebmg.native_blk_mem_gen/valid.cstr/ramloop[0].ram.r/prim_init.ram/addra[15]) which is driven by a register (mb_block_i/hdmi_text_controller_0/inst/vga/hc_reg[5]) that has an active asychronous set or reset. This may cause corruption of the memory contents and/or read values when the set/reset is asserted and is not analyzed by the default static timing analysis. It is suggested to eliminate the use of a set/reset to registers driving this RAMB pin or else use a synchronous reset in which the assertion of the reset is timed by default.
WARNING: [DRC REQP-1839] RAMB36 async control check: The RAMB36E1 mb_block_i/hdmi_text_controller_0/inst/color_instance/background/sprite_background_rom/bkg_bram/U0/inst_blk_mem_gen/gnbram.gnativebmg.native_blk_mem_gen/valid.cstr/ramloop[0].ram.r/prim_init.ram/DEVICE_7SERIES.NO_BMM_INFO.TRUE_DP.CASCADED_PRIM36.ram_B has an input control pin mb_block_i/hdmi_text_controller_0/inst/color_instance/background/sprite_background_rom/bkg_bram/U0/inst_blk_mem_gen/gnbram.gnativebmg.native_blk_mem_gen/valid.cstr/ramloop[0].ram.r/prim_init.ram/DEVICE_7SERIES.NO_BMM_INFO.TRUE_DP.CASCADED_PRIM36.ram_B/ADDRARDADDR[15] (net: mb_block_i/hdmi_text_controller_0/inst/color_instance/background/sprite_background_rom/bkg_bram/U0/inst_blk_mem_gen/gnbram.gnativebmg.native_blk_mem_gen/valid.cstr/ramloop[0].ram.r/prim_init.ram/addra[15]) which is driven by a register (mb_block_i/hdmi_text_controller_0/inst/vga/hc_reg[6]) that has an active asychronous set or reset. This may cause corruption of the memory contents and/or read values when the set/reset is asserted and is not analyzed by the default static timing analysis. It is suggested to eliminate the use of a set/reset to registers driving this RAMB pin or else use a synchronous reset in which the assertion of the reset is timed by default.
WARNING: [DRC REQP-1839] RAMB36 async control check: The RAMB36E1 mb_block_i/hdmi_text_controller_0/inst/color_instance/background/sprite_background_rom/bkg_bram/U0/inst_blk_mem_gen/gnbram.gnativebmg.native_blk_mem_gen/valid.cstr/ramloop[0].ram.r/prim_init.ram/DEVICE_7SERIES.NO_BMM_INFO.TRUE_DP.CASCADED_PRIM36.ram_B has an input control pin mb_block_i/hdmi_text_controller_0/inst/color_instance/background/sprite_background_rom/bkg_bram/U0/inst_blk_mem_gen/gnbram.gnativebmg.native_blk_mem_gen/valid.cstr/ramloop[0].ram.r/prim_init.ram/DEVICE_7SERIES.NO_BMM_INFO.TRUE_DP.CASCADED_PRIM36.ram_B/ADDRARDADDR[15] (net: mb_block_i/hdmi_text_controller_0/inst/color_instance/background/sprite_background_rom/bkg_bram/U0/inst_blk_mem_gen/gnbram.gnativebmg.native_blk_mem_gen/valid.cstr/ramloop[0].ram.r/prim_init.ram/addra[15]) which is driven by a register (mb_block_i/hdmi_text_controller_0/inst/vga/hc_reg[7]) that has an active asychronous set or reset. This may cause corruption of the memory contents and/or read values when the set/reset is asserted and is not analyzed by the default static timing analysis. It is suggested to eliminate the use of a set/reset to registers driving this RAMB pin or else use a synchronous reset in which the assertion of the reset is timed by default.
WARNING: [DRC REQP-1839] RAMB36 async control check: The RAMB36E1 mb_block_i/hdmi_text_controller_0/inst/color_instance/background/sprite_background_rom/bkg_bram/U0/inst_blk_mem_gen/gnbram.gnativebmg.native_blk_mem_gen/valid.cstr/ramloop[0].ram.r/prim_init.ram/DEVICE_7SERIES.NO_BMM_INFO.TRUE_DP.CASCADED_PRIM36.ram_B has an input control pin mb_block_i/hdmi_text_controller_0/inst/color_instance/background/sprite_background_rom/bkg_bram/U0/inst_blk_mem_gen/gnbram.gnativebmg.native_blk_mem_gen/valid.cstr/ramloop[0].ram.r/prim_init.ram/DEVICE_7SERIES.NO_BMM_INFO.TRUE_DP.CASCADED_PRIM36.ram_B/ADDRARDADDR[15] (net: mb_block_i/hdmi_text_controller_0/inst/color_instance/background/sprite_background_rom/bkg_bram/U0/inst_blk_mem_gen/gnbram.gnativebmg.native_blk_mem_gen/valid.cstr/ramloop[0].ram.r/prim_init.ram/addra[15]) which is driven by a register (mb_block_i/hdmi_text_controller_0/inst/vga/hc_reg[8]) that has an active asychronous set or reset. This may cause corruption of the memory contents and/or read values when the set/reset is asserted and is not analyzed by the default static timing analysis. It is suggested to eliminate the use of a set/reset to registers driving this RAMB pin or else use a synchronous reset in which the assertion of the reset is timed by default.
WARNING: [DRC REQP-1839] RAMB36 async control check: The RAMB36E1 mb_block_i/hdmi_text_controller_0/inst/color_instance/background/sprite_background_rom/bkg_bram/U0/inst_blk_mem_gen/gnbram.gnativebmg.native_blk_mem_gen/valid.cstr/ramloop[0].ram.r/prim_init.ram/DEVICE_7SERIES.NO_BMM_INFO.TRUE_DP.CASCADED_PRIM36.ram_B has an input control pin mb_block_i/hdmi_text_controller_0/inst/color_instance/background/sprite_background_rom/bkg_bram/U0/inst_blk_mem_gen/gnbram.gnativebmg.native_blk_mem_gen/valid.cstr/ramloop[0].ram.r/prim_init.ram/DEVICE_7SERIES.NO_BMM_INFO.TRUE_DP.CASCADED_PRIM36.ram_B/ADDRARDADDR[15] (net: mb_block_i/hdmi_text_controller_0/inst/color_instance/background/sprite_background_rom/bkg_bram/U0/inst_blk_mem_gen/gnbram.gnativebmg.native_blk_mem_gen/valid.cstr/ramloop[0].ram.r/prim_init.ram/addra[15]) which is driven by a register (mb_block_i/hdmi_text_controller_0/inst/vga/hc_reg[9]) that has an active asychronous set or reset. This may cause corruption of the memory contents and/or read values when the set/reset is asserted and is not analyzed by the default static timing analysis. It is suggested to eliminate the use of a set/reset to registers driving this RAMB pin or else use a synchronous reset in which the assertion of the reset is timed by default.
WARNING: [DRC REQP-1839] RAMB36 async control check: The RAMB36E1 mb_block_i/hdmi_text_controller_0/inst/color_instance/background/sprite_background_rom/bkg_bram/U0/inst_blk_mem_gen/gnbram.gnativebmg.native_blk_mem_gen/valid.cstr/ramloop[0].ram.r/prim_init.ram/DEVICE_7SERIES.NO_BMM_INFO.TRUE_DP.CASCADED_PRIM36.ram_B has an input control pin mb_block_i/hdmi_text_controller_0/inst/color_instance/background/sprite_background_rom/bkg_bram/U0/inst_blk_mem_gen/gnbram.gnativebmg.native_blk_mem_gen/valid.cstr/ramloop[0].ram.r/prim_init.ram/DEVICE_7SERIES.NO_BMM_INFO.TRUE_DP.CASCADED_PRIM36.ram_B/ADDRARDADDR[15] (net: mb_block_i/hdmi_text_controller_0/inst/color_instance/background/sprite_background_rom/bkg_bram/U0/inst_blk_mem_gen/gnbram.gnativebmg.native_blk_mem_gen/valid.cstr/ramloop[0].ram.r/prim_init.ram/addra[15]) which is driven by a register (mb_block_i/hdmi_text_controller_0/inst/vga/vc_reg[1]) that has an active asychronous set or reset. This may cause corruption of the memory contents and/or read values when the set/reset is asserted and is not analyzed by the default static timing analysis. It is suggested to eliminate the use of a set/reset to registers driving this RAMB pin or else use a synchronous reset in which the assertion of the reset is timed by default.
WARNING: [DRC REQP-1839] RAMB36 async control check: The RAMB36E1 mb_block_i/hdmi_text_controller_0/inst/color_instance/background/sprite_background_rom/bkg_bram/U0/inst_blk_mem_gen/gnbram.gnativebmg.native_blk_mem_gen/valid.cstr/ramloop[0].ram.r/prim_init.ram/DEVICE_7SERIES.NO_BMM_INFO.TRUE_DP.CASCADED_PRIM36.ram_B has an input control pin mb_block_i/hdmi_text_controller_0/inst/color_instance/background/sprite_background_rom/bkg_bram/U0/inst_blk_mem_gen/gnbram.gnativebmg.native_blk_mem_gen/valid.cstr/ramloop[0].ram.r/prim_init.ram/DEVICE_7SERIES.NO_BMM_INFO.TRUE_DP.CASCADED_PRIM36.ram_B/ADDRARDADDR[15] (net: mb_block_i/hdmi_text_controller_0/inst/color_instance/background/sprite_background_rom/bkg_bram/U0/inst_blk_mem_gen/gnbram.gnativebmg.native_blk_mem_gen/valid.cstr/ramloop[0].ram.r/prim_init.ram/addra[15]) which is driven by a register (mb_block_i/hdmi_text_controller_0/inst/vga/vc_reg[3]_rep__0) that has an active asychronous set or reset. This may cause corruption of the memory contents and/or read values when the set/reset is asserted and is not analyzed by the default static timing analysis. It is suggested to eliminate the use of a set/reset to registers driving this RAMB pin or else use a synchronous reset in which the assertion of the reset is timed by default.
WARNING: [DRC REQP-1839] RAMB36 async control check: The RAMB36E1 mb_block_i/hdmi_text_controller_0/inst/color_instance/background/sprite_background_rom/bkg_bram/U0/inst_blk_mem_gen/gnbram.gnativebmg.native_blk_mem_gen/valid.cstr/ramloop[0].ram.r/prim_init.ram/DEVICE_7SERIES.NO_BMM_INFO.TRUE_DP.CASCADED_PRIM36.ram_B has an input control pin mb_block_i/hdmi_text_controller_0/inst/color_instance/background/sprite_background_rom/bkg_bram/U0/inst_blk_mem_gen/gnbram.gnativebmg.native_blk_mem_gen/valid.cstr/ramloop[0].ram.r/prim_init.ram/DEVICE_7SERIES.NO_BMM_INFO.TRUE_DP.CASCADED_PRIM36.ram_B/ADDRARDADDR[15] (net: mb_block_i/hdmi_text_controller_0/inst/color_instance/background/sprite_background_rom/bkg_bram/U0/inst_blk_mem_gen/gnbram.gnativebmg.native_blk_mem_gen/valid.cstr/ramloop[0].ram.r/prim_init.ram/addra[15]) which is driven by a register (mb_block_i/hdmi_text_controller_0/inst/vga/vc_reg[4]) that has an active asychronous set or reset. This may cause corruption of the memory contents and/or read values when the set/reset is asserted and is not analyzed by the default static timing analysis. It is suggested to eliminate the use of a set/reset to registers driving this RAMB pin or else use a synchronous reset in which the assertion of the reset is timed by default.
WARNING: [DRC REQP-1840] RAMB18 async control check: The RAMB18E1 mb_block_i/hdmi_text_controller_0/inst/color_instance/background/sprite_background_rom/bkg_bram/U0/inst_blk_mem_gen/gnbram.gnativebmg.native_blk_mem_gen/valid.cstr/ramloop[17].ram.r/prim_init.ram/DEVICE_7SERIES.NO_BMM_INFO.TRUE_DP.SIMPLE_PRIM18.ram has an input control pin mb_block_i/hdmi_text_controller_0/inst/color_instance/background/sprite_background_rom/bkg_bram/U0/inst_blk_mem_gen/gnbram.gnativebmg.native_blk_mem_gen/valid.cstr/ramloop[17].ram.r/prim_init.ram/DEVICE_7SERIES.NO_BMM_INFO.TRUE_DP.SIMPLE_PRIM18.ram/ADDRARDADDR[13] (net: mb_block_i/hdmi_text_controller_0/inst/color_instance/background/sprite_background_rom/bkg_bram/U0/inst_blk_mem_gen/gnbram.gnativebmg.native_blk_mem_gen/valid.cstr/ramloop[17].ram.r/prim_init.ram/addra[12]) which is driven by a register (mb_block_i/hdmi_text_controller_0/inst/color_instance/background/scroll_y_reg[0]) that has an active asychronous set or reset. This may cause corruption of the memory contents and/or read values when the set/reset is asserted and is not analyzed by the default static timing analysis. It is suggested to eliminate the use of a set/reset to registers driving this RAMB pin or else use a synchronous reset in which the assertion of the reset is timed by default.
WARNING: [DRC REQP-1840] RAMB18 async control check: The RAMB18E1 mb_block_i/hdmi_text_controller_0/inst/color_instance/background/sprite_background_rom/bkg_bram/U0/inst_blk_mem_gen/gnbram.gnativebmg.native_blk_mem_gen/valid.cstr/ramloop[17].ram.r/prim_init.ram/DEVICE_7SERIES.NO_BMM_INFO.TRUE_DP.SIMPLE_PRIM18.ram has an input control pin mb_block_i/hdmi_text_controller_0/inst/color_instance/background/sprite_background_rom/bkg_bram/U0/inst_blk_mem_gen/gnbram.gnativebmg.native_blk_mem_gen/valid.cstr/ramloop[17].ram.r/prim_init.ram/DEVICE_7SERIES.NO_BMM_INFO.TRUE_DP.SIMPLE_PRIM18.ram/ADDRARDADDR[13] (net: mb_block_i/hdmi_text_controller_0/inst/color_instance/background/sprite_background_rom/bkg_bram/U0/inst_blk_mem_gen/gnbram.gnativebmg.native_blk_mem_gen/valid.cstr/ramloop[17].ram.r/prim_init.ram/addra[12]) which is driven by a register (mb_block_i/hdmi_text_controller_0/inst/color_instance/background/scroll_y_reg[10]) that has an active asychronous set or reset. This may cause corruption of the memory contents and/or read values when the set/reset is asserted and is not analyzed by the default static timing analysis. It is suggested to eliminate the use of a set/reset to registers driving this RAMB pin or else use a synchronous reset in which the assertion of the reset is timed by default.
WARNING: [DRC REQP-1840] RAMB18 async control check: The RAMB18E1 mb_block_i/hdmi_text_controller_0/inst/color_instance/background/sprite_background_rom/bkg_bram/U0/inst_blk_mem_gen/gnbram.gnativebmg.native_blk_mem_gen/valid.cstr/ramloop[17].ram.r/prim_init.ram/DEVICE_7SERIES.NO_BMM_INFO.TRUE_DP.SIMPLE_PRIM18.ram has an input control pin mb_block_i/hdmi_text_controller_0/inst/color_instance/background/sprite_background_rom/bkg_bram/U0/inst_blk_mem_gen/gnbram.gnativebmg.native_blk_mem_gen/valid.cstr/ramloop[17].ram.r/prim_init.ram/DEVICE_7SERIES.NO_BMM_INFO.TRUE_DP.SIMPLE_PRIM18.ram/ADDRARDADDR[13] (net: mb_block_i/hdmi_text_controller_0/inst/color_instance/background/sprite_background_rom/bkg_bram/U0/inst_blk_mem_gen/gnbram.gnativebmg.native_blk_mem_gen/valid.cstr/ramloop[17].ram.r/prim_init.ram/addra[12]) which is driven by a register (mb_block_i/hdmi_text_controller_0/inst/color_instance/background/scroll_y_reg[11]) that has an active asychronous set or reset. This may cause corruption of the memory contents and/or read values when the set/reset is asserted and is not analyzed by the default static timing analysis. It is suggested to eliminate the use of a set/reset to registers driving this RAMB pin or else use a synchronous reset in which the assertion of the reset is timed by default.
WARNING: [DRC REQP-1840] RAMB18 async control check: The RAMB18E1 mb_block_i/hdmi_text_controller_0/inst/color_instance/background/sprite_background_rom/bkg_bram/U0/inst_blk_mem_gen/gnbram.gnativebmg.native_blk_mem_gen/valid.cstr/ramloop[17].ram.r/prim_init.ram/DEVICE_7SERIES.NO_BMM_INFO.TRUE_DP.SIMPLE_PRIM18.ram has an input control pin mb_block_i/hdmi_text_controller_0/inst/color_instance/background/sprite_background_rom/bkg_bram/U0/inst_blk_mem_gen/gnbram.gnativebmg.native_blk_mem_gen/valid.cstr/ramloop[17].ram.r/prim_init.ram/DEVICE_7SERIES.NO_BMM_INFO.TRUE_DP.SIMPLE_PRIM18.ram/ADDRARDADDR[13] (net: mb_block_i/hdmi_text_controller_0/inst/color_instance/background/sprite_background_rom/bkg_bram/U0/inst_blk_mem_gen/gnbram.gnativebmg.native_blk_mem_gen/valid.cstr/ramloop[17].ram.r/prim_init.ram/addra[12]) which is driven by a register (mb_block_i/hdmi_text_controller_0/inst/color_instance/background/scroll_y_reg[1]) that has an active asychronous set or reset. This may cause corruption of the memory contents and/or read values when the set/reset is asserted and is not analyzed by the default static timing analysis. It is suggested to eliminate the use of a set/reset to registers driving this RAMB pin or else use a synchronous reset in which the assertion of the reset is timed by default.
WARNING: [DRC REQP-1840] RAMB18 async control check: The RAMB18E1 mb_block_i/hdmi_text_controller_0/inst/color_instance/background/sprite_background_rom/bkg_bram/U0/inst_blk_mem_gen/gnbram.gnativebmg.native_blk_mem_gen/valid.cstr/ramloop[17].ram.r/prim_init.ram/DEVICE_7SERIES.NO_BMM_INFO.TRUE_DP.SIMPLE_PRIM18.ram has an input control pin mb_block_i/hdmi_text_controller_0/inst/color_instance/background/sprite_background_rom/bkg_bram/U0/inst_blk_mem_gen/gnbram.gnativebmg.native_blk_mem_gen/valid.cstr/ramloop[17].ram.r/prim_init.ram/DEVICE_7SERIES.NO_BMM_INFO.TRUE_DP.SIMPLE_PRIM18.ram/ADDRARDADDR[13] (net: mb_block_i/hdmi_text_controller_0/inst/color_instance/background/sprite_background_rom/bkg_bram/U0/inst_blk_mem_gen/gnbram.gnativebmg.native_blk_mem_gen/valid.cstr/ramloop[17].ram.r/prim_init.ram/addra[12]) which is driven by a register (mb_block_i/hdmi_text_controller_0/inst/color_instance/background/scroll_y_reg[2]) that has an active asychronous set or reset. This may cause corruption of the memory contents and/or read values when the set/reset is asserted and is not analyzed by the default static timing analysis. It is suggested to eliminate the use of a set/reset to registers driving this RAMB pin or else use a synchronous reset in which the assertion of the reset is timed by default.
WARNING: [DRC REQP-1840] RAMB18 async control check: The RAMB18E1 mb_block_i/hdmi_text_controller_0/inst/color_instance/background/sprite_background_rom/bkg_bram/U0/inst_blk_mem_gen/gnbram.gnativebmg.native_blk_mem_gen/valid.cstr/ramloop[17].ram.r/prim_init.ram/DEVICE_7SERIES.NO_BMM_INFO.TRUE_DP.SIMPLE_PRIM18.ram has an input control pin mb_block_i/hdmi_text_controller_0/inst/color_instance/background/sprite_background_rom/bkg_bram/U0/inst_blk_mem_gen/gnbram.gnativebmg.native_blk_mem_gen/valid.cstr/ramloop[17].ram.r/prim_init.ram/DEVICE_7SERIES.NO_BMM_INFO.TRUE_DP.SIMPLE_PRIM18.ram/ADDRARDADDR[13] (net: mb_block_i/hdmi_text_controller_0/inst/color_instance/background/sprite_background_rom/bkg_bram/U0/inst_blk_mem_gen/gnbram.gnativebmg.native_blk_mem_gen/valid.cstr/ramloop[17].ram.r/prim_init.ram/addra[12]) which is driven by a register (mb_block_i/hdmi_text_controller_0/inst/color_instance/background/scroll_y_reg[3]) that has an active asychronous set or reset. This may cause corruption of the memory contents and/or read values when the set/reset is asserted and is not analyzed by the default static timing analysis. It is suggested to eliminate the use of a set/reset to registers driving this RAMB pin or else use a synchronous reset in which the assertion of the reset is timed by default.
WARNING: [DRC REQP-1840] RAMB18 async control check: The RAMB18E1 mb_block_i/hdmi_text_controller_0/inst/color_instance/background/sprite_background_rom/bkg_bram/U0/inst_blk_mem_gen/gnbram.gnativebmg.native_blk_mem_gen/valid.cstr/ramloop[17].ram.r/prim_init.ram/DEVICE_7SERIES.NO_BMM_INFO.TRUE_DP.SIMPLE_PRIM18.ram has an input control pin mb_block_i/hdmi_text_controller_0/inst/color_instance/background/sprite_background_rom/bkg_bram/U0/inst_blk_mem_gen/gnbram.gnativebmg.native_blk_mem_gen/valid.cstr/ramloop[17].ram.r/prim_init.ram/DEVICE_7SERIES.NO_BMM_INFO.TRUE_DP.SIMPLE_PRIM18.ram/ADDRARDADDR[13] (net: mb_block_i/hdmi_text_controller_0/inst/color_instance/background/sprite_background_rom/bkg_bram/U0/inst_blk_mem_gen/gnbram.gnativebmg.native_blk_mem_gen/valid.cstr/ramloop[17].ram.r/prim_init.ram/addra[12]) which is driven by a register (mb_block_i/hdmi_text_controller_0/inst/color_instance/background/scroll_y_reg[4]) that has an active asychronous set or reset. This may cause corruption of the memory contents and/or read values when the set/reset is asserted and is not analyzed by the default static timing analysis. It is suggested to eliminate the use of a set/reset to registers driving this RAMB pin or else use a synchronous reset in which the assertion of the reset is timed by default.
WARNING: [DRC REQP-1840] RAMB18 async control check: The RAMB18E1 mb_block_i/hdmi_text_controller_0/inst/color_instance/background/sprite_background_rom/bkg_bram/U0/inst_blk_mem_gen/gnbram.gnativebmg.native_blk_mem_gen/valid.cstr/ramloop[17].ram.r/prim_init.ram/DEVICE_7SERIES.NO_BMM_INFO.TRUE_DP.SIMPLE_PRIM18.ram has an input control pin mb_block_i/hdmi_text_controller_0/inst/color_instance/background/sprite_background_rom/bkg_bram/U0/inst_blk_mem_gen/gnbram.gnativebmg.native_blk_mem_gen/valid.cstr/ramloop[17].ram.r/prim_init.ram/DEVICE_7SERIES.NO_BMM_INFO.TRUE_DP.SIMPLE_PRIM18.ram/ADDRARDADDR[13] (net: mb_block_i/hdmi_text_controller_0/inst/color_instance/background/sprite_background_rom/bkg_bram/U0/inst_blk_mem_gen/gnbram.gnativebmg.native_blk_mem_gen/valid.cstr/ramloop[17].ram.r/prim_init.ram/addra[12]) which is driven by a register (mb_block_i/hdmi_text_controller_0/inst/color_instance/background/scroll_y_reg[5]) that has an active asychronous set or reset. This may cause corruption of the memory contents and/or read values when the set/reset is asserted and is not analyzed by the default static timing analysis. It is suggested to eliminate the use of a set/reset to registers driving this RAMB pin or else use a synchronous reset in which the assertion of the reset is timed by default.
WARNING: [DRC REQP-1840] RAMB18 async control check: The RAMB18E1 mb_block_i/hdmi_text_controller_0/inst/color_instance/background/sprite_background_rom/bkg_bram/U0/inst_blk_mem_gen/gnbram.gnativebmg.native_blk_mem_gen/valid.cstr/ramloop[17].ram.r/prim_init.ram/DEVICE_7SERIES.NO_BMM_INFO.TRUE_DP.SIMPLE_PRIM18.ram has an input control pin mb_block_i/hdmi_text_controller_0/inst/color_instance/background/sprite_background_rom/bkg_bram/U0/inst_blk_mem_gen/gnbram.gnativebmg.native_blk_mem_gen/valid.cstr/ramloop[17].ram.r/prim_init.ram/DEVICE_7SERIES.NO_BMM_INFO.TRUE_DP.SIMPLE_PRIM18.ram/ADDRARDADDR[13] (net: mb_block_i/hdmi_text_controller_0/inst/color_instance/background/sprite_background_rom/bkg_bram/U0/inst_blk_mem_gen/gnbram.gnativebmg.native_blk_mem_gen/valid.cstr/ramloop[17].ram.r/prim_init.ram/addra[12]) which is driven by a register (mb_block_i/hdmi_text_controller_0/inst/color_instance/background/scroll_y_reg[6]) that has an active asychronous set or reset. This may cause corruption of the memory contents and/or read values when the set/reset is asserted and is not analyzed by the default static timing analysis. It is suggested to eliminate the use of a set/reset to registers driving this RAMB pin or else use a synchronous reset in which the assertion of the reset is timed by default.
WARNING: [DRC REQP-1840] RAMB18 async control check: The RAMB18E1 mb_block_i/hdmi_text_controller_0/inst/color_instance/background/sprite_background_rom/bkg_bram/U0/inst_blk_mem_gen/gnbram.gnativebmg.native_blk_mem_gen/valid.cstr/ramloop[17].ram.r/prim_init.ram/DEVICE_7SERIES.NO_BMM_INFO.TRUE_DP.SIMPLE_PRIM18.ram has an input control pin mb_block_i/hdmi_text_controller_0/inst/color_instance/background/sprite_background_rom/bkg_bram/U0/inst_blk_mem_gen/gnbram.gnativebmg.native_blk_mem_gen/valid.cstr/ramloop[17].ram.r/prim_init.ram/DEVICE_7SERIES.NO_BMM_INFO.TRUE_DP.SIMPLE_PRIM18.ram/ADDRARDADDR[13] (net: mb_block_i/hdmi_text_controller_0/inst/color_instance/background/sprite_background_rom/bkg_bram/U0/inst_blk_mem_gen/gnbram.gnativebmg.native_blk_mem_gen/valid.cstr/ramloop[17].ram.r/prim_init.ram/addra[12]) which is driven by a register (mb_block_i/hdmi_text_controller_0/inst/color_instance/background/scroll_y_reg[7]) that has an active asychronous set or reset. This may cause corruption of the memory contents and/or read values when the set/reset is asserted and is not analyzed by the default static timing analysis. It is suggested to eliminate the use of a set/reset to registers driving this RAMB pin or else use a synchronous reset in which the assertion of the reset is timed by default.
WARNING: [DRC REQP-1840] RAMB18 async control check: The RAMB18E1 mb_block_i/hdmi_text_controller_0/inst/color_instance/background/sprite_background_rom/bkg_bram/U0/inst_blk_mem_gen/gnbram.gnativebmg.native_blk_mem_gen/valid.cstr/ramloop[17].ram.r/prim_init.ram/DEVICE_7SERIES.NO_BMM_INFO.TRUE_DP.SIMPLE_PRIM18.ram has an input control pin mb_block_i/hdmi_text_controller_0/inst/color_instance/background/sprite_background_rom/bkg_bram/U0/inst_blk_mem_gen/gnbram.gnativebmg.native_blk_mem_gen/valid.cstr/ramloop[17].ram.r/prim_init.ram/DEVICE_7SERIES.NO_BMM_INFO.TRUE_DP.SIMPLE_PRIM18.ram/ADDRARDADDR[13] (net: mb_block_i/hdmi_text_controller_0/inst/color_instance/background/sprite_background_rom/bkg_bram/U0/inst_blk_mem_gen/gnbram.gnativebmg.native_blk_mem_gen/valid.cstr/ramloop[17].ram.r/prim_init.ram/addra[12]) which is driven by a register (mb_block_i/hdmi_text_controller_0/inst/color_instance/background/scroll_y_reg[8]) that has an active asychronous set or reset. This may cause corruption of the memory contents and/or read values when the set/reset is asserted and is not analyzed by the default static timing analysis. It is suggested to eliminate the use of a set/reset to registers driving this RAMB pin or else use a synchronous reset in which the assertion of the reset is timed by default.
WARNING: [DRC REQP-1840] RAMB18 async control check: The RAMB18E1 mb_block_i/hdmi_text_controller_0/inst/color_instance/background/sprite_background_rom/bkg_bram/U0/inst_blk_mem_gen/gnbram.gnativebmg.native_blk_mem_gen/valid.cstr/ramloop[17].ram.r/prim_init.ram/DEVICE_7SERIES.NO_BMM_INFO.TRUE_DP.SIMPLE_PRIM18.ram has an input control pin mb_block_i/hdmi_text_controller_0/inst/color_instance/background/sprite_background_rom/bkg_bram/U0/inst_blk_mem_gen/gnbram.gnativebmg.native_blk_mem_gen/valid.cstr/ramloop[17].ram.r/prim_init.ram/DEVICE_7SERIES.NO_BMM_INFO.TRUE_DP.SIMPLE_PRIM18.ram/ADDRARDADDR[13] (net: mb_block_i/hdmi_text_controller_0/inst/color_instance/background/sprite_background_rom/bkg_bram/U0/inst_blk_mem_gen/gnbram.gnativebmg.native_blk_mem_gen/valid.cstr/ramloop[17].ram.r/prim_init.ram/addra[12]) which is driven by a register (mb_block_i/hdmi_text_controller_0/inst/color_instance/background/scroll_y_reg[9]) that has an active asychronous set or reset. This may cause corruption of the memory contents and/or read values when the set/reset is asserted and is not analyzed by the default static timing analysis. It is suggested to eliminate the use of a set/reset to registers driving this RAMB pin or else use a synchronous reset in which the assertion of the reset is timed by default.
WARNING: [DRC REQP-1840] RAMB18 async control check: The RAMB18E1 mb_block_i/hdmi_text_controller_0/inst/color_instance/background/sprite_background_rom/bkg_bram/U0/inst_blk_mem_gen/gnbram.gnativebmg.native_blk_mem_gen/valid.cstr/ramloop[17].ram.r/prim_init.ram/DEVICE_7SERIES.NO_BMM_INFO.TRUE_DP.SIMPLE_PRIM18.ram has an input control pin mb_block_i/hdmi_text_controller_0/inst/color_instance/background/sprite_background_rom/bkg_bram/U0/inst_blk_mem_gen/gnbram.gnativebmg.native_blk_mem_gen/valid.cstr/ramloop[17].ram.r/prim_init.ram/DEVICE_7SERIES.NO_BMM_INFO.TRUE_DP.SIMPLE_PRIM18.ram/ADDRARDADDR[13] (net: mb_block_i/hdmi_text_controller_0/inst/color_instance/background/sprite_background_rom/bkg_bram/U0/inst_blk_mem_gen/gnbram.gnativebmg.native_blk_mem_gen/valid.cstr/ramloop[17].ram.r/prim_init.ram/addra[12]) which is driven by a register (mb_block_i/hdmi_text_controller_0/inst/vga/hc_reg[5]) that has an active asychronous set or reset. This may cause corruption of the memory contents and/or read values when the set/reset is asserted and is not analyzed by the default static timing analysis. It is suggested to eliminate the use of a set/reset to registers driving this RAMB pin or else use a synchronous reset in which the assertion of the reset is timed by default.
WARNING: [DRC REQP-1840] RAMB18 async control check: The RAMB18E1 mb_block_i/hdmi_text_controller_0/inst/color_instance/background/sprite_background_rom/bkg_bram/U0/inst_blk_mem_gen/gnbram.gnativebmg.native_blk_mem_gen/valid.cstr/ramloop[17].ram.r/prim_init.ram/DEVICE_7SERIES.NO_BMM_INFO.TRUE_DP.SIMPLE_PRIM18.ram has an input control pin mb_block_i/hdmi_text_controller_0/inst/color_instance/background/sprite_background_rom/bkg_bram/U0/inst_blk_mem_gen/gnbram.gnativebmg.native_blk_mem_gen/valid.cstr/ramloop[17].ram.r/prim_init.ram/DEVICE_7SERIES.NO_BMM_INFO.TRUE_DP.SIMPLE_PRIM18.ram/ADDRARDADDR[13] (net: mb_block_i/hdmi_text_controller_0/inst/color_instance/background/sprite_background_rom/bkg_bram/U0/inst_blk_mem_gen/gnbram.gnativebmg.native_blk_mem_gen/valid.cstr/ramloop[17].ram.r/prim_init.ram/addra[12]) which is driven by a register (mb_block_i/hdmi_text_controller_0/inst/vga/hc_reg[6]) that has an active asychronous set or reset. This may cause corruption of the memory contents and/or read values when the set/reset is asserted and is not analyzed by the default static timing analysis. It is suggested to eliminate the use of a set/reset to registers driving this RAMB pin or else use a synchronous reset in which the assertion of the reset is timed by default.
WARNING: [DRC REQP-1840] RAMB18 async control check: The RAMB18E1 mb_block_i/hdmi_text_controller_0/inst/color_instance/background/sprite_background_rom/bkg_bram/U0/inst_blk_mem_gen/gnbram.gnativebmg.native_blk_mem_gen/valid.cstr/ramloop[17].ram.r/prim_init.ram/DEVICE_7SERIES.NO_BMM_INFO.TRUE_DP.SIMPLE_PRIM18.ram has an input control pin mb_block_i/hdmi_text_controller_0/inst/color_instance/background/sprite_background_rom/bkg_bram/U0/inst_blk_mem_gen/gnbram.gnativebmg.native_blk_mem_gen/valid.cstr/ramloop[17].ram.r/prim_init.ram/DEVICE_7SERIES.NO_BMM_INFO.TRUE_DP.SIMPLE_PRIM18.ram/ADDRARDADDR[13] (net: mb_block_i/hdmi_text_controller_0/inst/color_instance/background/sprite_background_rom/bkg_bram/U0/inst_blk_mem_gen/gnbram.gnativebmg.native_blk_mem_gen/valid.cstr/ramloop[17].ram.r/prim_init.ram/addra[12]) which is driven by a register (mb_block_i/hdmi_text_controller_0/inst/vga/hc_reg[7]) that has an active asychronous set or reset. This may cause corruption of the memory contents and/or read values when the set/reset is asserted and is not analyzed by the default static timing analysis. It is suggested to eliminate the use of a set/reset to registers driving this RAMB pin or else use a synchronous reset in which the assertion of the reset is timed by default.
WARNING: [DRC REQP-1840] RAMB18 async control check: The RAMB18E1 mb_block_i/hdmi_text_controller_0/inst/color_instance/background/sprite_background_rom/bkg_bram/U0/inst_blk_mem_gen/gnbram.gnativebmg.native_blk_mem_gen/valid.cstr/ramloop[17].ram.r/prim_init.ram/DEVICE_7SERIES.NO_BMM_INFO.TRUE_DP.SIMPLE_PRIM18.ram has an input control pin mb_block_i/hdmi_text_controller_0/inst/color_instance/background/sprite_background_rom/bkg_bram/U0/inst_blk_mem_gen/gnbram.gnativebmg.native_blk_mem_gen/valid.cstr/ramloop[17].ram.r/prim_init.ram/DEVICE_7SERIES.NO_BMM_INFO.TRUE_DP.SIMPLE_PRIM18.ram/ADDRARDADDR[13] (net: mb_block_i/hdmi_text_controller_0/inst/color_instance/background/sprite_background_rom/bkg_bram/U0/inst_blk_mem_gen/gnbram.gnativebmg.native_blk_mem_gen/valid.cstr/ramloop[17].ram.r/prim_init.ram/addra[12]) which is driven by a register (mb_block_i/hdmi_text_controller_0/inst/vga/hc_reg[8]) that has an active asychronous set or reset. This may cause corruption of the memory contents and/or read values when the set/reset is asserted and is not analyzed by the default static timing analysis. It is suggested to eliminate the use of a set/reset to registers driving this RAMB pin or else use a synchronous reset in which the assertion of the reset is timed by default.
WARNING: [DRC REQP-1840] RAMB18 async control check: The RAMB18E1 mb_block_i/hdmi_text_controller_0/inst/color_instance/background/sprite_background_rom/bkg_bram/U0/inst_blk_mem_gen/gnbram.gnativebmg.native_blk_mem_gen/valid.cstr/ramloop[17].ram.r/prim_init.ram/DEVICE_7SERIES.NO_BMM_INFO.TRUE_DP.SIMPLE_PRIM18.ram has an input control pin mb_block_i/hdmi_text_controller_0/inst/color_instance/background/sprite_background_rom/bkg_bram/U0/inst_blk_mem_gen/gnbram.gnativebmg.native_blk_mem_gen/valid.cstr/ramloop[17].ram.r/prim_init.ram/DEVICE_7SERIES.NO_BMM_INFO.TRUE_DP.SIMPLE_PRIM18.ram/ADDRARDADDR[13] (net: mb_block_i/hdmi_text_controller_0/inst/color_instance/background/sprite_background_rom/bkg_bram/U0/inst_blk_mem_gen/gnbram.gnativebmg.native_blk_mem_gen/valid.cstr/ramloop[17].ram.r/prim_init.ram/addra[12]) which is driven by a register (mb_block_i/hdmi_text_controller_0/inst/vga/hc_reg[9]) that has an active asychronous set or reset. This may cause corruption of the memory contents and/or read values when the set/reset is asserted and is not analyzed by the default static timing analysis. It is suggested to eliminate the use of a set/reset to registers driving this RAMB pin or else use a synchronous reset in which the assertion of the reset is timed by default.
WARNING: [DRC REQP-1840] RAMB18 async control check: The RAMB18E1 mb_block_i/hdmi_text_controller_0/inst/color_instance/background/sprite_background_rom/bkg_bram/U0/inst_blk_mem_gen/gnbram.gnativebmg.native_blk_mem_gen/valid.cstr/ramloop[17].ram.r/prim_init.ram/DEVICE_7SERIES.NO_BMM_INFO.TRUE_DP.SIMPLE_PRIM18.ram has an input control pin mb_block_i/hdmi_text_controller_0/inst/color_instance/background/sprite_background_rom/bkg_bram/U0/inst_blk_mem_gen/gnbram.gnativebmg.native_blk_mem_gen/valid.cstr/ramloop[17].ram.r/prim_init.ram/DEVICE_7SERIES.NO_BMM_INFO.TRUE_DP.SIMPLE_PRIM18.ram/ADDRARDADDR[13] (net: mb_block_i/hdmi_text_controller_0/inst/color_instance/background/sprite_background_rom/bkg_bram/U0/inst_blk_mem_gen/gnbram.gnativebmg.native_blk_mem_gen/valid.cstr/ramloop[17].ram.r/prim_init.ram/addra[12]) which is driven by a register (mb_block_i/hdmi_text_controller_0/inst/vga/vc_reg[1]) that has an active asychronous set or reset. This may cause corruption of the memory contents and/or read values when the set/reset is asserted and is not analyzed by the default static timing analysis. It is suggested to eliminate the use of a set/reset to registers driving this RAMB pin or else use a synchronous reset in which the assertion of the reset is timed by default.
WARNING: [DRC REQP-1840] RAMB18 async control check: The RAMB18E1 mb_block_i/hdmi_text_controller_0/inst/color_instance/background/sprite_background_rom/bkg_bram/U0/inst_blk_mem_gen/gnbram.gnativebmg.native_blk_mem_gen/valid.cstr/ramloop[17].ram.r/prim_init.ram/DEVICE_7SERIES.NO_BMM_INFO.TRUE_DP.SIMPLE_PRIM18.ram has an input control pin mb_block_i/hdmi_text_controller_0/inst/color_instance/background/sprite_background_rom/bkg_bram/U0/inst_blk_mem_gen/gnbram.gnativebmg.native_blk_mem_gen/valid.cstr/ramloop[17].ram.r/prim_init.ram/DEVICE_7SERIES.NO_BMM_INFO.TRUE_DP.SIMPLE_PRIM18.ram/ADDRARDADDR[13] (net: mb_block_i/hdmi_text_controller_0/inst/color_instance/background/sprite_background_rom/bkg_bram/U0/inst_blk_mem_gen/gnbram.gnativebmg.native_blk_mem_gen/valid.cstr/ramloop[17].ram.r/prim_init.ram/addra[12]) which is driven by a register (mb_block_i/hdmi_text_controller_0/inst/vga/vc_reg[3]_rep__0) that has an active asychronous set or reset. This may cause corruption of the memory contents and/or read values when the set/reset is asserted and is not analyzed by the default static timing analysis. It is suggested to eliminate the use of a set/reset to registers driving this RAMB pin or else use a synchronous reset in which the assertion of the reset is timed by default.
WARNING: [DRC REQP-1840] RAMB18 async control check: The RAMB18E1 mb_block_i/hdmi_text_controller_0/inst/color_instance/background/sprite_background_rom/bkg_bram/U0/inst_blk_mem_gen/gnbram.gnativebmg.native_blk_mem_gen/valid.cstr/ramloop[17].ram.r/prim_init.ram/DEVICE_7SERIES.NO_BMM_INFO.TRUE_DP.SIMPLE_PRIM18.ram has an input control pin mb_block_i/hdmi_text_controller_0/inst/color_instance/background/sprite_background_rom/bkg_bram/U0/inst_blk_mem_gen/gnbram.gnativebmg.native_blk_mem_gen/valid.cstr/ramloop[17].ram.r/prim_init.ram/DEVICE_7SERIES.NO_BMM_INFO.TRUE_DP.SIMPLE_PRIM18.ram/ADDRARDADDR[13] (net: mb_block_i/hdmi_text_controller_0/inst/color_instance/background/sprite_background_rom/bkg_bram/U0/inst_blk_mem_gen/gnbram.gnativebmg.native_blk_mem_gen/valid.cstr/ramloop[17].ram.r/prim_init.ram/addra[12]) which is driven by a register (mb_block_i/hdmi_text_controller_0/inst/vga/vc_reg[4]) that has an active asychronous set or reset. This may cause corruption of the memory contents and/or read values when the set/reset is asserted and is not analyzed by the default static timing analysis. It is suggested to eliminate the use of a set/reset to registers driving this RAMB pin or else use a synchronous reset in which the assertion of the reset is timed by default.
INFO: [Vivado 12-3199] DRC finished with 0 Errors, 43 Warnings
INFO: [Vivado 12-3200] Please refer to the DRC report (report_drc) for more information.
INFO: [Designutils 20-2272] Running write_bitstream with 2 threads.
Loading data files...
Loading site data...
Loading route data...
Processing options...
Creating bitmap...
Creating bitstream...
Writing bitstream ./mb_usb_hdmi_top.bit...
INFO: [Vivado 12-1842] Bitgen Completed Successfully.
INFO: [Project 1-1876] WebTalk data collection is mandatory when using a ULT device. To see the specific WebTalk data collected for your design, open the usage_statistics_webtalk.html or usage_statistics_webtalk.xml file in the implementation directory.
INFO: [Common 17-83] Releasing license: Implementation
14 Infos, 43 Warnings, 0 Critical Warnings and 0 Errors encountered.
write_bitstream completed successfully
write_bitstream: Time (s): cpu = 00:00:19 ; elapsed = 00:00:13 . Memory (MB): peak = 3331.008 ; gain = 475.855
INFO: [Common 17-206] Exiting Vivado at Thu May  7 12:27:43 2026...
