18:15:22 DEBUG : Logs will be stored at 'C:/Users/kakkar3/Desktop/Final_Project/sdk/IDE.log'.
18:15:26 INFO  : Launching XSCT server: xsct.bat -n  -interactive C:\Users\kakkar3\Desktop\Final_Project\sdk\temp_xsdb_launch_script.tcl
18:15:26 INFO  : Registering command handlers for Vitis TCF services
18:15:27 INFO  : Platform repository initialization has completed.
18:15:29 INFO  : XSCT server has started successfully.
18:15:29 INFO  : Successfully done setting XSCT server connection channel  
18:15:29 INFO  : plnx-install-location is set to ''
18:15:29 INFO  : Successfully done query RDI_DATADIR 
18:15:29 INFO  : Successfully done setting workspace for the tool. 
18:16:18 INFO  : Result from executing command 'getProjects': mb_usb_hdmi_top
18:16:18 INFO  : Result from executing command 'getPlatforms': xilinx_vck190_base_202220_1|C:/Xilinx/Vitis/2022.2/base_platforms/xilinx_vck190_base_202220_1/xilinx_vck190_base_202220_1.xpfm;xilinx_vck190_base_dfx_202220_1|C:/Xilinx/Vitis/2022.2/base_platforms/xilinx_vck190_base_dfx_202220_1/xilinx_vck190_base_dfx_202220_1.xpfm;xilinx_vmk180_base_202220_1|C:/Xilinx/Vitis/2022.2/base_platforms/xilinx_vmk180_base_202220_1/xilinx_vmk180_base_202220_1.xpfm;xilinx_zcu102_base_202220_1|C:/Xilinx/Vitis/2022.2/base_platforms/xilinx_zcu102_base_202220_1/xilinx_zcu102_base_202220_1.xpfm;xilinx_zcu102_base_dfx_202220_1|C:/Xilinx/Vitis/2022.2/base_platforms/xilinx_zcu102_base_dfx_202220_1/xilinx_zcu102_base_dfx_202220_1.xpfm;xilinx_zcu104_base_202220_1|C:/Xilinx/Vitis/2022.2/base_platforms/xilinx_zcu104_base_202220_1/xilinx_zcu104_base_202220_1.xpfm
18:16:19 WARN  : An unexpected exception occurred in the module 'platform project logging'
18:16:20 INFO  : Platform 'mb_usb_hdmi_top' is added to custom repositories.
18:16:23 INFO  : Platform 'mb_usb_hdmi_top' is added to custom repositories.
18:19:04 INFO  : Result from executing command 'getProjects': mb_usb_hdmi_top
18:19:04 INFO  : Result from executing command 'getPlatforms': mb_usb_hdmi_top|C:/Users/kakkar3/Desktop/Final_Project/sdk/mb_usb_hdmi_top/export/mb_usb_hdmi_top/mb_usb_hdmi_top.xpfm;xilinx_vck190_base_202220_1|C:/Xilinx/Vitis/2022.2/base_platforms/xilinx_vck190_base_202220_1/xilinx_vck190_base_202220_1.xpfm;xilinx_vck190_base_dfx_202220_1|C:/Xilinx/Vitis/2022.2/base_platforms/xilinx_vck190_base_dfx_202220_1/xilinx_vck190_base_dfx_202220_1.xpfm;xilinx_vmk180_base_202220_1|C:/Xilinx/Vitis/2022.2/base_platforms/xilinx_vmk180_base_202220_1/xilinx_vmk180_base_202220_1.xpfm;xilinx_zcu102_base_202220_1|C:/Xilinx/Vitis/2022.2/base_platforms/xilinx_zcu102_base_202220_1/xilinx_zcu102_base_202220_1.xpfm;xilinx_zcu102_base_dfx_202220_1|C:/Xilinx/Vitis/2022.2/base_platforms/xilinx_zcu102_base_dfx_202220_1/xilinx_zcu102_base_dfx_202220_1.xpfm;xilinx_zcu104_base_202220_1|C:/Xilinx/Vitis/2022.2/base_platforms/xilinx_zcu104_base_202220_1/xilinx_zcu104_base_202220_1.xpfm
18:19:05 INFO  : Checking for BSP changes to sync application flags for project 'final_proj'...
18:20:18 INFO  : Checking for BSP changes to sync application flags for project 'final_proj'...
18:20:39 INFO  : Connected to target on host '127.0.0.1' and port '3121'.
18:20:40 INFO  : Jtag cable 'RealDigital Boo 887100000010A' is selected.
18:20:40 INFO  : 'jtag frequency' command is executed.
18:20:40 INFO  : 'targets -set -filter {jtag_cable_name =~ "RealDigital Boo 887100000010A" && level==0 && jtag_device_ctx=="jsn1-0362f093-0"}' command is executed.
18:20:41 INFO  : Device configured successfully with "C:/Users/kakkar3/Desktop/Final_Project/sdk/final_proj/_ide/bitstream/mb_usb_hdmi_top.bit"
18:20:41 INFO  : Context for processor 'microblaze_0' is selected.
18:20:41 INFO  : Hardware design and registers information is loaded from 'C:/Users/kakkar3/Desktop/Final_Project/sdk/mb_usb_hdmi_top/export/mb_usb_hdmi_top/hw/mb_usb_hdmi_top.xsa'.
18:20:41 INFO  : 'configparams mdm-detect-bscan-mask 2' command is executed.
18:20:41 INFO  : Context for processor 'microblaze_0' is selected.
18:20:41 INFO  : System reset is completed.
18:20:44 INFO  : 'after 3000' command is executed.
18:20:44 INFO  : Context for processor 'microblaze_0' is selected.
18:20:44 INFO  : The application 'C:/Users/kakkar3/Desktop/Final_Project/sdk/final_proj/Debug/final_proj.elf' is downloaded to processor 'microblaze_0'.
18:20:44 INFO  : ----------------XSDB Script----------------
connect -url tcp:127.0.0.1:3121
targets -set -filter {jtag_cable_name =~ "RealDigital Boo 887100000010A" && level==0 && jtag_device_ctx=="jsn1-0362f093-0"}
fpga -file C:/Users/kakkar3/Desktop/Final_Project/sdk/final_proj/_ide/bitstream/mb_usb_hdmi_top.bit
targets -set -nocase -filter {name =~ "*microblaze*#0" && bscan=="USER2" }
loadhw -hw C:/Users/kakkar3/Desktop/Final_Project/sdk/mb_usb_hdmi_top/export/mb_usb_hdmi_top/hw/mb_usb_hdmi_top.xsa -regs
configparams mdm-detect-bscan-mask 2
targets -set -nocase -filter {name =~ "*microblaze*#0" && bscan=="USER2" }
rst -system
after 3000
targets -set -nocase -filter {name =~ "*microblaze*#0" && bscan=="USER2" }
dow C:/Users/kakkar3/Desktop/Final_Project/sdk/final_proj/Debug/final_proj.elf
----------------End of Script----------------

18:20:44 INFO  : Context for processor 'microblaze_0' is selected.
18:20:44 INFO  : 'con' command is executed.
18:20:44 INFO  : ----------------XSDB Script (After Launch)----------------
targets -set -nocase -filter {name =~ "*microblaze*#0" && bscan=="USER2" }
con
----------------End of Script----------------

18:20:44 INFO  : Launch script is exported to file 'C:\Users\kakkar3\Desktop\Final_Project\sdk\final_proj_system\_ide\scripts\debugger_final_proj-default.tcl'
18:24:08 INFO  : Checking for BSP changes to sync application flags for project 'final_proj'...
18:24:13 INFO  : Disconnected from the channel tcfchan#2.
18:24:14 INFO  : Connected to target on host '127.0.0.1' and port '3121'.
18:24:14 INFO  : Jtag cable 'RealDigital Boo 887100000010A' is selected.
18:24:14 INFO  : 'jtag frequency' command is executed.
18:24:14 INFO  : 'targets -set -filter {jtag_cable_name =~ "RealDigital Boo 887100000010A" && level==0 && jtag_device_ctx=="jsn1-0362f093-0"}' command is executed.
18:24:16 INFO  : Device configured successfully with "C:/Users/kakkar3/Desktop/Final_Project/sdk/final_proj/_ide/bitstream/mb_usb_hdmi_top.bit"
18:24:16 INFO  : Context for processor 'microblaze_0' is selected.
18:24:16 INFO  : Hardware design and registers information is loaded from 'C:/Users/kakkar3/Desktop/Final_Project/sdk/mb_usb_hdmi_top/export/mb_usb_hdmi_top/hw/mb_usb_hdmi_top.xsa'.
18:24:16 INFO  : 'configparams mdm-detect-bscan-mask 2' command is executed.
18:24:16 INFO  : Context for processor 'microblaze_0' is selected.
18:24:16 INFO  : System reset is completed.
18:24:19 INFO  : 'after 3000' command is executed.
18:24:19 INFO  : Context for processor 'microblaze_0' is selected.
18:24:19 INFO  : The application 'C:/Users/kakkar3/Desktop/Final_Project/sdk/final_proj/Debug/final_proj.elf' is downloaded to processor 'microblaze_0'.
18:24:19 INFO  : ----------------XSDB Script----------------
connect -url tcp:127.0.0.1:3121
targets -set -filter {jtag_cable_name =~ "RealDigital Boo 887100000010A" && level==0 && jtag_device_ctx=="jsn1-0362f093-0"}
fpga -file C:/Users/kakkar3/Desktop/Final_Project/sdk/final_proj/_ide/bitstream/mb_usb_hdmi_top.bit
targets -set -nocase -filter {name =~ "*microblaze*#0" && bscan=="USER2" }
loadhw -hw C:/Users/kakkar3/Desktop/Final_Project/sdk/mb_usb_hdmi_top/export/mb_usb_hdmi_top/hw/mb_usb_hdmi_top.xsa -regs
configparams mdm-detect-bscan-mask 2
targets -set -nocase -filter {name =~ "*microblaze*#0" && bscan=="USER2" }
rst -system
after 3000
targets -set -nocase -filter {name =~ "*microblaze*#0" && bscan=="USER2" }
dow C:/Users/kakkar3/Desktop/Final_Project/sdk/final_proj/Debug/final_proj.elf
----------------End of Script----------------

18:24:19 INFO  : Context for processor 'microblaze_0' is selected.
18:24:19 INFO  : 'con' command is executed.
18:24:19 INFO  : ----------------XSDB Script (After Launch)----------------
targets -set -nocase -filter {name =~ "*microblaze*#0" && bscan=="USER2" }
con
----------------End of Script----------------

18:24:19 INFO  : Launch script is exported to file 'C:\Users\kakkar3\Desktop\Final_Project\sdk\final_proj_system\_ide\scripts\debugger_final_proj-default.tcl'
18:26:14 INFO  : Checking for BSP changes to sync application flags for project 'final_proj'...
18:26:19 INFO  : Disconnected from the channel tcfchan#3.
18:26:20 INFO  : Connected to target on host '127.0.0.1' and port '3121'.
18:26:20 INFO  : Jtag cable 'RealDigital Boo 887100000010A' is selected.
18:26:20 INFO  : 'jtag frequency' command is executed.
18:26:20 INFO  : 'targets -set -filter {jtag_cable_name =~ "RealDigital Boo 887100000010A" && level==0 && jtag_device_ctx=="jsn1-0362f093-0"}' command is executed.
18:26:21 INFO  : Device configured successfully with "C:/Users/kakkar3/Desktop/Final_Project/sdk/final_proj/_ide/bitstream/mb_usb_hdmi_top.bit"
18:26:21 INFO  : Context for processor 'microblaze_0' is selected.
18:26:21 INFO  : Hardware design and registers information is loaded from 'C:/Users/kakkar3/Desktop/Final_Project/sdk/mb_usb_hdmi_top/export/mb_usb_hdmi_top/hw/mb_usb_hdmi_top.xsa'.
18:26:21 INFO  : 'configparams mdm-detect-bscan-mask 2' command is executed.
18:26:21 INFO  : Context for processor 'microblaze_0' is selected.
18:26:21 INFO  : System reset is completed.
18:26:24 INFO  : 'after 3000' command is executed.
18:26:24 INFO  : Context for processor 'microblaze_0' is selected.
18:26:24 INFO  : The application 'C:/Users/kakkar3/Desktop/Final_Project/sdk/final_proj/Debug/final_proj.elf' is downloaded to processor 'microblaze_0'.
18:26:24 INFO  : ----------------XSDB Script----------------
connect -url tcp:127.0.0.1:3121
targets -set -filter {jtag_cable_name =~ "RealDigital Boo 887100000010A" && level==0 && jtag_device_ctx=="jsn1-0362f093-0"}
fpga -file C:/Users/kakkar3/Desktop/Final_Project/sdk/final_proj/_ide/bitstream/mb_usb_hdmi_top.bit
targets -set -nocase -filter {name =~ "*microblaze*#0" && bscan=="USER2" }
loadhw -hw C:/Users/kakkar3/Desktop/Final_Project/sdk/mb_usb_hdmi_top/export/mb_usb_hdmi_top/hw/mb_usb_hdmi_top.xsa -regs
configparams mdm-detect-bscan-mask 2
targets -set -nocase -filter {name =~ "*microblaze*#0" && bscan=="USER2" }
rst -system
after 3000
targets -set -nocase -filter {name =~ "*microblaze*#0" && bscan=="USER2" }
dow C:/Users/kakkar3/Desktop/Final_Project/sdk/final_proj/Debug/final_proj.elf
----------------End of Script----------------

18:26:24 INFO  : Context for processor 'microblaze_0' is selected.
18:26:24 INFO  : 'con' command is executed.
18:26:24 INFO  : ----------------XSDB Script (After Launch)----------------
targets -set -nocase -filter {name =~ "*microblaze*#0" && bscan=="USER2" }
con
----------------End of Script----------------

18:26:24 INFO  : Launch script is exported to file 'C:\Users\kakkar3\Desktop\Final_Project\sdk\final_proj_system\_ide\scripts\debugger_final_proj-default.tcl'
18:29:59 INFO  : Checking for BSP changes to sync application flags for project 'final_proj'...
18:30:04 INFO  : Disconnected from the channel tcfchan#4.
18:30:05 INFO  : Connected to target on host '127.0.0.1' and port '3121'.
18:30:05 INFO  : Jtag cable 'RealDigital Boo 887100000010A' is selected.
18:30:05 INFO  : 'jtag frequency' command is executed.
18:30:05 INFO  : 'targets -set -filter {jtag_cable_name =~ "RealDigital Boo 887100000010A" && level==0 && jtag_device_ctx=="jsn1-0362f093-0"}' command is executed.
18:30:06 INFO  : Device configured successfully with "C:/Users/kakkar3/Desktop/Final_Project/sdk/final_proj/_ide/bitstream/mb_usb_hdmi_top.bit"
18:30:07 INFO  : Context for processor 'microblaze_0' is selected.
18:30:07 INFO  : Hardware design and registers information is loaded from 'C:/Users/kakkar3/Desktop/Final_Project/sdk/mb_usb_hdmi_top/export/mb_usb_hdmi_top/hw/mb_usb_hdmi_top.xsa'.
18:30:07 INFO  : 'configparams mdm-detect-bscan-mask 2' command is executed.
18:30:07 INFO  : Context for processor 'microblaze_0' is selected.
18:30:07 INFO  : System reset is completed.
18:30:10 INFO  : 'after 3000' command is executed.
18:30:10 INFO  : Context for processor 'microblaze_0' is selected.
18:30:10 INFO  : The application 'C:/Users/kakkar3/Desktop/Final_Project/sdk/final_proj/Debug/final_proj.elf' is downloaded to processor 'microblaze_0'.
18:30:10 INFO  : ----------------XSDB Script----------------
connect -url tcp:127.0.0.1:3121
targets -set -filter {jtag_cable_name =~ "RealDigital Boo 887100000010A" && level==0 && jtag_device_ctx=="jsn1-0362f093-0"}
fpga -file C:/Users/kakkar3/Desktop/Final_Project/sdk/final_proj/_ide/bitstream/mb_usb_hdmi_top.bit
targets -set -nocase -filter {name =~ "*microblaze*#0" && bscan=="USER2" }
loadhw -hw C:/Users/kakkar3/Desktop/Final_Project/sdk/mb_usb_hdmi_top/export/mb_usb_hdmi_top/hw/mb_usb_hdmi_top.xsa -regs
configparams mdm-detect-bscan-mask 2
targets -set -nocase -filter {name =~ "*microblaze*#0" && bscan=="USER2" }
rst -system
after 3000
targets -set -nocase -filter {name =~ "*microblaze*#0" && bscan=="USER2" }
dow C:/Users/kakkar3/Desktop/Final_Project/sdk/final_proj/Debug/final_proj.elf
----------------End of Script----------------

18:30:10 INFO  : Context for processor 'microblaze_0' is selected.
18:30:10 INFO  : 'con' command is executed.
18:30:10 INFO  : ----------------XSDB Script (After Launch)----------------
targets -set -nocase -filter {name =~ "*microblaze*#0" && bscan=="USER2" }
con
----------------End of Script----------------

18:30:10 INFO  : Launch script is exported to file 'C:\Users\kakkar3\Desktop\Final_Project\sdk\final_proj_system\_ide\scripts\debugger_final_proj-default.tcl'
18:32:27 INFO  : Checking for BSP changes to sync application flags for project 'final_proj'...
18:32:32 INFO  : Checking for BSP changes to sync application flags for project 'final_proj'...
18:33:22 INFO  : Checking for BSP changes to sync application flags for project 'final_proj'...
18:33:27 INFO  : Disconnected from the channel tcfchan#5.
18:33:28 INFO  : Connected to target on host '127.0.0.1' and port '3121'.
18:33:28 INFO  : Jtag cable 'RealDigital Boo 887100000010A' is selected.
18:33:28 INFO  : 'jtag frequency' command is executed.
18:33:28 INFO  : 'targets -set -filter {jtag_cable_name =~ "RealDigital Boo 887100000010A" && level==0 && jtag_device_ctx=="jsn1-0362f093-0"}' command is executed.
18:33:30 INFO  : Device configured successfully with "C:/Users/kakkar3/Desktop/Final_Project/sdk/final_proj/_ide/bitstream/mb_usb_hdmi_top.bit"
18:33:30 INFO  : Context for processor 'microblaze_0' is selected.
18:33:30 INFO  : Hardware design and registers information is loaded from 'C:/Users/kakkar3/Desktop/Final_Project/sdk/mb_usb_hdmi_top/export/mb_usb_hdmi_top/hw/mb_usb_hdmi_top.xsa'.
18:33:30 INFO  : 'configparams mdm-detect-bscan-mask 2' command is executed.
18:33:30 INFO  : Context for processor 'microblaze_0' is selected.
18:33:30 INFO  : System reset is completed.
18:33:33 INFO  : 'after 3000' command is executed.
18:33:33 INFO  : Context for processor 'microblaze_0' is selected.
18:33:33 INFO  : The application 'C:/Users/kakkar3/Desktop/Final_Project/sdk/final_proj/Debug/final_proj.elf' is downloaded to processor 'microblaze_0'.
18:33:33 INFO  : ----------------XSDB Script----------------
connect -url tcp:127.0.0.1:3121
targets -set -filter {jtag_cable_name =~ "RealDigital Boo 887100000010A" && level==0 && jtag_device_ctx=="jsn1-0362f093-0"}
fpga -file C:/Users/kakkar3/Desktop/Final_Project/sdk/final_proj/_ide/bitstream/mb_usb_hdmi_top.bit
targets -set -nocase -filter {name =~ "*microblaze*#0" && bscan=="USER2" }
loadhw -hw C:/Users/kakkar3/Desktop/Final_Project/sdk/mb_usb_hdmi_top/export/mb_usb_hdmi_top/hw/mb_usb_hdmi_top.xsa -regs
configparams mdm-detect-bscan-mask 2
targets -set -nocase -filter {name =~ "*microblaze*#0" && bscan=="USER2" }
rst -system
after 3000
targets -set -nocase -filter {name =~ "*microblaze*#0" && bscan=="USER2" }
dow C:/Users/kakkar3/Desktop/Final_Project/sdk/final_proj/Debug/final_proj.elf
----------------End of Script----------------

18:33:33 INFO  : Context for processor 'microblaze_0' is selected.
18:33:33 INFO  : 'con' command is executed.
18:33:33 INFO  : ----------------XSDB Script (After Launch)----------------
targets -set -nocase -filter {name =~ "*microblaze*#0" && bscan=="USER2" }
con
----------------End of Script----------------

18:33:33 INFO  : Launch script is exported to file 'C:\Users\kakkar3\Desktop\Final_Project\sdk\final_proj_system\_ide\scripts\debugger_final_proj-default.tcl'
18:36:43 INFO  : Disconnected from the channel tcfchan#6.
20:15:44 DEBUG : Logs will be stored at 'C:/Users/kakkar3/Desktop/Final_Project/sdk/IDE.log'.
20:15:44 INFO  : Launching XSCT server: xsct.bat -n  -interactive C:\Users\kakkar3\Desktop\Final_Project\sdk\temp_xsdb_launch_script.tcl
20:15:47 INFO  : Registering command handlers for Vitis TCF services
20:15:47 INFO  : XSCT server has started successfully.
20:15:48 INFO  : Platform repository initialization has completed.
20:15:48 INFO  : plnx-install-location is set to ''
20:15:48 INFO  : Successfully done setting XSCT server connection channel  
20:15:48 INFO  : Successfully done query RDI_DATADIR 
20:15:48 INFO  : Successfully done setting workspace for the tool. 
20:16:07 INFO  : Connected to target on host '127.0.0.1' and port '3121'.
20:16:08 INFO  : Jtag cable 'RealDigital Boo 887100000010A' is selected.
20:16:08 INFO  : 'jtag frequency' command is executed.
20:16:08 INFO  : 'targets -set -filter {jtag_cable_name =~ "RealDigital Boo 887100000010A" && level==0 && jtag_device_ctx=="jsn1-0362f093-0"}' command is executed.
20:16:09 INFO  : Device configured successfully with "C:/Users/kakkar3/Desktop/Final_Project/sdk/final_proj/_ide/bitstream/mb_usb_hdmi_top.bit"
20:16:09 INFO  : Context for processor 'microblaze_0' is selected.
20:16:09 INFO  : Hardware design and registers information is loaded from 'C:/Users/kakkar3/Desktop/Final_Project/sdk/mb_usb_hdmi_top/export/mb_usb_hdmi_top/hw/mb_usb_hdmi_top.xsa'.
20:16:09 INFO  : 'configparams mdm-detect-bscan-mask 2' command is executed.
20:16:09 INFO  : Context for processor 'microblaze_0' is selected.
20:16:09 INFO  : System reset is completed.
20:16:12 INFO  : 'after 3000' command is executed.
20:16:12 INFO  : Context for processor 'microblaze_0' is selected.
20:16:12 INFO  : The application 'C:/Users/kakkar3/Desktop/Final_Project/sdk/final_proj/Debug/final_proj.elf' is downloaded to processor 'microblaze_0'.
20:16:12 INFO  : ----------------XSDB Script----------------
connect -url tcp:127.0.0.1:3121
targets -set -filter {jtag_cable_name =~ "RealDigital Boo 887100000010A" && level==0 && jtag_device_ctx=="jsn1-0362f093-0"}
fpga -file C:/Users/kakkar3/Desktop/Final_Project/sdk/final_proj/_ide/bitstream/mb_usb_hdmi_top.bit
targets -set -nocase -filter {name =~ "*microblaze*#0" && bscan=="USER2" }
loadhw -hw C:/Users/kakkar3/Desktop/Final_Project/sdk/mb_usb_hdmi_top/export/mb_usb_hdmi_top/hw/mb_usb_hdmi_top.xsa -regs
configparams mdm-detect-bscan-mask 2
targets -set -nocase -filter {name =~ "*microblaze*#0" && bscan=="USER2" }
rst -system
after 3000
targets -set -nocase -filter {name =~ "*microblaze*#0" && bscan=="USER2" }
dow C:/Users/kakkar3/Desktop/Final_Project/sdk/final_proj/Debug/final_proj.elf
----------------End of Script----------------

20:16:12 INFO  : Context for processor 'microblaze_0' is selected.
20:16:12 INFO  : 'con' command is executed.
20:16:12 INFO  : ----------------XSDB Script (After Launch)----------------
targets -set -nocase -filter {name =~ "*microblaze*#0" && bscan=="USER2" }
con
----------------End of Script----------------

20:16:12 INFO  : Launch script is exported to file 'C:\Users\kakkar3\Desktop\Final_Project\sdk\final_proj_system\_ide\scripts\debugger_final_proj-default.tcl'
20:24:48 INFO  : Checking for BSP changes to sync application flags for project 'final_proj'...
20:26:49 INFO  : Checking for BSP changes to sync application flags for project 'final_proj'...
20:26:54 INFO  : Disconnected from the channel tcfchan#1.
20:26:55 INFO  : Connected to target on host '127.0.0.1' and port '3121'.
20:27:04 INFO  : ----------------XSDB Script----------------
connect -url tcp:127.0.0.1:3121
----------------End of Script----------------

20:27:04 ERROR : Could not find FPGA device on the board for connection 'Local'.


Troubleshooting hints:
1. Check whether board is connected to system properly.
2. In case of zynq board, check whether Digilent/Xilinx cable switch settings are correct.
3. If you are using Xilinx Platform Cable USB, ensure that status LED is green.
20:27:07 INFO  : Connected to target on host '127.0.0.1' and port '3121'.
20:27:07 INFO  : Jtag cable 'RealDigital Boo 887100000010A' is selected.
20:27:07 INFO  : 'jtag frequency' command is executed.
20:27:08 INFO  : 'targets -set -filter {jtag_cable_name =~ "RealDigital Boo 887100000010A" && level==0 && jtag_device_ctx=="jsn1-0362f093-0"}' command is executed.
20:27:09 INFO  : Device configured successfully with "C:/Users/kakkar3/Desktop/Final_Project/sdk/final_proj/_ide/bitstream/mb_usb_hdmi_top.bit"
20:27:09 INFO  : Context for processor 'microblaze_0' is selected.
20:27:09 INFO  : Hardware design and registers information is loaded from 'C:/Users/kakkar3/Desktop/Final_Project/sdk/mb_usb_hdmi_top/export/mb_usb_hdmi_top/hw/mb_usb_hdmi_top.xsa'.
20:27:09 INFO  : 'configparams mdm-detect-bscan-mask 2' command is executed.
20:27:09 INFO  : Context for processor 'microblaze_0' is selected.
20:27:09 INFO  : System reset is completed.
20:27:12 INFO  : 'after 3000' command is executed.
20:27:12 INFO  : Context for processor 'microblaze_0' is selected.
20:27:12 INFO  : The application 'C:/Users/kakkar3/Desktop/Final_Project/sdk/final_proj/Debug/final_proj.elf' is downloaded to processor 'microblaze_0'.
20:27:12 INFO  : ----------------XSDB Script----------------
connect -url tcp:127.0.0.1:3121
targets -set -filter {jtag_cable_name =~ "RealDigital Boo 887100000010A" && level==0 && jtag_device_ctx=="jsn1-0362f093-0"}
fpga -file C:/Users/kakkar3/Desktop/Final_Project/sdk/final_proj/_ide/bitstream/mb_usb_hdmi_top.bit
targets -set -nocase -filter {name =~ "*microblaze*#0" && bscan=="USER2" }
loadhw -hw C:/Users/kakkar3/Desktop/Final_Project/sdk/mb_usb_hdmi_top/export/mb_usb_hdmi_top/hw/mb_usb_hdmi_top.xsa -regs
configparams mdm-detect-bscan-mask 2
targets -set -nocase -filter {name =~ "*microblaze*#0" && bscan=="USER2" }
rst -system
after 3000
targets -set -nocase -filter {name =~ "*microblaze*#0" && bscan=="USER2" }
dow C:/Users/kakkar3/Desktop/Final_Project/sdk/final_proj/Debug/final_proj.elf
----------------End of Script----------------

20:27:12 INFO  : Context for processor 'microblaze_0' is selected.
20:27:12 INFO  : 'con' command is executed.
20:27:12 INFO  : ----------------XSDB Script (After Launch)----------------
targets -set -nocase -filter {name =~ "*microblaze*#0" && bscan=="USER2" }
con
----------------End of Script----------------

20:27:12 INFO  : Launch script is exported to file 'C:\Users\kakkar3\Desktop\Final_Project\sdk\final_proj_system\_ide\scripts\debugger_final_proj-default.tcl'
20:38:14 INFO  : Hardware specification for platform project 'mb_usb_hdmi_top' is updated.
20:39:01 INFO  : Inferring section assignments and sizes from elf file: C:\Users\kakkar3\Desktop\Final_Project\sdk\final_proj\Debug\final_proj.elf
20:39:56 INFO  : Result from executing command 'getProjects': mb_usb_hdmi_top
20:39:56 INFO  : Result from executing command 'getPlatforms': mb_usb_hdmi_top|C:/Users/kakkar3/Desktop/Final_Project/sdk/mb_usb_hdmi_top/export/mb_usb_hdmi_top/mb_usb_hdmi_top.xpfm;xilinx_vck190_base_202220_1|C:/Xilinx/Vitis/2022.2/base_platforms/xilinx_vck190_base_202220_1/xilinx_vck190_base_202220_1.xpfm;xilinx_vck190_base_dfx_202220_1|C:/Xilinx/Vitis/2022.2/base_platforms/xilinx_vck190_base_dfx_202220_1/xilinx_vck190_base_dfx_202220_1.xpfm;xilinx_vmk180_base_202220_1|C:/Xilinx/Vitis/2022.2/base_platforms/xilinx_vmk180_base_202220_1/xilinx_vmk180_base_202220_1.xpfm;xilinx_zcu102_base_202220_1|C:/Xilinx/Vitis/2022.2/base_platforms/xilinx_zcu102_base_202220_1/xilinx_zcu102_base_202220_1.xpfm;xilinx_zcu102_base_dfx_202220_1|C:/Xilinx/Vitis/2022.2/base_platforms/xilinx_zcu102_base_dfx_202220_1/xilinx_zcu102_base_dfx_202220_1.xpfm;xilinx_zcu104_base_202220_1|C:/Xilinx/Vitis/2022.2/base_platforms/xilinx_zcu104_base_202220_1/xilinx_zcu104_base_202220_1.xpfm
20:39:57 INFO  : Checking for BSP changes to sync application flags for project 'final_proj'...
20:40:00 INFO  : The hardware specification used by project 'final_proj' is out of sync with the platform. Resource files extracted from the hardware specification will be updated.
20:40:00 INFO  : The file 'C:\Users\kakkar3\Desktop\Final_Project\sdk\final_proj\_ide\bitstream\mb_usb_hdmi_top.bit' stored in project is removed.
20:40:00 INFO  : The file 'C:\Users\kakkar3\Desktop\Final_Project\sdk\final_proj\_ide\bitstream\mb_usb_hdmi_top.mmi' stored in project is removed.
20:40:00 INFO  : The updated bitstream files are copied from platform to folder 'C:\Users\kakkar3\Desktop\Final_Project\sdk\final_proj\_ide\bitstream' in project 'final_proj'.
20:41:25 INFO  : Inferring section assignments and sizes from elf file: C:\Users\kakkar3\Desktop\Final_Project\sdk\final_proj\Debug\final_proj.elf
20:49:01 INFO  : Checking for BSP changes to sync application flags for project 'final_proj'...
20:49:04 INFO  : Checking for BSP changes to sync application flags for project 'final_proj'...
20:49:06 INFO  : Checking for BSP changes to sync application flags for project 'final_proj'...
20:49:19 INFO  : Result from executing command 'removePlatformRepo': 
20:49:30 INFO  : Result from executing command 'getProjects': mb_usb_hdmi_top
20:49:30 INFO  : Result from executing command 'getPlatforms': xilinx_vck190_base_202220_1|C:/Xilinx/Vitis/2022.2/base_platforms/xilinx_vck190_base_202220_1/xilinx_vck190_base_202220_1.xpfm;xilinx_vck190_base_dfx_202220_1|C:/Xilinx/Vitis/2022.2/base_platforms/xilinx_vck190_base_dfx_202220_1/xilinx_vck190_base_dfx_202220_1.xpfm;xilinx_vmk180_base_202220_1|C:/Xilinx/Vitis/2022.2/base_platforms/xilinx_vmk180_base_202220_1/xilinx_vmk180_base_202220_1.xpfm;xilinx_zcu102_base_202220_1|C:/Xilinx/Vitis/2022.2/base_platforms/xilinx_zcu102_base_202220_1/xilinx_zcu102_base_202220_1.xpfm;xilinx_zcu102_base_dfx_202220_1|C:/Xilinx/Vitis/2022.2/base_platforms/xilinx_zcu102_base_dfx_202220_1/xilinx_zcu102_base_dfx_202220_1.xpfm;xilinx_zcu104_base_202220_1|C:/Xilinx/Vitis/2022.2/base_platforms/xilinx_zcu104_base_202220_1/xilinx_zcu104_base_202220_1.xpfm
20:49:31 INFO  : Checking for BSP changes to sync application flags for project 'final_proj'...
20:49:38 INFO  : Disconnected from the channel tcfchan#2.
20:49:40 INFO  : Connected to target on host '127.0.0.1' and port '3121'.
20:49:45 INFO  : Connected to target on host '127.0.0.1' and port '3121'.
20:49:45 INFO  : Jtag cable 'RealDigital Boo 887100000010A' is selected.
20:49:45 INFO  : 'jtag frequency' command is executed.
20:49:45 INFO  : 'targets -set -filter {jtag_cable_name =~ "RealDigital Boo 887100000010A" && level==0 && jtag_device_ctx=="jsn1-0362f093-0"}' command is executed.
20:49:46 INFO  : Device configured successfully with "C:/Users/kakkar3/Desktop/Final_Project/sdk/final_proj/_ide/bitstream/mb_usb_hdmi_top.bit"
20:49:49 INFO  : ----------------XSDB Script----------------
connect -url tcp:127.0.0.1:3121
----------------End of Script----------------

20:49:49 ERROR : Could not find FPGA device on the board for connection 'Local'.


Troubleshooting hints:
1. Check whether board is connected to system properly.
2. In case of zynq board, check whether Digilent/Xilinx cable switch settings are correct.
3. If you are using Xilinx Platform Cable USB, ensure that status LED is green.
20:49:49 INFO  : Context for processor 'microblaze_0' is selected.
20:49:49 INFO  : Hardware design and registers information is loaded from 'C:/Users/kakkar3/Desktop/Final_Project/sdk/mb_usb_hdmi_top/export/mb_usb_hdmi_top/hw/mb_usb_hdmi_top.xsa'.
20:49:49 INFO  : 'configparams mdm-detect-bscan-mask 2' command is executed.
20:49:49 INFO  : Context for processor 'microblaze_0' is selected.
20:49:49 INFO  : System reset is completed.
20:49:52 INFO  : 'after 3000' command is executed.
20:49:52 INFO  : Context for processor 'microblaze_0' is selected.
20:49:52 INFO  : The application 'C:/Users/kakkar3/Desktop/Final_Project/sdk/final_proj/Debug/final_proj.elf' is downloaded to processor 'microblaze_0'.
20:49:52 INFO  : ----------------XSDB Script----------------
connect -url tcp:127.0.0.1:3121
targets -set -filter {jtag_cable_name =~ "RealDigital Boo 887100000010A" && level==0 && jtag_device_ctx=="jsn1-0362f093-0"}
fpga -file C:/Users/kakkar3/Desktop/Final_Project/sdk/final_proj/_ide/bitstream/mb_usb_hdmi_top.bit
targets -set -nocase -filter {name =~ "*microblaze*#0" && bscan=="USER2" }
loadhw -hw C:/Users/kakkar3/Desktop/Final_Project/sdk/mb_usb_hdmi_top/export/mb_usb_hdmi_top/hw/mb_usb_hdmi_top.xsa -regs
configparams mdm-detect-bscan-mask 2
targets -set -nocase -filter {name =~ "*microblaze*#0" && bscan=="USER2" }
rst -system
after 3000
targets -set -nocase -filter {name =~ "*microblaze*#0" && bscan=="USER2" }
dow C:/Users/kakkar3/Desktop/Final_Project/sdk/final_proj/Debug/final_proj.elf
----------------End of Script----------------

20:49:52 INFO  : Context for processor 'microblaze_0' is selected.
20:49:52 INFO  : 'con' command is executed.
20:49:52 INFO  : ----------------XSDB Script (After Launch)----------------
targets -set -nocase -filter {name =~ "*microblaze*#0" && bscan=="USER2" }
con
----------------End of Script----------------

20:49:52 INFO  : Launch script is exported to file 'C:\Users\kakkar3\Desktop\Final_Project\sdk\final_proj_system\_ide\scripts\debugger_final_proj-default.tcl'
20:51:33 INFO  : Checking for BSP changes to sync application flags for project 'final_proj'...
20:51:39 INFO  : Disconnected from the channel tcfchan#6.
20:51:40 INFO  : Connected to target on host '127.0.0.1' and port '3121'.
20:51:40 INFO  : Jtag cable 'RealDigital Boo 887100000010A' is selected.
20:51:40 INFO  : 'jtag frequency' command is executed.
20:51:40 INFO  : 'targets -set -filter {jtag_cable_name =~ "RealDigital Boo 887100000010A" && level==0 && jtag_device_ctx=="jsn1-0362f093-0"}' command is executed.
20:51:41 INFO  : Device configured successfully with "C:/Users/kakkar3/Desktop/Final_Project/sdk/final_proj/_ide/bitstream/mb_usb_hdmi_top.bit"
20:51:41 INFO  : Context for processor 'microblaze_0' is selected.
20:51:41 INFO  : Hardware design and registers information is loaded from 'C:/Users/kakkar3/Desktop/Final_Project/sdk/mb_usb_hdmi_top/export/mb_usb_hdmi_top/hw/mb_usb_hdmi_top.xsa'.
20:51:41 INFO  : 'configparams mdm-detect-bscan-mask 2' command is executed.
20:51:41 INFO  : Context for processor 'microblaze_0' is selected.
20:51:41 INFO  : System reset is completed.
20:51:44 INFO  : 'after 3000' command is executed.
20:51:44 INFO  : Context for processor 'microblaze_0' is selected.
20:51:45 INFO  : The application 'C:/Users/kakkar3/Desktop/Final_Project/sdk/final_proj/Debug/final_proj.elf' is downloaded to processor 'microblaze_0'.
20:51:45 INFO  : ----------------XSDB Script----------------
connect -url tcp:127.0.0.1:3121
targets -set -filter {jtag_cable_name =~ "RealDigital Boo 887100000010A" && level==0 && jtag_device_ctx=="jsn1-0362f093-0"}
fpga -file C:/Users/kakkar3/Desktop/Final_Project/sdk/final_proj/_ide/bitstream/mb_usb_hdmi_top.bit
targets -set -nocase -filter {name =~ "*microblaze*#0" && bscan=="USER2" }
loadhw -hw C:/Users/kakkar3/Desktop/Final_Project/sdk/mb_usb_hdmi_top/export/mb_usb_hdmi_top/hw/mb_usb_hdmi_top.xsa -regs
configparams mdm-detect-bscan-mask 2
targets -set -nocase -filter {name =~ "*microblaze*#0" && bscan=="USER2" }
rst -system
after 3000
targets -set -nocase -filter {name =~ "*microblaze*#0" && bscan=="USER2" }
dow C:/Users/kakkar3/Desktop/Final_Project/sdk/final_proj/Debug/final_proj.elf
----------------End of Script----------------

20:51:45 INFO  : Context for processor 'microblaze_0' is selected.
20:51:45 INFO  : 'con' command is executed.
20:51:45 INFO  : ----------------XSDB Script (After Launch)----------------
targets -set -nocase -filter {name =~ "*microblaze*#0" && bscan=="USER2" }
con
----------------End of Script----------------

20:51:45 INFO  : Launch script is exported to file 'C:\Users\kakkar3\Desktop\Final_Project\sdk\final_proj_system\_ide\scripts\debugger_final_proj-default.tcl'
21:10:47 INFO  : Checking for BSP changes to sync application flags for project 'final_proj'...
21:10:53 INFO  : Disconnected from the channel tcfchan#7.
21:10:54 INFO  : Connected to target on host '127.0.0.1' and port '3121'.
21:11:03 INFO  : ----------------XSDB Script----------------
connect -url tcp:127.0.0.1:3121
----------------End of Script----------------

21:11:03 ERROR : Could not find FPGA device on the board for connection 'Local'.


Troubleshooting hints:
1. Check whether board is connected to system properly.
2. In case of zynq board, check whether Digilent/Xilinx cable switch settings are correct.
3. If you are using Xilinx Platform Cable USB, ensure that status LED is green.
21:11:06 INFO  : Connected to target on host '127.0.0.1' and port '3121'.
21:11:06 INFO  : Jtag cable 'RealDigital Boo 887100000010A' is selected.
21:11:06 INFO  : 'jtag frequency' command is executed.
21:11:06 INFO  : 'targets -set -filter {jtag_cable_name =~ "RealDigital Boo 887100000010A" && level==0 && jtag_device_ctx=="jsn1-0362f093-0"}' command is executed.
21:11:07 INFO  : Device configured successfully with "C:/Users/kakkar3/Desktop/Final_Project/sdk/final_proj/_ide/bitstream/mb_usb_hdmi_top.bit"
21:11:07 INFO  : Context for processor 'microblaze_0' is selected.
21:11:07 INFO  : Hardware design and registers information is loaded from 'C:/Users/kakkar3/Desktop/Final_Project/sdk/mb_usb_hdmi_top/export/mb_usb_hdmi_top/hw/mb_usb_hdmi_top.xsa'.
21:11:07 INFO  : 'configparams mdm-detect-bscan-mask 2' command is executed.
21:11:07 INFO  : Context for processor 'microblaze_0' is selected.
21:11:07 INFO  : System reset is completed.
21:11:10 INFO  : 'after 3000' command is executed.
21:11:10 INFO  : Context for processor 'microblaze_0' is selected.
21:11:11 INFO  : The application 'C:/Users/kakkar3/Desktop/Final_Project/sdk/final_proj/Debug/final_proj.elf' is downloaded to processor 'microblaze_0'.
21:11:11 INFO  : ----------------XSDB Script----------------
connect -url tcp:127.0.0.1:3121
targets -set -filter {jtag_cable_name =~ "RealDigital Boo 887100000010A" && level==0 && jtag_device_ctx=="jsn1-0362f093-0"}
fpga -file C:/Users/kakkar3/Desktop/Final_Project/sdk/final_proj/_ide/bitstream/mb_usb_hdmi_top.bit
targets -set -nocase -filter {name =~ "*microblaze*#0" && bscan=="USER2" }
loadhw -hw C:/Users/kakkar3/Desktop/Final_Project/sdk/mb_usb_hdmi_top/export/mb_usb_hdmi_top/hw/mb_usb_hdmi_top.xsa -regs
configparams mdm-detect-bscan-mask 2
targets -set -nocase -filter {name =~ "*microblaze*#0" && bscan=="USER2" }
rst -system
after 3000
targets -set -nocase -filter {name =~ "*microblaze*#0" && bscan=="USER2" }
dow C:/Users/kakkar3/Desktop/Final_Project/sdk/final_proj/Debug/final_proj.elf
----------------End of Script----------------

21:11:11 INFO  : Context for processor 'microblaze_0' is selected.
21:11:11 INFO  : 'con' command is executed.
21:11:11 INFO  : ----------------XSDB Script (After Launch)----------------
targets -set -nocase -filter {name =~ "*microblaze*#0" && bscan=="USER2" }
con
----------------End of Script----------------

21:11:11 INFO  : Launch script is exported to file 'C:\Users\kakkar3\Desktop\Final_Project\sdk\final_proj_system\_ide\scripts\debugger_final_proj-default.tcl'
21:13:00 INFO  : Checking for BSP changes to sync application flags for project 'final_proj'...
21:23:02 INFO  : Checking for BSP changes to sync application flags for project 'final_proj'...
21:23:07 INFO  : Disconnected from the channel tcfchan#8.
21:23:08 INFO  : Connected to target on host '127.0.0.1' and port '3121'.
21:23:17 INFO  : ----------------XSDB Script----------------
connect -url tcp:127.0.0.1:3121
----------------End of Script----------------

21:23:17 ERROR : Could not find FPGA device on the board for connection 'Local'.


Troubleshooting hints:
1. Check whether board is connected to system properly.
2. In case of zynq board, check whether Digilent/Xilinx cable switch settings are correct.
3. If you are using Xilinx Platform Cable USB, ensure that status LED is green.
21:23:29 INFO  : Connected to target on host '127.0.0.1' and port '3121'.
21:23:29 INFO  : Jtag cable 'RealDigital Boo 887100000010A' is selected.
21:23:29 INFO  : 'jtag frequency' command is executed.
21:23:29 INFO  : 'targets -set -filter {jtag_cable_name =~ "RealDigital Boo 887100000010A" && level==0 && jtag_device_ctx=="jsn1-0362f093-0"}' command is executed.
21:23:30 INFO  : Device configured successfully with "C:/Users/kakkar3/Desktop/Final_Project/sdk/final_proj/_ide/bitstream/mb_usb_hdmi_top.bit"
21:23:30 INFO  : Context for processor 'microblaze_0' is selected.
21:23:30 INFO  : Hardware design and registers information is loaded from 'C:/Users/kakkar3/Desktop/Final_Project/sdk/mb_usb_hdmi_top/export/mb_usb_hdmi_top/hw/mb_usb_hdmi_top.xsa'.
21:23:30 INFO  : 'configparams mdm-detect-bscan-mask 2' command is executed.
21:23:30 INFO  : Context for processor 'microblaze_0' is selected.
21:23:30 INFO  : System reset is completed.
21:23:33 INFO  : 'after 3000' command is executed.
21:23:33 INFO  : Context for processor 'microblaze_0' is selected.
21:23:33 INFO  : The application 'C:/Users/kakkar3/Desktop/Final_Project/sdk/final_proj/Debug/final_proj.elf' is downloaded to processor 'microblaze_0'.
21:23:33 INFO  : ----------------XSDB Script----------------
connect -url tcp:127.0.0.1:3121
targets -set -filter {jtag_cable_name =~ "RealDigital Boo 887100000010A" && level==0 && jtag_device_ctx=="jsn1-0362f093-0"}
fpga -file C:/Users/kakkar3/Desktop/Final_Project/sdk/final_proj/_ide/bitstream/mb_usb_hdmi_top.bit
targets -set -nocase -filter {name =~ "*microblaze*#0" && bscan=="USER2" }
loadhw -hw C:/Users/kakkar3/Desktop/Final_Project/sdk/mb_usb_hdmi_top/export/mb_usb_hdmi_top/hw/mb_usb_hdmi_top.xsa -regs
configparams mdm-detect-bscan-mask 2
targets -set -nocase -filter {name =~ "*microblaze*#0" && bscan=="USER2" }
rst -system
after 3000
targets -set -nocase -filter {name =~ "*microblaze*#0" && bscan=="USER2" }
dow C:/Users/kakkar3/Desktop/Final_Project/sdk/final_proj/Debug/final_proj.elf
----------------End of Script----------------

21:23:33 INFO  : Context for processor 'microblaze_0' is selected.
21:23:33 INFO  : 'con' command is executed.
21:23:33 INFO  : ----------------XSDB Script (After Launch)----------------
targets -set -nocase -filter {name =~ "*microblaze*#0" && bscan=="USER2" }
con
----------------End of Script----------------

21:23:33 INFO  : Launch script is exported to file 'C:\Users\kakkar3\Desktop\Final_Project\sdk\final_proj_system\_ide\scripts\debugger_final_proj-default.tcl'
21:24:41 INFO  : Checking for BSP changes to sync application flags for project 'final_proj'...
21:24:51 INFO  : Checking for BSP changes to sync application flags for project 'final_proj'...
21:24:56 INFO  : Disconnected from the channel tcfchan#9.
21:24:57 INFO  : Connected to target on host '127.0.0.1' and port '3121'.
21:25:06 INFO  : ----------------XSDB Script----------------
connect -url tcp:127.0.0.1:3121
----------------End of Script----------------

21:25:06 ERROR : Could not find FPGA device on the board for connection 'Local'.


Troubleshooting hints:
1. Check whether board is connected to system properly.
2. In case of zynq board, check whether Digilent/Xilinx cable switch settings are correct.
3. If you are using Xilinx Platform Cable USB, ensure that status LED is green.
21:25:08 INFO  : Connected to target on host '127.0.0.1' and port '3121'.
21:25:08 INFO  : Jtag cable 'RealDigital Boo 887100000010A' is selected.
21:25:08 INFO  : 'jtag frequency' command is executed.
21:25:08 INFO  : 'targets -set -filter {jtag_cable_name =~ "RealDigital Boo 887100000010A" && level==0 && jtag_device_ctx=="jsn1-0362f093-0"}' command is executed.
21:25:10 INFO  : Device configured successfully with "C:/Users/kakkar3/Desktop/Final_Project/sdk/final_proj/_ide/bitstream/mb_usb_hdmi_top.bit"
21:25:10 INFO  : Context for processor 'microblaze_0' is selected.
21:25:10 INFO  : Hardware design and registers information is loaded from 'C:/Users/kakkar3/Desktop/Final_Project/sdk/mb_usb_hdmi_top/export/mb_usb_hdmi_top/hw/mb_usb_hdmi_top.xsa'.
21:25:10 INFO  : 'configparams mdm-detect-bscan-mask 2' command is executed.
21:25:10 INFO  : Context for processor 'microblaze_0' is selected.
21:25:10 INFO  : System reset is completed.
21:25:13 INFO  : 'after 3000' command is executed.
21:25:13 INFO  : Context for processor 'microblaze_0' is selected.
21:25:13 INFO  : The application 'C:/Users/kakkar3/Desktop/Final_Project/sdk/final_proj/Debug/final_proj.elf' is downloaded to processor 'microblaze_0'.
21:25:13 INFO  : ----------------XSDB Script----------------
connect -url tcp:127.0.0.1:3121
targets -set -filter {jtag_cable_name =~ "RealDigital Boo 887100000010A" && level==0 && jtag_device_ctx=="jsn1-0362f093-0"}
fpga -file C:/Users/kakkar3/Desktop/Final_Project/sdk/final_proj/_ide/bitstream/mb_usb_hdmi_top.bit
targets -set -nocase -filter {name =~ "*microblaze*#0" && bscan=="USER2" }
loadhw -hw C:/Users/kakkar3/Desktop/Final_Project/sdk/mb_usb_hdmi_top/export/mb_usb_hdmi_top/hw/mb_usb_hdmi_top.xsa -regs
configparams mdm-detect-bscan-mask 2
targets -set -nocase -filter {name =~ "*microblaze*#0" && bscan=="USER2" }
rst -system
after 3000
targets -set -nocase -filter {name =~ "*microblaze*#0" && bscan=="USER2" }
dow C:/Users/kakkar3/Desktop/Final_Project/sdk/final_proj/Debug/final_proj.elf
----------------End of Script----------------

21:25:13 INFO  : Context for processor 'microblaze_0' is selected.
21:25:13 INFO  : 'con' command is executed.
21:25:13 INFO  : ----------------XSDB Script (After Launch)----------------
targets -set -nocase -filter {name =~ "*microblaze*#0" && bscan=="USER2" }
con
----------------End of Script----------------

21:25:13 INFO  : Launch script is exported to file 'C:\Users\kakkar3\Desktop\Final_Project\sdk\final_proj_system\_ide\scripts\debugger_final_proj-default.tcl'
21:26:31 INFO  : Checking for BSP changes to sync application flags for project 'final_proj'...
21:26:36 INFO  : Disconnected from the channel tcfchan#10.
21:26:38 INFO  : Connected to target on host '127.0.0.1' and port '3121'.
21:26:47 INFO  : ----------------XSDB Script----------------
connect -url tcp:127.0.0.1:3121
----------------End of Script----------------

21:26:47 ERROR : Could not find FPGA device on the board for connection 'Local'.


Troubleshooting hints:
1. Check whether board is connected to system properly.
2. In case of zynq board, check whether Digilent/Xilinx cable switch settings are correct.
3. If you are using Xilinx Platform Cable USB, ensure that status LED is green.
21:26:49 INFO  : Connected to target on host '127.0.0.1' and port '3121'.
21:26:49 INFO  : Jtag cable 'RealDigital Boo 887100000010A' is selected.
21:26:49 INFO  : 'jtag frequency' command is executed.
21:26:49 INFO  : 'targets -set -filter {jtag_cable_name =~ "RealDigital Boo 887100000010A" && level==0 && jtag_device_ctx=="jsn1-0362f093-0"}' command is executed.
21:26:51 INFO  : Device configured successfully with "C:/Users/kakkar3/Desktop/Final_Project/sdk/final_proj/_ide/bitstream/mb_usb_hdmi_top.bit"
21:26:51 INFO  : Context for processor 'microblaze_0' is selected.
21:26:51 INFO  : Hardware design and registers information is loaded from 'C:/Users/kakkar3/Desktop/Final_Project/sdk/mb_usb_hdmi_top/export/mb_usb_hdmi_top/hw/mb_usb_hdmi_top.xsa'.
21:26:51 INFO  : 'configparams mdm-detect-bscan-mask 2' command is executed.
21:26:51 INFO  : Context for processor 'microblaze_0' is selected.
21:26:51 INFO  : System reset is completed.
21:26:54 INFO  : 'after 3000' command is executed.
21:26:54 INFO  : Context for processor 'microblaze_0' is selected.
21:26:54 INFO  : The application 'C:/Users/kakkar3/Desktop/Final_Project/sdk/final_proj/Debug/final_proj.elf' is downloaded to processor 'microblaze_0'.
21:26:54 INFO  : ----------------XSDB Script----------------
connect -url tcp:127.0.0.1:3121
targets -set -filter {jtag_cable_name =~ "RealDigital Boo 887100000010A" && level==0 && jtag_device_ctx=="jsn1-0362f093-0"}
fpga -file C:/Users/kakkar3/Desktop/Final_Project/sdk/final_proj/_ide/bitstream/mb_usb_hdmi_top.bit
targets -set -nocase -filter {name =~ "*microblaze*#0" && bscan=="USER2" }
loadhw -hw C:/Users/kakkar3/Desktop/Final_Project/sdk/mb_usb_hdmi_top/export/mb_usb_hdmi_top/hw/mb_usb_hdmi_top.xsa -regs
configparams mdm-detect-bscan-mask 2
targets -set -nocase -filter {name =~ "*microblaze*#0" && bscan=="USER2" }
rst -system
after 3000
targets -set -nocase -filter {name =~ "*microblaze*#0" && bscan=="USER2" }
dow C:/Users/kakkar3/Desktop/Final_Project/sdk/final_proj/Debug/final_proj.elf
----------------End of Script----------------

21:26:54 INFO  : Context for processor 'microblaze_0' is selected.
21:26:54 INFO  : 'con' command is executed.
21:26:54 INFO  : ----------------XSDB Script (After Launch)----------------
targets -set -nocase -filter {name =~ "*microblaze*#0" && bscan=="USER2" }
con
----------------End of Script----------------

21:26:54 INFO  : Launch script is exported to file 'C:\Users\kakkar3\Desktop\Final_Project\sdk\final_proj_system\_ide\scripts\debugger_final_proj-default.tcl'
21:28:25 INFO  : Checking for BSP changes to sync application flags for project 'final_proj'...
21:33:27 INFO  : Checking for BSP changes to sync application flags for project 'final_proj'...
21:33:34 INFO  : Disconnected from the channel tcfchan#11.
21:33:35 INFO  : Connected to target on host '127.0.0.1' and port '3121'.
21:33:35 INFO  : Jtag cable 'RealDigital Boo 887100000010A' is selected.
21:33:35 INFO  : 'jtag frequency' command is executed.
21:33:35 INFO  : 'targets -set -filter {jtag_cable_name =~ "RealDigital Boo 887100000010A" && level==0 && jtag_device_ctx=="jsn1-0362f093-0"}' command is executed.
21:33:36 INFO  : Device configured successfully with "C:/Users/kakkar3/Desktop/Final_Project/sdk/final_proj/_ide/bitstream/mb_usb_hdmi_top.bit"
21:33:36 INFO  : Context for processor 'microblaze_0' is selected.
21:33:36 INFO  : Hardware design and registers information is loaded from 'C:/Users/kakkar3/Desktop/Final_Project/sdk/mb_usb_hdmi_top/export/mb_usb_hdmi_top/hw/mb_usb_hdmi_top.xsa'.
21:33:36 INFO  : 'configparams mdm-detect-bscan-mask 2' command is executed.
21:33:36 INFO  : Context for processor 'microblaze_0' is selected.
21:33:36 INFO  : System reset is completed.
21:33:39 INFO  : 'after 3000' command is executed.
21:33:39 INFO  : Context for processor 'microblaze_0' is selected.
21:33:40 INFO  : The application 'C:/Users/kakkar3/Desktop/Final_Project/sdk/final_proj/Debug/final_proj.elf' is downloaded to processor 'microblaze_0'.
21:33:40 INFO  : ----------------XSDB Script----------------
connect -url tcp:127.0.0.1:3121
targets -set -filter {jtag_cable_name =~ "RealDigital Boo 887100000010A" && level==0 && jtag_device_ctx=="jsn1-0362f093-0"}
fpga -file C:/Users/kakkar3/Desktop/Final_Project/sdk/final_proj/_ide/bitstream/mb_usb_hdmi_top.bit
targets -set -nocase -filter {name =~ "*microblaze*#0" && bscan=="USER2" }
loadhw -hw C:/Users/kakkar3/Desktop/Final_Project/sdk/mb_usb_hdmi_top/export/mb_usb_hdmi_top/hw/mb_usb_hdmi_top.xsa -regs
configparams mdm-detect-bscan-mask 2
targets -set -nocase -filter {name =~ "*microblaze*#0" && bscan=="USER2" }
rst -system
after 3000
targets -set -nocase -filter {name =~ "*microblaze*#0" && bscan=="USER2" }
dow C:/Users/kakkar3/Desktop/Final_Project/sdk/final_proj/Debug/final_proj.elf
----------------End of Script----------------

21:33:40 INFO  : Context for processor 'microblaze_0' is selected.
21:33:40 INFO  : 'con' command is executed.
21:33:40 INFO  : ----------------XSDB Script (After Launch)----------------
targets -set -nocase -filter {name =~ "*microblaze*#0" && bscan=="USER2" }
con
----------------End of Script----------------

21:33:40 INFO  : Launch script is exported to file 'C:\Users\kakkar3\Desktop\Final_Project\sdk\final_proj_system\_ide\scripts\debugger_final_proj-default.tcl'
21:38:05 INFO  : Disconnected from the channel tcfchan#12.
21:38:06 INFO  : Connected to target on host '127.0.0.1' and port '3121'.
21:38:15 INFO  : ----------------XSDB Script----------------
connect -url tcp:127.0.0.1:3121
----------------End of Script----------------

21:38:15 ERROR : Could not find FPGA device on the board for connection 'Local'.


Troubleshooting hints:
1. Check whether board is connected to system properly.
2. In case of zynq board, check whether Digilent/Xilinx cable switch settings are correct.
3. If you are using Xilinx Platform Cable USB, ensure that status LED is green.
21:41:05 INFO  : Connected to target on host '127.0.0.1' and port '3121'.
21:41:05 INFO  : Jtag cable 'RealDigital Boo 887100000010A' is selected.
21:41:05 INFO  : 'jtag frequency' command is executed.
21:41:05 INFO  : 'targets -set -filter {jtag_cable_name =~ "RealDigital Boo 887100000010A" && level==0 && jtag_device_ctx=="jsn1-0362f093-0"}' command is executed.
21:41:06 INFO  : Device configured successfully with "C:/Users/kakkar3/Desktop/Final_Project/sdk/final_proj/_ide/bitstream/mb_usb_hdmi_top.bit"
21:41:06 INFO  : Context for processor 'microblaze_0' is selected.
21:41:06 INFO  : Hardware design and registers information is loaded from 'C:/Users/kakkar3/Desktop/Final_Project/sdk/mb_usb_hdmi_top/export/mb_usb_hdmi_top/hw/mb_usb_hdmi_top.xsa'.
21:41:06 INFO  : 'configparams mdm-detect-bscan-mask 2' command is executed.
21:41:06 INFO  : Context for processor 'microblaze_0' is selected.
21:41:06 INFO  : System reset is completed.
21:41:09 INFO  : 'after 3000' command is executed.
21:41:09 INFO  : Context for processor 'microblaze_0' is selected.
21:41:09 INFO  : The application 'C:/Users/kakkar3/Desktop/Final_Project/sdk/final_proj/Debug/final_proj.elf' is downloaded to processor 'microblaze_0'.
21:41:09 INFO  : ----------------XSDB Script----------------
connect -url tcp:127.0.0.1:3121
targets -set -filter {jtag_cable_name =~ "RealDigital Boo 887100000010A" && level==0 && jtag_device_ctx=="jsn1-0362f093-0"}
fpga -file C:/Users/kakkar3/Desktop/Final_Project/sdk/final_proj/_ide/bitstream/mb_usb_hdmi_top.bit
targets -set -nocase -filter {name =~ "*microblaze*#0" && bscan=="USER2" }
loadhw -hw C:/Users/kakkar3/Desktop/Final_Project/sdk/mb_usb_hdmi_top/export/mb_usb_hdmi_top/hw/mb_usb_hdmi_top.xsa -regs
configparams mdm-detect-bscan-mask 2
targets -set -nocase -filter {name =~ "*microblaze*#0" && bscan=="USER2" }
rst -system
after 3000
targets -set -nocase -filter {name =~ "*microblaze*#0" && bscan=="USER2" }
dow C:/Users/kakkar3/Desktop/Final_Project/sdk/final_proj/Debug/final_proj.elf
----------------End of Script----------------

21:41:09 INFO  : Context for processor 'microblaze_0' is selected.
21:41:09 INFO  : 'con' command is executed.
21:41:09 INFO  : ----------------XSDB Script (After Launch)----------------
targets -set -nocase -filter {name =~ "*microblaze*#0" && bscan=="USER2" }
con
----------------End of Script----------------

21:41:09 INFO  : Launch script is exported to file 'C:\Users\kakkar3\Desktop\Final_Project\sdk\final_proj_system\_ide\scripts\debugger_final_proj-default.tcl'
22:24:24 INFO  : Hardware specification for platform project 'mb_usb_hdmi_top' is updated.
22:24:51 INFO  : Result from executing command 'getProjects': mb_usb_hdmi_top
22:24:51 INFO  : Result from executing command 'getPlatforms': xilinx_vck190_base_202220_1|C:/Xilinx/Vitis/2022.2/base_platforms/xilinx_vck190_base_202220_1/xilinx_vck190_base_202220_1.xpfm;xilinx_vck190_base_dfx_202220_1|C:/Xilinx/Vitis/2022.2/base_platforms/xilinx_vck190_base_dfx_202220_1/xilinx_vck190_base_dfx_202220_1.xpfm;xilinx_vmk180_base_202220_1|C:/Xilinx/Vitis/2022.2/base_platforms/xilinx_vmk180_base_202220_1/xilinx_vmk180_base_202220_1.xpfm;xilinx_zcu102_base_202220_1|C:/Xilinx/Vitis/2022.2/base_platforms/xilinx_zcu102_base_202220_1/xilinx_zcu102_base_202220_1.xpfm;xilinx_zcu102_base_dfx_202220_1|C:/Xilinx/Vitis/2022.2/base_platforms/xilinx_zcu102_base_dfx_202220_1/xilinx_zcu102_base_dfx_202220_1.xpfm;xilinx_zcu104_base_202220_1|C:/Xilinx/Vitis/2022.2/base_platforms/xilinx_zcu104_base_202220_1/xilinx_zcu104_base_202220_1.xpfm
22:24:52 INFO  : Checking for BSP changes to sync application flags for project 'final_proj'...
22:24:56 INFO  : The hardware specification used by project 'final_proj' is out of sync with the platform. Resource files extracted from the hardware specification will be updated.
22:24:56 INFO  : The file 'C:\Users\kakkar3\Desktop\Final_Project\sdk\final_proj\_ide\bitstream\mb_usb_hdmi_top.bit' stored in project is removed.
22:24:56 INFO  : The file 'C:\Users\kakkar3\Desktop\Final_Project\sdk\final_proj\_ide\bitstream\mb_usb_hdmi_top.mmi' stored in project is removed.
22:24:56 INFO  : The updated bitstream files are copied from platform to folder 'C:\Users\kakkar3\Desktop\Final_Project\sdk\final_proj\_ide\bitstream' in project 'final_proj'.
22:25:02 INFO  : Disconnected from the channel tcfchan#13.
22:25:03 INFO  : Connected to target on host '127.0.0.1' and port '3121'.
22:25:03 INFO  : Jtag cable 'RealDigital Boo 887100000010A' is selected.
22:25:03 INFO  : 'jtag frequency' command is executed.
22:25:03 INFO  : 'targets -set -filter {jtag_cable_name =~ "RealDigital Boo 887100000010A" && level==0 && jtag_device_ctx=="jsn1-0362f093-0"}' command is executed.
22:25:04 INFO  : Device configured successfully with "C:/Users/kakkar3/Desktop/Final_Project/sdk/final_proj/_ide/bitstream/mb_usb_hdmi_top.bit"
22:25:04 INFO  : Context for processor 'microblaze_0' is selected.
22:25:04 INFO  : Hardware design and registers information is loaded from 'C:/Users/kakkar3/Desktop/Final_Project/sdk/mb_usb_hdmi_top/export/mb_usb_hdmi_top/hw/mb_usb_hdmi_top.xsa'.
22:25:04 INFO  : 'configparams mdm-detect-bscan-mask 2' command is executed.
22:25:04 INFO  : Context for processor 'microblaze_0' is selected.
22:25:04 INFO  : System reset is completed.
22:25:07 INFO  : 'after 3000' command is executed.
22:25:07 INFO  : Context for processor 'microblaze_0' is selected.
22:25:07 INFO  : The application 'C:/Users/kakkar3/Desktop/Final_Project/sdk/final_proj/Debug/final_proj.elf' is downloaded to processor 'microblaze_0'.
22:25:07 INFO  : ----------------XSDB Script----------------
connect -url tcp:127.0.0.1:3121
targets -set -filter {jtag_cable_name =~ "RealDigital Boo 887100000010A" && level==0 && jtag_device_ctx=="jsn1-0362f093-0"}
fpga -file C:/Users/kakkar3/Desktop/Final_Project/sdk/final_proj/_ide/bitstream/mb_usb_hdmi_top.bit
targets -set -nocase -filter {name =~ "*microblaze*#0" && bscan=="USER2" }
loadhw -hw C:/Users/kakkar3/Desktop/Final_Project/sdk/mb_usb_hdmi_top/export/mb_usb_hdmi_top/hw/mb_usb_hdmi_top.xsa -regs
configparams mdm-detect-bscan-mask 2
targets -set -nocase -filter {name =~ "*microblaze*#0" && bscan=="USER2" }
rst -system
after 3000
targets -set -nocase -filter {name =~ "*microblaze*#0" && bscan=="USER2" }
dow C:/Users/kakkar3/Desktop/Final_Project/sdk/final_proj/Debug/final_proj.elf
----------------End of Script----------------

22:25:08 INFO  : Context for processor 'microblaze_0' is selected.
22:25:08 INFO  : 'con' command is executed.
22:25:08 INFO  : ----------------XSDB Script (After Launch)----------------
targets -set -nocase -filter {name =~ "*microblaze*#0" && bscan=="USER2" }
con
----------------End of Script----------------

22:25:08 INFO  : Launch script is exported to file 'C:\Users\kakkar3\Desktop\Final_Project\sdk\final_proj_system\_ide\scripts\debugger_final_proj-default.tcl'
22:44:45 INFO  : Hardware specification for platform project 'mb_usb_hdmi_top' is updated.
22:45:05 INFO  : Result from executing command 'getProjects': mb_usb_hdmi_top
22:45:05 INFO  : Result from executing command 'getPlatforms': xilinx_vck190_base_202220_1|C:/Xilinx/Vitis/2022.2/base_platforms/xilinx_vck190_base_202220_1/xilinx_vck190_base_202220_1.xpfm;xilinx_vck190_base_dfx_202220_1|C:/Xilinx/Vitis/2022.2/base_platforms/xilinx_vck190_base_dfx_202220_1/xilinx_vck190_base_dfx_202220_1.xpfm;xilinx_vmk180_base_202220_1|C:/Xilinx/Vitis/2022.2/base_platforms/xilinx_vmk180_base_202220_1/xilinx_vmk180_base_202220_1.xpfm;xilinx_zcu102_base_202220_1|C:/Xilinx/Vitis/2022.2/base_platforms/xilinx_zcu102_base_202220_1/xilinx_zcu102_base_202220_1.xpfm;xilinx_zcu102_base_dfx_202220_1|C:/Xilinx/Vitis/2022.2/base_platforms/xilinx_zcu102_base_dfx_202220_1/xilinx_zcu102_base_dfx_202220_1.xpfm;xilinx_zcu104_base_202220_1|C:/Xilinx/Vitis/2022.2/base_platforms/xilinx_zcu104_base_202220_1/xilinx_zcu104_base_202220_1.xpfm
22:45:06 INFO  : Checking for BSP changes to sync application flags for project 'final_proj'...
22:45:10 INFO  : The hardware specification used by project 'final_proj' is out of sync with the platform. Resource files extracted from the hardware specification will be updated.
22:45:10 INFO  : The file 'C:\Users\kakkar3\Desktop\Final_Project\sdk\final_proj\_ide\bitstream\mb_usb_hdmi_top.bit' stored in project is removed.
22:45:10 INFO  : The file 'C:\Users\kakkar3\Desktop\Final_Project\sdk\final_proj\_ide\bitstream\mb_usb_hdmi_top.mmi' stored in project is removed.
22:45:10 INFO  : The updated bitstream files are copied from platform to folder 'C:\Users\kakkar3\Desktop\Final_Project\sdk\final_proj\_ide\bitstream' in project 'final_proj'.
22:45:15 INFO  : Disconnected from the channel tcfchan#15.
22:45:16 INFO  : Connected to target on host '127.0.0.1' and port '3121'.
22:45:25 INFO  : ----------------XSDB Script----------------
connect -url tcp:127.0.0.1:3121
----------------End of Script----------------

22:45:25 ERROR : Could not find FPGA device on the board for connection 'Local'.


Troubleshooting hints:
1. Check whether board is connected to system properly.
2. In case of zynq board, check whether Digilent/Xilinx cable switch settings are correct.
3. If you are using Xilinx Platform Cable USB, ensure that status LED is green.
22:46:11 INFO  : Connected to target on host '127.0.0.1' and port '3121'.
22:46:11 INFO  : Jtag cable 'RealDigital Boo 887100000010A' is selected.
22:46:11 INFO  : 'jtag frequency' command is executed.
22:46:11 INFO  : 'targets -set -filter {jtag_cable_name =~ "RealDigital Boo 887100000010A" && level==0 && jtag_device_ctx=="jsn1-0362f093-0"}' command is executed.
22:46:13 INFO  : Device configured successfully with "C:/Users/kakkar3/Desktop/Final_Project/sdk/final_proj/_ide/bitstream/mb_usb_hdmi_top.bit"
22:46:13 INFO  : Context for processor 'microblaze_0' is selected.
22:46:13 INFO  : Hardware design and registers information is loaded from 'C:/Users/kakkar3/Desktop/Final_Project/sdk/mb_usb_hdmi_top/export/mb_usb_hdmi_top/hw/mb_usb_hdmi_top.xsa'.
22:46:13 INFO  : 'configparams mdm-detect-bscan-mask 2' command is executed.
22:46:13 INFO  : Context for processor 'microblaze_0' is selected.
22:46:13 INFO  : System reset is completed.
22:46:16 INFO  : 'after 3000' command is executed.
22:46:16 INFO  : Context for processor 'microblaze_0' is selected.
22:46:16 INFO  : The application 'C:/Users/kakkar3/Desktop/Final_Project/sdk/final_proj/Debug/final_proj.elf' is downloaded to processor 'microblaze_0'.
22:46:16 INFO  : ----------------XSDB Script----------------
connect -url tcp:127.0.0.1:3121
targets -set -filter {jtag_cable_name =~ "RealDigital Boo 887100000010A" && level==0 && jtag_device_ctx=="jsn1-0362f093-0"}
fpga -file C:/Users/kakkar3/Desktop/Final_Project/sdk/final_proj/_ide/bitstream/mb_usb_hdmi_top.bit
targets -set -nocase -filter {name =~ "*microblaze*#0" && bscan=="USER2" }
loadhw -hw C:/Users/kakkar3/Desktop/Final_Project/sdk/mb_usb_hdmi_top/export/mb_usb_hdmi_top/hw/mb_usb_hdmi_top.xsa -regs
configparams mdm-detect-bscan-mask 2
targets -set -nocase -filter {name =~ "*microblaze*#0" && bscan=="USER2" }
rst -system
after 3000
targets -set -nocase -filter {name =~ "*microblaze*#0" && bscan=="USER2" }
dow C:/Users/kakkar3/Desktop/Final_Project/sdk/final_proj/Debug/final_proj.elf
----------------End of Script----------------

22:46:16 INFO  : Context for processor 'microblaze_0' is selected.
22:46:16 INFO  : 'con' command is executed.
22:46:16 INFO  : ----------------XSDB Script (After Launch)----------------
targets -set -nocase -filter {name =~ "*microblaze*#0" && bscan=="USER2" }
con
----------------End of Script----------------

22:46:16 INFO  : Launch script is exported to file 'C:\Users\kakkar3\Desktop\Final_Project\sdk\final_proj_system\_ide\scripts\debugger_final_proj-default.tcl'
23:06:38 INFO  : Hardware specification for platform project 'mb_usb_hdmi_top' is updated.
23:07:05 INFO  : Hardware specification for platform project 'mb_usb_hdmi_top' is updated.
23:07:24 INFO  : Result from executing command 'getProjects': mb_usb_hdmi_top
23:07:24 INFO  : Result from executing command 'getPlatforms': xilinx_vck190_base_202220_1|C:/Xilinx/Vitis/2022.2/base_platforms/xilinx_vck190_base_202220_1/xilinx_vck190_base_202220_1.xpfm;xilinx_vck190_base_dfx_202220_1|C:/Xilinx/Vitis/2022.2/base_platforms/xilinx_vck190_base_dfx_202220_1/xilinx_vck190_base_dfx_202220_1.xpfm;xilinx_vmk180_base_202220_1|C:/Xilinx/Vitis/2022.2/base_platforms/xilinx_vmk180_base_202220_1/xilinx_vmk180_base_202220_1.xpfm;xilinx_zcu102_base_202220_1|C:/Xilinx/Vitis/2022.2/base_platforms/xilinx_zcu102_base_202220_1/xilinx_zcu102_base_202220_1.xpfm;xilinx_zcu102_base_dfx_202220_1|C:/Xilinx/Vitis/2022.2/base_platforms/xilinx_zcu102_base_dfx_202220_1/xilinx_zcu102_base_dfx_202220_1.xpfm;xilinx_zcu104_base_202220_1|C:/Xilinx/Vitis/2022.2/base_platforms/xilinx_zcu104_base_202220_1/xilinx_zcu104_base_202220_1.xpfm
23:07:25 INFO  : Checking for BSP changes to sync application flags for project 'final_proj'...
23:07:28 INFO  : The hardware specification used by project 'final_proj' is out of sync with the platform. Resource files extracted from the hardware specification will be updated.
23:07:28 INFO  : The file 'C:\Users\kakkar3\Desktop\Final_Project\sdk\final_proj\_ide\bitstream\mb_usb_hdmi_top.bit' stored in project is removed.
23:07:28 INFO  : The file 'C:\Users\kakkar3\Desktop\Final_Project\sdk\final_proj\_ide\bitstream\mb_usb_hdmi_top.mmi' stored in project is removed.
23:07:28 INFO  : The updated bitstream files are copied from platform to folder 'C:\Users\kakkar3\Desktop\Final_Project\sdk\final_proj\_ide\bitstream' in project 'final_proj'.
23:07:33 INFO  : Disconnected from the channel tcfchan#17.
23:07:34 INFO  : Connected to target on host '127.0.0.1' and port '3121'.
23:07:43 INFO  : ----------------XSDB Script----------------
connect -url tcp:127.0.0.1:3121
----------------End of Script----------------

23:07:43 ERROR : Could not find FPGA device on the board for connection 'Local'.


Troubleshooting hints:
1. Check whether board is connected to system properly.
2. In case of zynq board, check whether Digilent/Xilinx cable switch settings are correct.
3. If you are using Xilinx Platform Cable USB, ensure that status LED is green.
23:07:46 INFO  : Connected to target on host '127.0.0.1' and port '3121'.
23:07:46 INFO  : Jtag cable 'RealDigital Boo 887100000010A' is selected.
23:07:46 INFO  : 'jtag frequency' command is executed.
23:07:46 INFO  : 'targets -set -filter {jtag_cable_name =~ "RealDigital Boo 887100000010A" && level==0 && jtag_device_ctx=="jsn1-0362f093-0"}' command is executed.
23:07:47 INFO  : Device configured successfully with "C:/Users/kakkar3/Desktop/Final_Project/sdk/final_proj/_ide/bitstream/mb_usb_hdmi_top.bit"
23:07:47 INFO  : Context for processor 'microblaze_0' is selected.
23:07:47 INFO  : Hardware design and registers information is loaded from 'C:/Users/kakkar3/Desktop/Final_Project/sdk/mb_usb_hdmi_top/export/mb_usb_hdmi_top/hw/mb_usb_hdmi_top.xsa'.
23:07:47 INFO  : 'configparams mdm-detect-bscan-mask 2' command is executed.
23:07:47 INFO  : Context for processor 'microblaze_0' is selected.
23:07:47 INFO  : System reset is completed.
23:07:51 INFO  : 'after 3000' command is executed.
23:07:51 INFO  : Context for processor 'microblaze_0' is selected.
23:07:51 INFO  : The application 'C:/Users/kakkar3/Desktop/Final_Project/sdk/final_proj/Debug/final_proj.elf' is downloaded to processor 'microblaze_0'.
23:07:51 INFO  : ----------------XSDB Script----------------
connect -url tcp:127.0.0.1:3121
targets -set -filter {jtag_cable_name =~ "RealDigital Boo 887100000010A" && level==0 && jtag_device_ctx=="jsn1-0362f093-0"}
fpga -file C:/Users/kakkar3/Desktop/Final_Project/sdk/final_proj/_ide/bitstream/mb_usb_hdmi_top.bit
targets -set -nocase -filter {name =~ "*microblaze*#0" && bscan=="USER2" }
loadhw -hw C:/Users/kakkar3/Desktop/Final_Project/sdk/mb_usb_hdmi_top/export/mb_usb_hdmi_top/hw/mb_usb_hdmi_top.xsa -regs
configparams mdm-detect-bscan-mask 2
targets -set -nocase -filter {name =~ "*microblaze*#0" && bscan=="USER2" }
rst -system
after 3000
targets -set -nocase -filter {name =~ "*microblaze*#0" && bscan=="USER2" }
dow C:/Users/kakkar3/Desktop/Final_Project/sdk/final_proj/Debug/final_proj.elf
----------------End of Script----------------

23:07:51 INFO  : Context for processor 'microblaze_0' is selected.
23:07:51 INFO  : 'con' command is executed.
23:07:51 INFO  : ----------------XSDB Script (After Launch)----------------
targets -set -nocase -filter {name =~ "*microblaze*#0" && bscan=="USER2" }
con
----------------End of Script----------------

23:07:51 INFO  : Launch script is exported to file 'C:\Users\kakkar3\Desktop\Final_Project\sdk\final_proj_system\_ide\scripts\debugger_final_proj-default.tcl'
23:08:53 INFO  : Checking for BSP changes to sync application flags for project 'final_proj'...
23:08:58 INFO  : Disconnected from the channel tcfchan#19.
23:08:59 INFO  : Connected to target on host '127.0.0.1' and port '3121'.
23:09:08 INFO  : ----------------XSDB Script----------------
connect -url tcp:127.0.0.1:3121
----------------End of Script----------------

23:09:08 ERROR : Could not find FPGA device on the board for connection 'Local'.


Troubleshooting hints:
1. Check whether board is connected to system properly.
2. In case of zynq board, check whether Digilent/Xilinx cable switch settings are correct.
3. If you are using Xilinx Platform Cable USB, ensure that status LED is green.
23:09:11 INFO  : Checking for BSP changes to sync application flags for project 'final_proj'...
23:09:14 INFO  : Connected to target on host '127.0.0.1' and port '3121'.
23:09:14 INFO  : Jtag cable 'RealDigital Boo 887100000010A' is selected.
23:09:14 INFO  : 'jtag frequency' command is executed.
23:09:14 INFO  : 'targets -set -filter {jtag_cable_name =~ "RealDigital Boo 887100000010A" && level==0 && jtag_device_ctx=="jsn1-0362f093-0"}' command is executed.
23:09:15 INFO  : Device configured successfully with "C:/Users/kakkar3/Desktop/Final_Project/sdk/final_proj/_ide/bitstream/mb_usb_hdmi_top.bit"
23:09:16 INFO  : Context for processor 'microblaze_0' is selected.
23:09:16 INFO  : Hardware design and registers information is loaded from 'C:/Users/kakkar3/Desktop/Final_Project/sdk/mb_usb_hdmi_top/export/mb_usb_hdmi_top/hw/mb_usb_hdmi_top.xsa'.
23:09:16 INFO  : 'configparams mdm-detect-bscan-mask 2' command is executed.
23:09:16 INFO  : Context for processor 'microblaze_0' is selected.
23:09:16 INFO  : System reset is completed.
23:09:19 INFO  : 'after 3000' command is executed.
23:09:19 INFO  : Context for processor 'microblaze_0' is selected.
23:09:19 INFO  : The application 'C:/Users/kakkar3/Desktop/Final_Project/sdk/final_proj/Debug/final_proj.elf' is downloaded to processor 'microblaze_0'.
23:09:19 INFO  : ----------------XSDB Script----------------
connect -url tcp:127.0.0.1:3121
targets -set -filter {jtag_cable_name =~ "RealDigital Boo 887100000010A" && level==0 && jtag_device_ctx=="jsn1-0362f093-0"}
fpga -file C:/Users/kakkar3/Desktop/Final_Project/sdk/final_proj/_ide/bitstream/mb_usb_hdmi_top.bit
targets -set -nocase -filter {name =~ "*microblaze*#0" && bscan=="USER2" }
loadhw -hw C:/Users/kakkar3/Desktop/Final_Project/sdk/mb_usb_hdmi_top/export/mb_usb_hdmi_top/hw/mb_usb_hdmi_top.xsa -regs
configparams mdm-detect-bscan-mask 2
targets -set -nocase -filter {name =~ "*microblaze*#0" && bscan=="USER2" }
rst -system
after 3000
targets -set -nocase -filter {name =~ "*microblaze*#0" && bscan=="USER2" }
dow C:/Users/kakkar3/Desktop/Final_Project/sdk/final_proj/Debug/final_proj.elf
----------------End of Script----------------

23:09:19 INFO  : Context for processor 'microblaze_0' is selected.
23:09:19 INFO  : 'con' command is executed.
23:09:19 INFO  : ----------------XSDB Script (After Launch)----------------
targets -set -nocase -filter {name =~ "*microblaze*#0" && bscan=="USER2" }
con
----------------End of Script----------------

23:09:19 INFO  : Launch script is exported to file 'C:\Users\kakkar3\Desktop\Final_Project\sdk\final_proj_system\_ide\scripts\debugger_final_proj-default.tcl'
23:59:08 INFO  : Hardware specification for platform project 'mb_usb_hdmi_top' is updated.
23:59:30 INFO  : Result from executing command 'getProjects': mb_usb_hdmi_top
23:59:30 INFO  : Result from executing command 'getPlatforms': xilinx_vck190_base_202220_1|C:/Xilinx/Vitis/2022.2/base_platforms/xilinx_vck190_base_202220_1/xilinx_vck190_base_202220_1.xpfm;xilinx_vck190_base_dfx_202220_1|C:/Xilinx/Vitis/2022.2/base_platforms/xilinx_vck190_base_dfx_202220_1/xilinx_vck190_base_dfx_202220_1.xpfm;xilinx_vmk180_base_202220_1|C:/Xilinx/Vitis/2022.2/base_platforms/xilinx_vmk180_base_202220_1/xilinx_vmk180_base_202220_1.xpfm;xilinx_zcu102_base_202220_1|C:/Xilinx/Vitis/2022.2/base_platforms/xilinx_zcu102_base_202220_1/xilinx_zcu102_base_202220_1.xpfm;xilinx_zcu102_base_dfx_202220_1|C:/Xilinx/Vitis/2022.2/base_platforms/xilinx_zcu102_base_dfx_202220_1/xilinx_zcu102_base_dfx_202220_1.xpfm;xilinx_zcu104_base_202220_1|C:/Xilinx/Vitis/2022.2/base_platforms/xilinx_zcu104_base_202220_1/xilinx_zcu104_base_202220_1.xpfm
23:59:31 INFO  : Checking for BSP changes to sync application flags for project 'final_proj'...
23:59:35 INFO  : The hardware specification used by project 'final_proj' is out of sync with the platform. Resource files extracted from the hardware specification will be updated.
23:59:35 INFO  : The file 'C:\Users\kakkar3\Desktop\Final_Project\sdk\final_proj\_ide\bitstream\mb_usb_hdmi_top.bit' stored in project is removed.
23:59:35 INFO  : The file 'C:\Users\kakkar3\Desktop\Final_Project\sdk\final_proj\_ide\bitstream\mb_usb_hdmi_top.mmi' stored in project is removed.
23:59:35 INFO  : The updated bitstream files are copied from platform to folder 'C:\Users\kakkar3\Desktop\Final_Project\sdk\final_proj\_ide\bitstream' in project 'final_proj'.
23:59:43 INFO  : Disconnected from the channel tcfchan#20.
23:59:44 INFO  : Connected to target on host '127.0.0.1' and port '3121'.
23:59:44 INFO  : Jtag cable 'RealDigital Boo 887100000010A' is selected.
23:59:44 INFO  : 'jtag frequency' command is executed.
23:59:44 INFO  : 'targets -set -filter {jtag_cable_name =~ "RealDigital Boo 887100000010A" && level==0 && jtag_device_ctx=="jsn1-0362f093-0"}' command is executed.
23:59:45 INFO  : Device configured successfully with "C:/Users/kakkar3/Desktop/Final_Project/sdk/final_proj/_ide/bitstream/mb_usb_hdmi_top.bit"
23:59:45 INFO  : Context for processor 'microblaze_0' is selected.
23:59:45 INFO  : Hardware design and registers information is loaded from 'C:/Users/kakkar3/Desktop/Final_Project/sdk/mb_usb_hdmi_top/export/mb_usb_hdmi_top/hw/mb_usb_hdmi_top.xsa'.
23:59:45 INFO  : 'configparams mdm-detect-bscan-mask 2' command is executed.
23:59:45 INFO  : Context for processor 'microblaze_0' is selected.
23:59:45 INFO  : System reset is completed.
23:59:48 INFO  : 'after 3000' command is executed.
23:59:48 INFO  : Context for processor 'microblaze_0' is selected.
23:59:49 INFO  : The application 'C:/Users/kakkar3/Desktop/Final_Project/sdk/final_proj/Debug/final_proj.elf' is downloaded to processor 'microblaze_0'.
23:59:49 INFO  : ----------------XSDB Script----------------
connect -url tcp:127.0.0.1:3121
targets -set -filter {jtag_cable_name =~ "RealDigital Boo 887100000010A" && level==0 && jtag_device_ctx=="jsn1-0362f093-0"}
fpga -file C:/Users/kakkar3/Desktop/Final_Project/sdk/final_proj/_ide/bitstream/mb_usb_hdmi_top.bit
targets -set -nocase -filter {name =~ "*microblaze*#0" && bscan=="USER2" }
loadhw -hw C:/Users/kakkar3/Desktop/Final_Project/sdk/mb_usb_hdmi_top/export/mb_usb_hdmi_top/hw/mb_usb_hdmi_top.xsa -regs
configparams mdm-detect-bscan-mask 2
targets -set -nocase -filter {name =~ "*microblaze*#0" && bscan=="USER2" }
rst -system
after 3000
targets -set -nocase -filter {name =~ "*microblaze*#0" && bscan=="USER2" }
dow C:/Users/kakkar3/Desktop/Final_Project/sdk/final_proj/Debug/final_proj.elf
----------------End of Script----------------

23:59:49 INFO  : Context for processor 'microblaze_0' is selected.
23:59:49 INFO  : 'con' command is executed.
23:59:49 INFO  : ----------------XSDB Script (After Launch)----------------
targets -set -nocase -filter {name =~ "*microblaze*#0" && bscan=="USER2" }
con
----------------End of Script----------------

23:59:49 INFO  : Launch script is exported to file 'C:\Users\kakkar3\Desktop\Final_Project\sdk\final_proj_system\_ide\scripts\debugger_final_proj-default.tcl'
00:09:44 INFO  : Checking for BSP changes to sync application flags for project 'final_proj'...
00:09:52 INFO  : Disconnected from the channel tcfchan#22.
00:09:53 INFO  : Connected to target on host '127.0.0.1' and port '3121'.
00:10:02 INFO  : ----------------XSDB Script----------------
connect -url tcp:127.0.0.1:3121
----------------End of Script----------------

00:10:02 ERROR : Could not find FPGA device on the board for connection 'Local'.


Troubleshooting hints:
1. Check whether board is connected to system properly.
2. In case of zynq board, check whether Digilent/Xilinx cable switch settings are correct.
3. If you are using Xilinx Platform Cable USB, ensure that status LED is green.
00:10:05 INFO  : Connected to target on host '127.0.0.1' and port '3121'.
00:10:05 INFO  : Jtag cable 'RealDigital Boo 887100000010A' is selected.
00:10:05 INFO  : 'jtag frequency' command is executed.
00:10:05 INFO  : 'targets -set -filter {jtag_cable_name =~ "RealDigital Boo 887100000010A" && level==0 && jtag_device_ctx=="jsn1-0362f093-0"}' command is executed.
00:10:06 INFO  : Device configured successfully with "C:/Users/kakkar3/Desktop/Final_Project/sdk/final_proj/_ide/bitstream/mb_usb_hdmi_top.bit"
00:10:06 INFO  : Context for processor 'microblaze_0' is selected.
00:10:06 INFO  : Hardware design and registers information is loaded from 'C:/Users/kakkar3/Desktop/Final_Project/sdk/mb_usb_hdmi_top/export/mb_usb_hdmi_top/hw/mb_usb_hdmi_top.xsa'.
00:10:06 INFO  : 'configparams mdm-detect-bscan-mask 2' command is executed.
00:10:06 INFO  : Context for processor 'microblaze_0' is selected.
00:10:06 INFO  : System reset is completed.
00:10:10 INFO  : 'after 3000' command is executed.
00:10:10 INFO  : Context for processor 'microblaze_0' is selected.
00:10:10 INFO  : The application 'C:/Users/kakkar3/Desktop/Final_Project/sdk/final_proj/Debug/final_proj.elf' is downloaded to processor 'microblaze_0'.
00:10:10 INFO  : ----------------XSDB Script----------------
connect -url tcp:127.0.0.1:3121
targets -set -filter {jtag_cable_name =~ "RealDigital Boo 887100000010A" && level==0 && jtag_device_ctx=="jsn1-0362f093-0"}
fpga -file C:/Users/kakkar3/Desktop/Final_Project/sdk/final_proj/_ide/bitstream/mb_usb_hdmi_top.bit
targets -set -nocase -filter {name =~ "*microblaze*#0" && bscan=="USER2" }
loadhw -hw C:/Users/kakkar3/Desktop/Final_Project/sdk/mb_usb_hdmi_top/export/mb_usb_hdmi_top/hw/mb_usb_hdmi_top.xsa -regs
configparams mdm-detect-bscan-mask 2
targets -set -nocase -filter {name =~ "*microblaze*#0" && bscan=="USER2" }
rst -system
after 3000
targets -set -nocase -filter {name =~ "*microblaze*#0" && bscan=="USER2" }
dow C:/Users/kakkar3/Desktop/Final_Project/sdk/final_proj/Debug/final_proj.elf
----------------End of Script----------------

00:10:10 INFO  : Context for processor 'microblaze_0' is selected.
00:10:10 INFO  : 'con' command is executed.
00:10:10 INFO  : ----------------XSDB Script (After Launch)----------------
targets -set -nocase -filter {name =~ "*microblaze*#0" && bscan=="USER2" }
con
----------------End of Script----------------

00:10:10 INFO  : Launch script is exported to file 'C:\Users\kakkar3\Desktop\Final_Project\sdk\final_proj_system\_ide\scripts\debugger_final_proj-default.tcl'
00:13:26 INFO  : Checking for BSP changes to sync application flags for project 'final_proj'...
00:13:30 INFO  : Disconnected from the channel tcfchan#23.
00:13:31 INFO  : Connected to target on host '127.0.0.1' and port '3121'.
00:13:31 INFO  : Jtag cable 'RealDigital Boo 887100000010A' is selected.
00:13:31 INFO  : 'jtag frequency' command is executed.
00:13:31 INFO  : 'targets -set -filter {jtag_cable_name =~ "RealDigital Boo 887100000010A" && level==0 && jtag_device_ctx=="jsn1-0362f093-0"}' command is executed.
00:13:33 INFO  : Device configured successfully with "C:/Users/kakkar3/Desktop/Final_Project/sdk/final_proj/_ide/bitstream/mb_usb_hdmi_top.bit"
00:13:33 INFO  : Context for processor 'microblaze_0' is selected.
00:13:33 INFO  : Hardware design and registers information is loaded from 'C:/Users/kakkar3/Desktop/Final_Project/sdk/mb_usb_hdmi_top/export/mb_usb_hdmi_top/hw/mb_usb_hdmi_top.xsa'.
00:13:33 INFO  : 'configparams mdm-detect-bscan-mask 2' command is executed.
00:13:33 INFO  : Context for processor 'microblaze_0' is selected.
00:13:33 INFO  : System reset is completed.
00:13:36 INFO  : 'after 3000' command is executed.
00:13:36 INFO  : Context for processor 'microblaze_0' is selected.
00:13:36 INFO  : The application 'C:/Users/kakkar3/Desktop/Final_Project/sdk/final_proj/Debug/final_proj.elf' is downloaded to processor 'microblaze_0'.
00:13:36 INFO  : ----------------XSDB Script----------------
connect -url tcp:127.0.0.1:3121
targets -set -filter {jtag_cable_name =~ "RealDigital Boo 887100000010A" && level==0 && jtag_device_ctx=="jsn1-0362f093-0"}
fpga -file C:/Users/kakkar3/Desktop/Final_Project/sdk/final_proj/_ide/bitstream/mb_usb_hdmi_top.bit
targets -set -nocase -filter {name =~ "*microblaze*#0" && bscan=="USER2" }
loadhw -hw C:/Users/kakkar3/Desktop/Final_Project/sdk/mb_usb_hdmi_top/export/mb_usb_hdmi_top/hw/mb_usb_hdmi_top.xsa -regs
configparams mdm-detect-bscan-mask 2
targets -set -nocase -filter {name =~ "*microblaze*#0" && bscan=="USER2" }
rst -system
after 3000
targets -set -nocase -filter {name =~ "*microblaze*#0" && bscan=="USER2" }
dow C:/Users/kakkar3/Desktop/Final_Project/sdk/final_proj/Debug/final_proj.elf
----------------End of Script----------------

00:13:36 INFO  : Context for processor 'microblaze_0' is selected.
00:13:36 INFO  : 'con' command is executed.
00:13:36 INFO  : ----------------XSDB Script (After Launch)----------------
targets -set -nocase -filter {name =~ "*microblaze*#0" && bscan=="USER2" }
con
----------------End of Script----------------

00:13:36 INFO  : Launch script is exported to file 'C:\Users\kakkar3\Desktop\Final_Project\sdk\final_proj_system\_ide\scripts\debugger_final_proj-default.tcl'
00:14:30 INFO  : Checking for BSP changes to sync application flags for project 'final_proj'...
00:14:53 INFO  : Disconnected from the channel tcfchan#24.
00:14:54 INFO  : Connected to target on host '127.0.0.1' and port '3121'.
00:15:03 INFO  : ----------------XSDB Script----------------
connect -url tcp:127.0.0.1:3121
----------------End of Script----------------

00:15:03 ERROR : Could not find FPGA device on the board for connection 'Local'.


Troubleshooting hints:
1. Check whether board is connected to system properly.
2. In case of zynq board, check whether Digilent/Xilinx cable switch settings are correct.
3. If you are using Xilinx Platform Cable USB, ensure that status LED is green.
00:15:03 INFO  : Connected to target on host '127.0.0.1' and port '3121'.
00:15:03 INFO  : Jtag cable 'RealDigital Boo 887100000010A' is selected.
00:15:03 INFO  : 'jtag frequency' command is executed.
00:15:03 INFO  : 'targets -set -filter {jtag_cable_name =~ "RealDigital Boo 887100000010A" && level==0 && jtag_device_ctx=="jsn1-0362f093-0"}' command is executed.
00:15:04 INFO  : Device configured successfully with "C:/Users/kakkar3/Desktop/Final_Project/sdk/final_proj/_ide/bitstream/mb_usb_hdmi_top.bit"
00:15:04 INFO  : Context for processor 'microblaze_0' is selected.
00:15:04 INFO  : Hardware design and registers information is loaded from 'C:/Users/kakkar3/Desktop/Final_Project/sdk/mb_usb_hdmi_top/export/mb_usb_hdmi_top/hw/mb_usb_hdmi_top.xsa'.
00:15:04 INFO  : 'configparams mdm-detect-bscan-mask 2' command is executed.
00:15:04 INFO  : Context for processor 'microblaze_0' is selected.
00:15:04 INFO  : System reset is completed.
00:15:07 INFO  : 'after 3000' command is executed.
00:15:07 INFO  : Context for processor 'microblaze_0' is selected.
00:15:08 INFO  : The application 'C:/Users/kakkar3/Desktop/Final_Project/sdk/final_proj/Debug/final_proj.elf' is downloaded to processor 'microblaze_0'.
00:15:08 INFO  : ----------------XSDB Script----------------
connect -url tcp:127.0.0.1:3121
targets -set -filter {jtag_cable_name =~ "RealDigital Boo 887100000010A" && level==0 && jtag_device_ctx=="jsn1-0362f093-0"}
fpga -file C:/Users/kakkar3/Desktop/Final_Project/sdk/final_proj/_ide/bitstream/mb_usb_hdmi_top.bit
targets -set -nocase -filter {name =~ "*microblaze*#0" && bscan=="USER2" }
loadhw -hw C:/Users/kakkar3/Desktop/Final_Project/sdk/mb_usb_hdmi_top/export/mb_usb_hdmi_top/hw/mb_usb_hdmi_top.xsa -regs
configparams mdm-detect-bscan-mask 2
targets -set -nocase -filter {name =~ "*microblaze*#0" && bscan=="USER2" }
rst -system
after 3000
targets -set -nocase -filter {name =~ "*microblaze*#0" && bscan=="USER2" }
dow C:/Users/kakkar3/Desktop/Final_Project/sdk/final_proj/Debug/final_proj.elf
----------------End of Script----------------

00:15:08 INFO  : Context for processor 'microblaze_0' is selected.
00:15:08 INFO  : 'con' command is executed.
00:15:08 INFO  : ----------------XSDB Script (After Launch)----------------
targets -set -nocase -filter {name =~ "*microblaze*#0" && bscan=="USER2" }
con
----------------End of Script----------------

00:15:08 INFO  : Launch script is exported to file 'C:\Users\kakkar3\Desktop\Final_Project\sdk\final_proj_system\_ide\scripts\debugger_final_proj-default.tcl'
00:17:03 INFO  : Checking for BSP changes to sync application flags for project 'final_proj'...
00:17:36 INFO  : Checking for BSP changes to sync application flags for project 'final_proj'...
00:18:07 INFO  : Disconnected from the channel tcfchan#25.
00:18:08 INFO  : Connected to target on host '127.0.0.1' and port '3121'.
00:18:17 INFO  : ----------------XSDB Script----------------
connect -url tcp:127.0.0.1:3121
----------------End of Script----------------

00:18:17 ERROR : Could not find FPGA device on the board for connection 'Local'.


Troubleshooting hints:
1. Check whether board is connected to system properly.
2. In case of zynq board, check whether Digilent/Xilinx cable switch settings are correct.
3. If you are using Xilinx Platform Cable USB, ensure that status LED is green.
00:18:20 INFO  : Connected to target on host '127.0.0.1' and port '3121'.
00:18:20 INFO  : Jtag cable 'RealDigital Boo 887100000010A' is selected.
00:18:20 INFO  : 'jtag frequency' command is executed.
00:18:21 INFO  : 'targets -set -filter {jtag_cable_name =~ "RealDigital Boo 887100000010A" && level==0 && jtag_device_ctx=="jsn1-0362f093-0"}' command is executed.
00:18:22 INFO  : Device configured successfully with "C:/Users/kakkar3/Desktop/Final_Project/sdk/final_proj/_ide/bitstream/mb_usb_hdmi_top.bit"
00:18:22 INFO  : Context for processor 'microblaze_0' is selected.
00:18:22 INFO  : Hardware design and registers information is loaded from 'C:/Users/kakkar3/Desktop/Final_Project/sdk/mb_usb_hdmi_top/export/mb_usb_hdmi_top/hw/mb_usb_hdmi_top.xsa'.
00:18:22 INFO  : 'configparams mdm-detect-bscan-mask 2' command is executed.
00:18:22 INFO  : Context for processor 'microblaze_0' is selected.
00:18:22 INFO  : System reset is completed.
00:18:25 INFO  : 'after 3000' command is executed.
00:18:25 INFO  : Context for processor 'microblaze_0' is selected.
00:18:25 INFO  : The application 'C:/Users/kakkar3/Desktop/Final_Project/sdk/final_proj/Debug/final_proj.elf' is downloaded to processor 'microblaze_0'.
00:18:25 INFO  : ----------------XSDB Script----------------
connect -url tcp:127.0.0.1:3121
targets -set -filter {jtag_cable_name =~ "RealDigital Boo 887100000010A" && level==0 && jtag_device_ctx=="jsn1-0362f093-0"}
fpga -file C:/Users/kakkar3/Desktop/Final_Project/sdk/final_proj/_ide/bitstream/mb_usb_hdmi_top.bit
targets -set -nocase -filter {name =~ "*microblaze*#0" && bscan=="USER2" }
loadhw -hw C:/Users/kakkar3/Desktop/Final_Project/sdk/mb_usb_hdmi_top/export/mb_usb_hdmi_top/hw/mb_usb_hdmi_top.xsa -regs
configparams mdm-detect-bscan-mask 2
targets -set -nocase -filter {name =~ "*microblaze*#0" && bscan=="USER2" }
rst -system
after 3000
targets -set -nocase -filter {name =~ "*microblaze*#0" && bscan=="USER2" }
dow C:/Users/kakkar3/Desktop/Final_Project/sdk/final_proj/Debug/final_proj.elf
----------------End of Script----------------

00:18:25 INFO  : Context for processor 'microblaze_0' is selected.
00:18:25 INFO  : 'con' command is executed.
00:18:25 INFO  : ----------------XSDB Script (After Launch)----------------
targets -set -nocase -filter {name =~ "*microblaze*#0" && bscan=="USER2" }
con
----------------End of Script----------------

00:18:25 INFO  : Launch script is exported to file 'C:\Users\kakkar3\Desktop\Final_Project\sdk\final_proj_system\_ide\scripts\debugger_final_proj-default.tcl'
00:24:27 INFO  : Checking for BSP changes to sync application flags for project 'final_proj'...
00:24:40 INFO  : Disconnected from the channel tcfchan#26.
00:24:41 INFO  : Connected to target on host '127.0.0.1' and port '3121'.
00:24:41 INFO  : Jtag cable 'RealDigital Boo 887100000010A' is selected.
00:24:41 INFO  : 'jtag frequency' command is executed.
00:24:41 INFO  : 'targets -set -filter {jtag_cable_name =~ "RealDigital Boo 887100000010A" && level==0 && jtag_device_ctx=="jsn1-0362f093-0"}' command is executed.
00:24:43 INFO  : Device configured successfully with "C:/Users/kakkar3/Desktop/Final_Project/sdk/final_proj/_ide/bitstream/mb_usb_hdmi_top.bit"
00:24:43 INFO  : Context for processor 'microblaze_0' is selected.
00:24:43 INFO  : Hardware design and registers information is loaded from 'C:/Users/kakkar3/Desktop/Final_Project/sdk/mb_usb_hdmi_top/export/mb_usb_hdmi_top/hw/mb_usb_hdmi_top.xsa'.
00:24:43 INFO  : 'configparams mdm-detect-bscan-mask 2' command is executed.
00:24:43 INFO  : Context for processor 'microblaze_0' is selected.
00:24:43 INFO  : System reset is completed.
00:24:46 INFO  : 'after 3000' command is executed.
00:24:46 INFO  : Context for processor 'microblaze_0' is selected.
00:24:46 INFO  : The application 'C:/Users/kakkar3/Desktop/Final_Project/sdk/final_proj/Debug/final_proj.elf' is downloaded to processor 'microblaze_0'.
00:24:46 INFO  : ----------------XSDB Script----------------
connect -url tcp:127.0.0.1:3121
targets -set -filter {jtag_cable_name =~ "RealDigital Boo 887100000010A" && level==0 && jtag_device_ctx=="jsn1-0362f093-0"}
fpga -file C:/Users/kakkar3/Desktop/Final_Project/sdk/final_proj/_ide/bitstream/mb_usb_hdmi_top.bit
targets -set -nocase -filter {name =~ "*microblaze*#0" && bscan=="USER2" }
loadhw -hw C:/Users/kakkar3/Desktop/Final_Project/sdk/mb_usb_hdmi_top/export/mb_usb_hdmi_top/hw/mb_usb_hdmi_top.xsa -regs
configparams mdm-detect-bscan-mask 2
targets -set -nocase -filter {name =~ "*microblaze*#0" && bscan=="USER2" }
rst -system
after 3000
targets -set -nocase -filter {name =~ "*microblaze*#0" && bscan=="USER2" }
dow C:/Users/kakkar3/Desktop/Final_Project/sdk/final_proj/Debug/final_proj.elf
----------------End of Script----------------

00:24:46 INFO  : Context for processor 'microblaze_0' is selected.
00:24:46 INFO  : 'con' command is executed.
00:24:46 INFO  : ----------------XSDB Script (After Launch)----------------
targets -set -nocase -filter {name =~ "*microblaze*#0" && bscan=="USER2" }
con
----------------End of Script----------------

00:24:46 INFO  : Launch script is exported to file 'C:\Users\kakkar3\Desktop\Final_Project\sdk\final_proj_system\_ide\scripts\debugger_final_proj-default.tcl'
00:27:01 INFO  : Checking for BSP changes to sync application flags for project 'final_proj'...
00:27:06 INFO  : Disconnected from the channel tcfchan#27.
00:27:07 INFO  : Connected to target on host '127.0.0.1' and port '3121'.
00:27:16 INFO  : ----------------XSDB Script----------------
connect -url tcp:127.0.0.1:3121
----------------End of Script----------------

00:27:16 ERROR : Could not find FPGA device on the board for connection 'Local'.


Troubleshooting hints:
1. Check whether board is connected to system properly.
2. In case of zynq board, check whether Digilent/Xilinx cable switch settings are correct.
3. If you are using Xilinx Platform Cable USB, ensure that status LED is green.
00:30:25 INFO  : Connected to target on host '127.0.0.1' and port '3121'.
00:30:25 INFO  : Jtag cable 'RealDigital Boo 887100000010A' is selected.
00:30:25 INFO  : 'jtag frequency' command is executed.
00:30:25 INFO  : 'targets -set -filter {jtag_cable_name =~ "RealDigital Boo 887100000010A" && level==0 && jtag_device_ctx=="jsn1-0362f093-0"}' command is executed.
00:30:27 INFO  : Device configured successfully with "C:/Users/kakkar3/Desktop/Final_Project/sdk/final_proj/_ide/bitstream/mb_usb_hdmi_top.bit"
00:30:27 INFO  : Context for processor 'microblaze_0' is selected.
00:30:27 INFO  : Hardware design and registers information is loaded from 'C:/Users/kakkar3/Desktop/Final_Project/sdk/mb_usb_hdmi_top/export/mb_usb_hdmi_top/hw/mb_usb_hdmi_top.xsa'.
00:30:27 INFO  : 'configparams mdm-detect-bscan-mask 2' command is executed.
00:30:27 INFO  : Context for processor 'microblaze_0' is selected.
00:30:27 INFO  : System reset is completed.
00:30:30 INFO  : 'after 3000' command is executed.
00:30:30 INFO  : Context for processor 'microblaze_0' is selected.
00:30:30 INFO  : The application 'C:/Users/kakkar3/Desktop/Final_Project/sdk/final_proj/Debug/final_proj.elf' is downloaded to processor 'microblaze_0'.
00:30:30 INFO  : ----------------XSDB Script----------------
connect -url tcp:127.0.0.1:3121
targets -set -filter {jtag_cable_name =~ "RealDigital Boo 887100000010A" && level==0 && jtag_device_ctx=="jsn1-0362f093-0"}
fpga -file C:/Users/kakkar3/Desktop/Final_Project/sdk/final_proj/_ide/bitstream/mb_usb_hdmi_top.bit
targets -set -nocase -filter {name =~ "*microblaze*#0" && bscan=="USER2" }
loadhw -hw C:/Users/kakkar3/Desktop/Final_Project/sdk/mb_usb_hdmi_top/export/mb_usb_hdmi_top/hw/mb_usb_hdmi_top.xsa -regs
configparams mdm-detect-bscan-mask 2
targets -set -nocase -filter {name =~ "*microblaze*#0" && bscan=="USER2" }
rst -system
after 3000
targets -set -nocase -filter {name =~ "*microblaze*#0" && bscan=="USER2" }
dow C:/Users/kakkar3/Desktop/Final_Project/sdk/final_proj/Debug/final_proj.elf
----------------End of Script----------------

00:30:30 INFO  : Context for processor 'microblaze_0' is selected.
00:30:30 INFO  : 'con' command is executed.
00:30:30 INFO  : ----------------XSDB Script (After Launch)----------------
targets -set -nocase -filter {name =~ "*microblaze*#0" && bscan=="USER2" }
con
----------------End of Script----------------

00:30:30 INFO  : Launch script is exported to file 'C:\Users\kakkar3\Desktop\Final_Project\sdk\final_proj_system\_ide\scripts\debugger_final_proj-default.tcl'
00:31:23 INFO  : Checking for BSP changes to sync application flags for project 'final_proj'...
00:31:29 INFO  : Disconnected from the channel tcfchan#28.
00:31:30 INFO  : Connected to target on host '127.0.0.1' and port '3121'.
00:31:39 INFO  : ----------------XSDB Script----------------
connect -url tcp:127.0.0.1:3121
----------------End of Script----------------

00:31:39 ERROR : Could not find FPGA device on the board for connection 'Local'.


Troubleshooting hints:
1. Check whether board is connected to system properly.
2. In case of zynq board, check whether Digilent/Xilinx cable switch settings are correct.
3. If you are using Xilinx Platform Cable USB, ensure that status LED is green.
00:31:39 INFO  : Connected to target on host '127.0.0.1' and port '3121'.
00:31:39 INFO  : Jtag cable 'RealDigital Boo 887100000010A' is selected.
00:31:39 INFO  : 'jtag frequency' command is executed.
00:31:39 INFO  : 'targets -set -filter {jtag_cable_name =~ "RealDigital Boo 887100000010A" && level==0 && jtag_device_ctx=="jsn1-0362f093-0"}' command is executed.
00:31:40 INFO  : Device configured successfully with "C:/Users/kakkar3/Desktop/Final_Project/sdk/final_proj/_ide/bitstream/mb_usb_hdmi_top.bit"
00:31:40 INFO  : Context for processor 'microblaze_0' is selected.
00:31:40 INFO  : Hardware design and registers information is loaded from 'C:/Users/kakkar3/Desktop/Final_Project/sdk/mb_usb_hdmi_top/export/mb_usb_hdmi_top/hw/mb_usb_hdmi_top.xsa'.
00:31:40 INFO  : 'configparams mdm-detect-bscan-mask 2' command is executed.
00:31:40 INFO  : Context for processor 'microblaze_0' is selected.
00:31:40 INFO  : System reset is completed.
00:31:43 INFO  : 'after 3000' command is executed.
00:31:43 INFO  : Context for processor 'microblaze_0' is selected.
00:31:43 INFO  : The application 'C:/Users/kakkar3/Desktop/Final_Project/sdk/final_proj/Debug/final_proj.elf' is downloaded to processor 'microblaze_0'.
00:31:43 INFO  : ----------------XSDB Script----------------
connect -url tcp:127.0.0.1:3121
targets -set -filter {jtag_cable_name =~ "RealDigital Boo 887100000010A" && level==0 && jtag_device_ctx=="jsn1-0362f093-0"}
fpga -file C:/Users/kakkar3/Desktop/Final_Project/sdk/final_proj/_ide/bitstream/mb_usb_hdmi_top.bit
targets -set -nocase -filter {name =~ "*microblaze*#0" && bscan=="USER2" }
loadhw -hw C:/Users/kakkar3/Desktop/Final_Project/sdk/mb_usb_hdmi_top/export/mb_usb_hdmi_top/hw/mb_usb_hdmi_top.xsa -regs
configparams mdm-detect-bscan-mask 2
targets -set -nocase -filter {name =~ "*microblaze*#0" && bscan=="USER2" }
rst -system
after 3000
targets -set -nocase -filter {name =~ "*microblaze*#0" && bscan=="USER2" }
dow C:/Users/kakkar3/Desktop/Final_Project/sdk/final_proj/Debug/final_proj.elf
----------------End of Script----------------

00:31:43 INFO  : Context for processor 'microblaze_0' is selected.
00:31:43 INFO  : 'con' command is executed.
00:31:43 INFO  : ----------------XSDB Script (After Launch)----------------
targets -set -nocase -filter {name =~ "*microblaze*#0" && bscan=="USER2" }
con
----------------End of Script----------------

00:31:43 INFO  : Launch script is exported to file 'C:\Users\kakkar3\Desktop\Final_Project\sdk\final_proj_system\_ide\scripts\debugger_final_proj-default.tcl'
00:34:39 INFO  : Checking for BSP changes to sync application flags for project 'final_proj'...
00:34:50 INFO  : Disconnected from the channel tcfchan#29.
00:34:51 INFO  : Connected to target on host '127.0.0.1' and port '3121'.
00:35:00 INFO  : ----------------XSDB Script----------------
connect -url tcp:127.0.0.1:3121
----------------End of Script----------------

00:35:00 ERROR : Could not find FPGA device on the board for connection 'Local'.


Troubleshooting hints:
1. Check whether board is connected to system properly.
2. In case of zynq board, check whether Digilent/Xilinx cable switch settings are correct.
3. If you are using Xilinx Platform Cable USB, ensure that status LED is green.
00:36:16 INFO  : Connected to target on host '127.0.0.1' and port '3121'.
00:36:17 INFO  : Jtag cable 'RealDigital Boo 887100000010A' is selected.
00:36:17 INFO  : 'jtag frequency' command is executed.
00:36:17 INFO  : 'targets -set -filter {jtag_cable_name =~ "RealDigital Boo 887100000010A" && level==0 && jtag_device_ctx=="jsn1-0362f093-0"}' command is executed.
00:36:18 INFO  : Device configured successfully with "C:/Users/kakkar3/Desktop/Final_Project/sdk/final_proj/_ide/bitstream/mb_usb_hdmi_top.bit"
00:36:18 INFO  : Context for processor 'microblaze_0' is selected.
00:36:18 INFO  : Hardware design and registers information is loaded from 'C:/Users/kakkar3/Desktop/Final_Project/sdk/mb_usb_hdmi_top/export/mb_usb_hdmi_top/hw/mb_usb_hdmi_top.xsa'.
00:36:18 INFO  : 'configparams mdm-detect-bscan-mask 2' command is executed.
00:36:18 INFO  : Context for processor 'microblaze_0' is selected.
00:36:18 INFO  : System reset is completed.
00:36:21 INFO  : 'after 3000' command is executed.
00:36:21 INFO  : Context for processor 'microblaze_0' is selected.
00:36:21 INFO  : The application 'C:/Users/kakkar3/Desktop/Final_Project/sdk/final_proj/Debug/final_proj.elf' is downloaded to processor 'microblaze_0'.
00:36:21 INFO  : ----------------XSDB Script----------------
connect -url tcp:127.0.0.1:3121
targets -set -filter {jtag_cable_name =~ "RealDigital Boo 887100000010A" && level==0 && jtag_device_ctx=="jsn1-0362f093-0"}
fpga -file C:/Users/kakkar3/Desktop/Final_Project/sdk/final_proj/_ide/bitstream/mb_usb_hdmi_top.bit
targets -set -nocase -filter {name =~ "*microblaze*#0" && bscan=="USER2" }
loadhw -hw C:/Users/kakkar3/Desktop/Final_Project/sdk/mb_usb_hdmi_top/export/mb_usb_hdmi_top/hw/mb_usb_hdmi_top.xsa -regs
configparams mdm-detect-bscan-mask 2
targets -set -nocase -filter {name =~ "*microblaze*#0" && bscan=="USER2" }
rst -system
after 3000
targets -set -nocase -filter {name =~ "*microblaze*#0" && bscan=="USER2" }
dow C:/Users/kakkar3/Desktop/Final_Project/sdk/final_proj/Debug/final_proj.elf
----------------End of Script----------------

00:36:21 INFO  : Context for processor 'microblaze_0' is selected.
00:36:21 INFO  : 'con' command is executed.
00:36:21 INFO  : ----------------XSDB Script (After Launch)----------------
targets -set -nocase -filter {name =~ "*microblaze*#0" && bscan=="USER2" }
con
----------------End of Script----------------

00:36:21 INFO  : Launch script is exported to file 'C:\Users\kakkar3\Desktop\Final_Project\sdk\final_proj_system\_ide\scripts\debugger_final_proj-default.tcl'
01:13:52 INFO  : Hardware specification for platform project 'mb_usb_hdmi_top' is updated.
01:14:16 INFO  : Hardware specification for platform project 'mb_usb_hdmi_top' is updated.
01:14:35 INFO  : Result from executing command 'getProjects': mb_usb_hdmi_top
01:14:35 INFO  : Result from executing command 'getPlatforms': xilinx_vck190_base_202220_1|C:/Xilinx/Vitis/2022.2/base_platforms/xilinx_vck190_base_202220_1/xilinx_vck190_base_202220_1.xpfm;xilinx_vck190_base_dfx_202220_1|C:/Xilinx/Vitis/2022.2/base_platforms/xilinx_vck190_base_dfx_202220_1/xilinx_vck190_base_dfx_202220_1.xpfm;xilinx_vmk180_base_202220_1|C:/Xilinx/Vitis/2022.2/base_platforms/xilinx_vmk180_base_202220_1/xilinx_vmk180_base_202220_1.xpfm;xilinx_zcu102_base_202220_1|C:/Xilinx/Vitis/2022.2/base_platforms/xilinx_zcu102_base_202220_1/xilinx_zcu102_base_202220_1.xpfm;xilinx_zcu102_base_dfx_202220_1|C:/Xilinx/Vitis/2022.2/base_platforms/xilinx_zcu102_base_dfx_202220_1/xilinx_zcu102_base_dfx_202220_1.xpfm;xilinx_zcu104_base_202220_1|C:/Xilinx/Vitis/2022.2/base_platforms/xilinx_zcu104_base_202220_1/xilinx_zcu104_base_202220_1.xpfm
01:14:36 INFO  : Checking for BSP changes to sync application flags for project 'final_proj'...
01:14:39 INFO  : The hardware specification used by project 'final_proj' is out of sync with the platform. Resource files extracted from the hardware specification will be updated.
01:14:39 INFO  : The file 'C:\Users\kakkar3\Desktop\Final_Project\sdk\final_proj\_ide\bitstream\mb_usb_hdmi_top.bit' stored in project is removed.
01:14:39 INFO  : The file 'C:\Users\kakkar3\Desktop\Final_Project\sdk\final_proj\_ide\bitstream\mb_usb_hdmi_top.mmi' stored in project is removed.
01:14:39 INFO  : The updated bitstream files are copied from platform to folder 'C:\Users\kakkar3\Desktop\Final_Project\sdk\final_proj\_ide\bitstream' in project 'final_proj'.
01:16:18 INFO  : Disconnected from the channel tcfchan#30.
01:16:19 INFO  : Connected to target on host '127.0.0.1' and port '3121'.
01:16:28 INFO  : ----------------XSDB Script----------------
connect -url tcp:127.0.0.1:3121
----------------End of Script----------------

01:16:28 ERROR : Could not find FPGA device on the board for connection 'Local'.


Troubleshooting hints:
1. Check whether board is connected to system properly.
2. In case of zynq board, check whether Digilent/Xilinx cable switch settings are correct.
3. If you are using Xilinx Platform Cable USB, ensure that status LED is green.
01:16:38 INFO  : Connected to target on host '127.0.0.1' and port '3121'.
01:16:38 INFO  : Jtag cable 'RealDigital Boo 887100000010A' is selected.
01:16:38 INFO  : 'jtag frequency' command is executed.
01:16:38 INFO  : 'targets -set -filter {jtag_cable_name =~ "RealDigital Boo 887100000010A" && level==0 && jtag_device_ctx=="jsn1-0362f093-0"}' command is executed.
01:16:40 INFO  : Device configured successfully with "C:/Users/kakkar3/Desktop/Final_Project/sdk/final_proj/_ide/bitstream/mb_usb_hdmi_top.bit"
01:16:40 INFO  : Context for processor 'microblaze_0' is selected.
01:16:40 INFO  : Hardware design and registers information is loaded from 'C:/Users/kakkar3/Desktop/Final_Project/sdk/mb_usb_hdmi_top/export/mb_usb_hdmi_top/hw/mb_usb_hdmi_top.xsa'.
01:16:40 INFO  : 'configparams mdm-detect-bscan-mask 2' command is executed.
01:16:40 INFO  : Context for processor 'microblaze_0' is selected.
01:16:40 INFO  : System reset is completed.
01:16:43 INFO  : 'after 3000' command is executed.
01:16:43 INFO  : Context for processor 'microblaze_0' is selected.
01:16:43 INFO  : The application 'C:/Users/kakkar3/Desktop/Final_Project/sdk/final_proj/Debug/final_proj.elf' is downloaded to processor 'microblaze_0'.
01:16:43 INFO  : ----------------XSDB Script----------------
connect -url tcp:127.0.0.1:3121
targets -set -filter {jtag_cable_name =~ "RealDigital Boo 887100000010A" && level==0 && jtag_device_ctx=="jsn1-0362f093-0"}
fpga -file C:/Users/kakkar3/Desktop/Final_Project/sdk/final_proj/_ide/bitstream/mb_usb_hdmi_top.bit
targets -set -nocase -filter {name =~ "*microblaze*#0" && bscan=="USER2" }
loadhw -hw C:/Users/kakkar3/Desktop/Final_Project/sdk/mb_usb_hdmi_top/export/mb_usb_hdmi_top/hw/mb_usb_hdmi_top.xsa -regs
configparams mdm-detect-bscan-mask 2
targets -set -nocase -filter {name =~ "*microblaze*#0" && bscan=="USER2" }
rst -system
after 3000
targets -set -nocase -filter {name =~ "*microblaze*#0" && bscan=="USER2" }
dow C:/Users/kakkar3/Desktop/Final_Project/sdk/final_proj/Debug/final_proj.elf
----------------End of Script----------------

01:16:43 INFO  : Context for processor 'microblaze_0' is selected.
01:16:43 INFO  : 'con' command is executed.
01:16:43 INFO  : ----------------XSDB Script (After Launch)----------------
targets -set -nocase -filter {name =~ "*microblaze*#0" && bscan=="USER2" }
con
----------------End of Script----------------

01:16:43 INFO  : Launch script is exported to file 'C:\Users\kakkar3\Desktop\Final_Project\sdk\final_proj_system\_ide\scripts\debugger_final_proj-default.tcl'
01:17:38 INFO  : Disconnected from the channel tcfchan#32.
14:08:55 DEBUG : Logs will be stored at 'C:/Users/kakkar3/Desktop/Final_Project/sdk/IDE.log'.
14:08:56 INFO  : Launching XSCT server: xsct.bat -n  -interactive C:\Users\kakkar3\Desktop\Final_Project\sdk\temp_xsdb_launch_script.tcl
14:08:59 INFO  : Registering command handlers for Vitis TCF services
14:09:00 INFO  : Platform repository initialization has completed.
14:09:00 INFO  : XSCT server has started successfully.
14:09:04 INFO  : plnx-install-location is set to ''
14:09:04 INFO  : Successfully done setting XSCT server connection channel  
14:09:04 INFO  : Successfully done query RDI_DATADIR 
14:09:04 INFO  : Successfully done setting workspace for the tool. 
14:09:12 INFO  : Connected to target on host '127.0.0.1' and port '3121'.
14:09:13 INFO  : Jtag cable 'RealDigital Boo 887100000010A' is selected.
14:09:13 INFO  : 'jtag frequency' command is executed.
14:09:13 INFO  : 'targets -set -filter {jtag_cable_name =~ "RealDigital Boo 887100000010A" && level==0 && jtag_device_ctx=="jsn1-0362f093-0"}' command is executed.
14:09:14 INFO  : Device configured successfully with "C:/Users/kakkar3/Desktop/Final_Project/sdk/final_proj/_ide/bitstream/mb_usb_hdmi_top.bit"
14:09:14 INFO  : Context for processor 'microblaze_0' is selected.
14:09:14 INFO  : Hardware design and registers information is loaded from 'C:/Users/kakkar3/Desktop/Final_Project/sdk/mb_usb_hdmi_top/export/mb_usb_hdmi_top/hw/mb_usb_hdmi_top.xsa'.
14:09:14 INFO  : 'configparams mdm-detect-bscan-mask 2' command is executed.
14:09:14 INFO  : Context for processor 'microblaze_0' is selected.
14:09:14 INFO  : System reset is completed.
14:09:17 INFO  : 'after 3000' command is executed.
14:09:17 INFO  : Context for processor 'microblaze_0' is selected.
14:09:18 INFO  : The application 'C:/Users/kakkar3/Desktop/Final_Project/sdk/final_proj/Debug/final_proj.elf' is downloaded to processor 'microblaze_0'.
14:09:18 INFO  : ----------------XSDB Script----------------
connect -url tcp:127.0.0.1:3121
targets -set -filter {jtag_cable_name =~ "RealDigital Boo 887100000010A" && level==0 && jtag_device_ctx=="jsn1-0362f093-0"}
fpga -file C:/Users/kakkar3/Desktop/Final_Project/sdk/final_proj/_ide/bitstream/mb_usb_hdmi_top.bit
targets -set -nocase -filter {name =~ "*microblaze*#0" && bscan=="USER2" }
loadhw -hw C:/Users/kakkar3/Desktop/Final_Project/sdk/mb_usb_hdmi_top/export/mb_usb_hdmi_top/hw/mb_usb_hdmi_top.xsa -regs
configparams mdm-detect-bscan-mask 2
targets -set -nocase -filter {name =~ "*microblaze*#0" && bscan=="USER2" }
rst -system
after 3000
targets -set -nocase -filter {name =~ "*microblaze*#0" && bscan=="USER2" }
dow C:/Users/kakkar3/Desktop/Final_Project/sdk/final_proj/Debug/final_proj.elf
----------------End of Script----------------

14:09:18 INFO  : Context for processor 'microblaze_0' is selected.
14:09:18 INFO  : 'con' command is executed.
14:09:18 INFO  : ----------------XSDB Script (After Launch)----------------
targets -set -nocase -filter {name =~ "*microblaze*#0" && bscan=="USER2" }
con
----------------End of Script----------------

14:09:18 INFO  : Launch script is exported to file 'C:\Users\kakkar3\Desktop\Final_Project\sdk\final_proj_system\_ide\scripts\debugger_final_proj-default.tcl'
14:17:32 INFO  : Checking for BSP changes to sync application flags for project 'final_proj'...
14:17:40 INFO  : Disconnected from the channel tcfchan#1.
14:17:41 INFO  : Connected to target on host '127.0.0.1' and port '3121'.
14:17:50 INFO  : ----------------XSDB Script----------------
connect -url tcp:127.0.0.1:3121
----------------End of Script----------------

14:17:50 ERROR : Could not find FPGA device on the board for connection 'Local'.


Troubleshooting hints:
1. Check whether board is connected to system properly.
2. In case of zynq board, check whether Digilent/Xilinx cable switch settings are correct.
3. If you are using Xilinx Platform Cable USB, ensure that status LED is green.
14:17:52 INFO  : Connected to target on host '127.0.0.1' and port '3121'.
14:17:52 INFO  : Jtag cable 'RealDigital Boo 887100000010A' is selected.
14:17:52 INFO  : 'jtag frequency' command is executed.
14:17:52 INFO  : 'targets -set -filter {jtag_cable_name =~ "RealDigital Boo 887100000010A" && level==0 && jtag_device_ctx=="jsn1-0362f093-0"}' command is executed.
14:17:54 INFO  : Device configured successfully with "C:/Users/kakkar3/Desktop/Final_Project/sdk/final_proj/_ide/bitstream/mb_usb_hdmi_top.bit"
14:17:54 INFO  : Context for processor 'microblaze_0' is selected.
14:17:54 INFO  : Hardware design and registers information is loaded from 'C:/Users/kakkar3/Desktop/Final_Project/sdk/mb_usb_hdmi_top/export/mb_usb_hdmi_top/hw/mb_usb_hdmi_top.xsa'.
14:17:54 INFO  : 'configparams mdm-detect-bscan-mask 2' command is executed.
14:17:54 INFO  : Context for processor 'microblaze_0' is selected.
14:17:54 INFO  : System reset is completed.
14:17:57 INFO  : 'after 3000' command is executed.
14:17:57 INFO  : Context for processor 'microblaze_0' is selected.
14:17:57 INFO  : The application 'C:/Users/kakkar3/Desktop/Final_Project/sdk/final_proj/Debug/final_proj.elf' is downloaded to processor 'microblaze_0'.
14:17:57 INFO  : ----------------XSDB Script----------------
connect -url tcp:127.0.0.1:3121
targets -set -filter {jtag_cable_name =~ "RealDigital Boo 887100000010A" && level==0 && jtag_device_ctx=="jsn1-0362f093-0"}
fpga -file C:/Users/kakkar3/Desktop/Final_Project/sdk/final_proj/_ide/bitstream/mb_usb_hdmi_top.bit
targets -set -nocase -filter {name =~ "*microblaze*#0" && bscan=="USER2" }
loadhw -hw C:/Users/kakkar3/Desktop/Final_Project/sdk/mb_usb_hdmi_top/export/mb_usb_hdmi_top/hw/mb_usb_hdmi_top.xsa -regs
configparams mdm-detect-bscan-mask 2
targets -set -nocase -filter {name =~ "*microblaze*#0" && bscan=="USER2" }
rst -system
after 3000
targets -set -nocase -filter {name =~ "*microblaze*#0" && bscan=="USER2" }
dow C:/Users/kakkar3/Desktop/Final_Project/sdk/final_proj/Debug/final_proj.elf
----------------End of Script----------------

14:17:57 INFO  : Context for processor 'microblaze_0' is selected.
14:17:57 INFO  : 'con' command is executed.
14:17:57 INFO  : ----------------XSDB Script (After Launch)----------------
targets -set -nocase -filter {name =~ "*microblaze*#0" && bscan=="USER2" }
con
----------------End of Script----------------

14:17:57 INFO  : Launch script is exported to file 'C:\Users\kakkar3\Desktop\Final_Project\sdk\final_proj_system\_ide\scripts\debugger_final_proj-default.tcl'
14:18:49 INFO  : Disconnected from the channel tcfchan#2.
14:18:50 INFO  : Connected to target on host '127.0.0.1' and port '3121'.
14:18:59 INFO  : ----------------XSDB Script----------------
connect -url tcp:127.0.0.1:3121
----------------End of Script----------------

14:18:59 ERROR : Could not find FPGA device on the board for connection 'Local'.


Troubleshooting hints:
1. Check whether board is connected to system properly.
2. In case of zynq board, check whether Digilent/Xilinx cable switch settings are correct.
3. If you are using Xilinx Platform Cable USB, ensure that status LED is green.
14:19:02 INFO  : Connected to target on host '127.0.0.1' and port '3121'.
14:19:03 INFO  : Jtag cable 'RealDigital Boo 887100000010A' is selected.
14:19:03 INFO  : 'jtag frequency' command is executed.
14:19:03 INFO  : 'targets -set -filter {jtag_cable_name =~ "RealDigital Boo 887100000010A" && level==0 && jtag_device_ctx=="jsn1-0362f093-0"}' command is executed.
14:19:04 INFO  : Device configured successfully with "C:/Users/kakkar3/Desktop/Final_Project/sdk/final_proj/_ide/bitstream/mb_usb_hdmi_top.bit"
14:19:04 INFO  : Context for processor 'microblaze_0' is selected.
14:19:04 INFO  : Hardware design and registers information is loaded from 'C:/Users/kakkar3/Desktop/Final_Project/sdk/mb_usb_hdmi_top/export/mb_usb_hdmi_top/hw/mb_usb_hdmi_top.xsa'.
14:19:04 INFO  : 'configparams mdm-detect-bscan-mask 2' command is executed.
14:19:04 INFO  : Context for processor 'microblaze_0' is selected.
14:19:04 INFO  : System reset is completed.
14:19:07 INFO  : 'after 3000' command is executed.
14:19:07 INFO  : Context for processor 'microblaze_0' is selected.
14:19:07 INFO  : The application 'C:/Users/kakkar3/Desktop/Final_Project/sdk/final_proj/Debug/final_proj.elf' is downloaded to processor 'microblaze_0'.
14:19:07 INFO  : ----------------XSDB Script----------------
connect -url tcp:127.0.0.1:3121
targets -set -filter {jtag_cable_name =~ "RealDigital Boo 887100000010A" && level==0 && jtag_device_ctx=="jsn1-0362f093-0"}
fpga -file C:/Users/kakkar3/Desktop/Final_Project/sdk/final_proj/_ide/bitstream/mb_usb_hdmi_top.bit
targets -set -nocase -filter {name =~ "*microblaze*#0" && bscan=="USER2" }
loadhw -hw C:/Users/kakkar3/Desktop/Final_Project/sdk/mb_usb_hdmi_top/export/mb_usb_hdmi_top/hw/mb_usb_hdmi_top.xsa -regs
configparams mdm-detect-bscan-mask 2
targets -set -nocase -filter {name =~ "*microblaze*#0" && bscan=="USER2" }
rst -system
after 3000
targets -set -nocase -filter {name =~ "*microblaze*#0" && bscan=="USER2" }
dow C:/Users/kakkar3/Desktop/Final_Project/sdk/final_proj/Debug/final_proj.elf
----------------End of Script----------------

14:19:08 INFO  : Context for processor 'microblaze_0' is selected.
14:19:08 INFO  : 'con' command is executed.
14:19:08 INFO  : ----------------XSDB Script (After Launch)----------------
targets -set -nocase -filter {name =~ "*microblaze*#0" && bscan=="USER2" }
con
----------------End of Script----------------

14:19:08 INFO  : Launch script is exported to file 'C:\Users\kakkar3\Desktop\Final_Project\sdk\final_proj_system\_ide\scripts\debugger_final_proj-default.tcl'
14:21:25 INFO  : Checking for BSP changes to sync application flags for project 'final_proj'...
14:21:30 INFO  : Disconnected from the channel tcfchan#3.
14:21:31 INFO  : Connected to target on host '127.0.0.1' and port '3121'.
14:21:40 INFO  : ----------------XSDB Script----------------
connect -url tcp:127.0.0.1:3121
----------------End of Script----------------

14:21:40 ERROR : Could not find FPGA device on the board for connection 'Local'.


Troubleshooting hints:
1. Check whether board is connected to system properly.
2. In case of zynq board, check whether Digilent/Xilinx cable switch settings are correct.
3. If you are using Xilinx Platform Cable USB, ensure that status LED is green.
14:21:42 INFO  : Connected to target on host '127.0.0.1' and port '3121'.
14:21:42 INFO  : Jtag cable 'RealDigital Boo 887100000010A' is selected.
14:21:42 INFO  : 'jtag frequency' command is executed.
14:21:42 INFO  : 'targets -set -filter {jtag_cable_name =~ "RealDigital Boo 887100000010A" && level==0 && jtag_device_ctx=="jsn1-0362f093-0"}' command is executed.
14:21:43 INFO  : Device configured successfully with "C:/Users/kakkar3/Desktop/Final_Project/sdk/final_proj/_ide/bitstream/mb_usb_hdmi_top.bit"
14:21:43 INFO  : Context for processor 'microblaze_0' is selected.
14:21:44 INFO  : Hardware design and registers information is loaded from 'C:/Users/kakkar3/Desktop/Final_Project/sdk/mb_usb_hdmi_top/export/mb_usb_hdmi_top/hw/mb_usb_hdmi_top.xsa'.
14:21:44 INFO  : 'configparams mdm-detect-bscan-mask 2' command is executed.
14:21:44 INFO  : Context for processor 'microblaze_0' is selected.
14:21:44 INFO  : System reset is completed.
14:21:47 INFO  : 'after 3000' command is executed.
14:21:47 INFO  : Context for processor 'microblaze_0' is selected.
14:21:47 INFO  : The application 'C:/Users/kakkar3/Desktop/Final_Project/sdk/final_proj/Debug/final_proj.elf' is downloaded to processor 'microblaze_0'.
14:21:47 INFO  : ----------------XSDB Script----------------
connect -url tcp:127.0.0.1:3121
targets -set -filter {jtag_cable_name =~ "RealDigital Boo 887100000010A" && level==0 && jtag_device_ctx=="jsn1-0362f093-0"}
fpga -file C:/Users/kakkar3/Desktop/Final_Project/sdk/final_proj/_ide/bitstream/mb_usb_hdmi_top.bit
targets -set -nocase -filter {name =~ "*microblaze*#0" && bscan=="USER2" }
loadhw -hw C:/Users/kakkar3/Desktop/Final_Project/sdk/mb_usb_hdmi_top/export/mb_usb_hdmi_top/hw/mb_usb_hdmi_top.xsa -regs
configparams mdm-detect-bscan-mask 2
targets -set -nocase -filter {name =~ "*microblaze*#0" && bscan=="USER2" }
rst -system
after 3000
targets -set -nocase -filter {name =~ "*microblaze*#0" && bscan=="USER2" }
dow C:/Users/kakkar3/Desktop/Final_Project/sdk/final_proj/Debug/final_proj.elf
----------------End of Script----------------

14:21:47 INFO  : Context for processor 'microblaze_0' is selected.
14:21:47 INFO  : 'con' command is executed.
14:21:47 INFO  : ----------------XSDB Script (After Launch)----------------
targets -set -nocase -filter {name =~ "*microblaze*#0" && bscan=="USER2" }
con
----------------End of Script----------------

14:21:47 INFO  : Launch script is exported to file 'C:\Users\kakkar3\Desktop\Final_Project\sdk\final_proj_system\_ide\scripts\debugger_final_proj-default.tcl'
14:31:06 INFO  : Checking for BSP changes to sync application flags for project 'final_proj'...
14:31:24 INFO  : Disconnected from the channel tcfchan#4.
14:31:25 INFO  : Connected to target on host '127.0.0.1' and port '3121'.
14:31:34 INFO  : ----------------XSDB Script----------------
connect -url tcp:127.0.0.1:3121
----------------End of Script----------------

14:31:34 ERROR : Could not find FPGA device on the board for connection 'Local'.


Troubleshooting hints:
1. Check whether board is connected to system properly.
2. In case of zynq board, check whether Digilent/Xilinx cable switch settings are correct.
3. If you are using Xilinx Platform Cable USB, ensure that status LED is green.
14:31:38 INFO  : Connected to target on host '127.0.0.1' and port '3121'.
14:31:38 INFO  : Jtag cable 'RealDigital Boo 887100000010A' is selected.
14:31:38 INFO  : 'jtag frequency' command is executed.
14:31:38 INFO  : 'targets -set -filter {jtag_cable_name =~ "RealDigital Boo 887100000010A" && level==0 && jtag_device_ctx=="jsn1-0362f093-0"}' command is executed.
14:31:39 INFO  : Device configured successfully with "C:/Users/kakkar3/Desktop/Final_Project/sdk/final_proj/_ide/bitstream/mb_usb_hdmi_top.bit"
14:31:39 INFO  : Context for processor 'microblaze_0' is selected.
14:31:39 INFO  : Hardware design and registers information is loaded from 'C:/Users/kakkar3/Desktop/Final_Project/sdk/mb_usb_hdmi_top/export/mb_usb_hdmi_top/hw/mb_usb_hdmi_top.xsa'.
14:31:39 INFO  : 'configparams mdm-detect-bscan-mask 2' command is executed.
14:31:39 INFO  : Context for processor 'microblaze_0' is selected.
14:31:39 INFO  : System reset is completed.
14:31:42 INFO  : 'after 3000' command is executed.
14:31:42 INFO  : Context for processor 'microblaze_0' is selected.
14:31:43 INFO  : The application 'C:/Users/kakkar3/Desktop/Final_Project/sdk/final_proj/Debug/final_proj.elf' is downloaded to processor 'microblaze_0'.
14:31:43 INFO  : ----------------XSDB Script----------------
connect -url tcp:127.0.0.1:3121
targets -set -filter {jtag_cable_name =~ "RealDigital Boo 887100000010A" && level==0 && jtag_device_ctx=="jsn1-0362f093-0"}
fpga -file C:/Users/kakkar3/Desktop/Final_Project/sdk/final_proj/_ide/bitstream/mb_usb_hdmi_top.bit
targets -set -nocase -filter {name =~ "*microblaze*#0" && bscan=="USER2" }
loadhw -hw C:/Users/kakkar3/Desktop/Final_Project/sdk/mb_usb_hdmi_top/export/mb_usb_hdmi_top/hw/mb_usb_hdmi_top.xsa -regs
configparams mdm-detect-bscan-mask 2
targets -set -nocase -filter {name =~ "*microblaze*#0" && bscan=="USER2" }
rst -system
after 3000
targets -set -nocase -filter {name =~ "*microblaze*#0" && bscan=="USER2" }
dow C:/Users/kakkar3/Desktop/Final_Project/sdk/final_proj/Debug/final_proj.elf
----------------End of Script----------------

14:31:43 INFO  : Context for processor 'microblaze_0' is selected.
14:31:43 INFO  : 'con' command is executed.
14:31:43 INFO  : ----------------XSDB Script (After Launch)----------------
targets -set -nocase -filter {name =~ "*microblaze*#0" && bscan=="USER2" }
con
----------------End of Script----------------

14:31:43 INFO  : Launch script is exported to file 'C:\Users\kakkar3\Desktop\Final_Project\sdk\final_proj_system\_ide\scripts\debugger_final_proj-default.tcl'
15:00:22 INFO  : Hardware specification for platform project 'mb_usb_hdmi_top' is updated.
15:00:42 INFO  : Result from executing command 'getProjects': mb_usb_hdmi_top
15:00:42 INFO  : Result from executing command 'getPlatforms': mb_usb_hdmi_top|C:/Users/kakkar3/Desktop/Final_Project/sdk/mb_usb_hdmi_top/export/mb_usb_hdmi_top/mb_usb_hdmi_top.xpfm;xilinx_vck190_base_202220_1|C:/Xilinx/Vitis/2022.2/base_platforms/xilinx_vck190_base_202220_1/xilinx_vck190_base_202220_1.xpfm;xilinx_vck190_base_dfx_202220_1|C:/Xilinx/Vitis/2022.2/base_platforms/xilinx_vck190_base_dfx_202220_1/xilinx_vck190_base_dfx_202220_1.xpfm;xilinx_vmk180_base_202220_1|C:/Xilinx/Vitis/2022.2/base_platforms/xilinx_vmk180_base_202220_1/xilinx_vmk180_base_202220_1.xpfm;xilinx_zcu102_base_202220_1|C:/Xilinx/Vitis/2022.2/base_platforms/xilinx_zcu102_base_202220_1/xilinx_zcu102_base_202220_1.xpfm;xilinx_zcu102_base_dfx_202220_1|C:/Xilinx/Vitis/2022.2/base_platforms/xilinx_zcu102_base_dfx_202220_1/xilinx_zcu102_base_dfx_202220_1.xpfm;xilinx_zcu104_base_202220_1|C:/Xilinx/Vitis/2022.2/base_platforms/xilinx_zcu104_base_202220_1/xilinx_zcu104_base_202220_1.xpfm
15:00:43 INFO  : Checking for BSP changes to sync application flags for project 'final_proj'...
15:00:46 INFO  : The hardware specification used by project 'final_proj' is out of sync with the platform. Resource files extracted from the hardware specification will be updated.
15:00:46 INFO  : The file 'C:\Users\kakkar3\Desktop\Final_Project\sdk\final_proj\_ide\bitstream\mb_usb_hdmi_top.bit' stored in project is removed.
15:00:46 INFO  : The file 'C:\Users\kakkar3\Desktop\Final_Project\sdk\final_proj\_ide\bitstream\mb_usb_hdmi_top.mmi' stored in project is removed.
15:00:46 INFO  : The updated bitstream files are copied from platform to folder 'C:\Users\kakkar3\Desktop\Final_Project\sdk\final_proj\_ide\bitstream' in project 'final_proj'.
15:00:52 INFO  : Disconnected from the channel tcfchan#5.
15:00:53 INFO  : Connected to target on host '127.0.0.1' and port '3121'.
15:01:02 INFO  : ----------------XSDB Script----------------
connect -url tcp:127.0.0.1:3121
----------------End of Script----------------

15:01:02 ERROR : Could not find FPGA device on the board for connection 'Local'.


Troubleshooting hints:
1. Check whether board is connected to system properly.
2. In case of zynq board, check whether Digilent/Xilinx cable switch settings are correct.
3. If you are using Xilinx Platform Cable USB, ensure that status LED is green.
15:01:04 INFO  : Connected to target on host '127.0.0.1' and port '3121'.
15:01:04 INFO  : Jtag cable 'RealDigital Boo 887100000010A' is selected.
15:01:04 INFO  : 'jtag frequency' command is executed.
15:01:04 INFO  : 'targets -set -filter {jtag_cable_name =~ "RealDigital Boo 887100000010A" && level==0 && jtag_device_ctx=="jsn1-0362f093-0"}' command is executed.
15:01:06 INFO  : Device configured successfully with "C:/Users/kakkar3/Desktop/Final_Project/sdk/final_proj/_ide/bitstream/mb_usb_hdmi_top.bit"
15:01:06 INFO  : Context for processor 'microblaze_0' is selected.
15:01:06 INFO  : Hardware design and registers information is loaded from 'C:/Users/kakkar3/Desktop/Final_Project/sdk/mb_usb_hdmi_top/export/mb_usb_hdmi_top/hw/mb_usb_hdmi_top.xsa'.
15:01:06 INFO  : 'configparams mdm-detect-bscan-mask 2' command is executed.
15:01:06 INFO  : Context for processor 'microblaze_0' is selected.
15:01:06 INFO  : System reset is completed.
15:01:09 INFO  : 'after 3000' command is executed.
15:01:09 INFO  : Context for processor 'microblaze_0' is selected.
15:01:09 INFO  : The application 'C:/Users/kakkar3/Desktop/Final_Project/sdk/final_proj/Debug/final_proj.elf' is downloaded to processor 'microblaze_0'.
15:01:09 INFO  : ----------------XSDB Script----------------
connect -url tcp:127.0.0.1:3121
targets -set -filter {jtag_cable_name =~ "RealDigital Boo 887100000010A" && level==0 && jtag_device_ctx=="jsn1-0362f093-0"}
fpga -file C:/Users/kakkar3/Desktop/Final_Project/sdk/final_proj/_ide/bitstream/mb_usb_hdmi_top.bit
targets -set -nocase -filter {name =~ "*microblaze*#0" && bscan=="USER2" }
loadhw -hw C:/Users/kakkar3/Desktop/Final_Project/sdk/mb_usb_hdmi_top/export/mb_usb_hdmi_top/hw/mb_usb_hdmi_top.xsa -regs
configparams mdm-detect-bscan-mask 2
targets -set -nocase -filter {name =~ "*microblaze*#0" && bscan=="USER2" }
rst -system
after 3000
targets -set -nocase -filter {name =~ "*microblaze*#0" && bscan=="USER2" }
dow C:/Users/kakkar3/Desktop/Final_Project/sdk/final_proj/Debug/final_proj.elf
----------------End of Script----------------

15:01:09 INFO  : Context for processor 'microblaze_0' is selected.
15:01:09 INFO  : 'con' command is executed.
15:01:09 INFO  : ----------------XSDB Script (After Launch)----------------
targets -set -nocase -filter {name =~ "*microblaze*#0" && bscan=="USER2" }
con
----------------End of Script----------------

15:01:09 INFO  : Launch script is exported to file 'C:\Users\kakkar3\Desktop\Final_Project\sdk\final_proj_system\_ide\scripts\debugger_final_proj-default.tcl'
15:17:59 INFO  : Checking for BSP changes to sync application flags for project 'final_proj'...
15:18:03 INFO  : Disconnected from the channel tcfchan#7.
15:18:04 INFO  : Connected to target on host '127.0.0.1' and port '3121'.
15:18:13 INFO  : ----------------XSDB Script----------------
connect -url tcp:127.0.0.1:3121
----------------End of Script----------------

15:18:13 ERROR : Could not find FPGA device on the board for connection 'Local'.


Troubleshooting hints:
1. Check whether board is connected to system properly.
2. In case of zynq board, check whether Digilent/Xilinx cable switch settings are correct.
3. If you are using Xilinx Platform Cable USB, ensure that status LED is green.
15:18:16 INFO  : Connected to target on host '127.0.0.1' and port '3121'.
15:18:16 INFO  : Jtag cable 'RealDigital Boo 887100000010A' is selected.
15:18:16 INFO  : 'jtag frequency' command is executed.
15:18:16 INFO  : 'targets -set -filter {jtag_cable_name =~ "RealDigital Boo 887100000010A" && level==0 && jtag_device_ctx=="jsn1-0362f093-0"}' command is executed.
15:18:18 INFO  : Device configured successfully with "C:/Users/kakkar3/Desktop/Final_Project/sdk/final_proj/_ide/bitstream/mb_usb_hdmi_top.bit"
15:18:18 INFO  : Context for processor 'microblaze_0' is selected.
15:18:18 INFO  : Hardware design and registers information is loaded from 'C:/Users/kakkar3/Desktop/Final_Project/sdk/mb_usb_hdmi_top/export/mb_usb_hdmi_top/hw/mb_usb_hdmi_top.xsa'.
15:18:18 INFO  : 'configparams mdm-detect-bscan-mask 2' command is executed.
15:18:18 INFO  : Context for processor 'microblaze_0' is selected.
15:18:18 INFO  : System reset is completed.
15:18:21 INFO  : 'after 3000' command is executed.
15:18:21 INFO  : Context for processor 'microblaze_0' is selected.
15:18:21 INFO  : The application 'C:/Users/kakkar3/Desktop/Final_Project/sdk/final_proj/Debug/final_proj.elf' is downloaded to processor 'microblaze_0'.
15:18:21 INFO  : ----------------XSDB Script----------------
connect -url tcp:127.0.0.1:3121
targets -set -filter {jtag_cable_name =~ "RealDigital Boo 887100000010A" && level==0 && jtag_device_ctx=="jsn1-0362f093-0"}
fpga -file C:/Users/kakkar3/Desktop/Final_Project/sdk/final_proj/_ide/bitstream/mb_usb_hdmi_top.bit
targets -set -nocase -filter {name =~ "*microblaze*#0" && bscan=="USER2" }
loadhw -hw C:/Users/kakkar3/Desktop/Final_Project/sdk/mb_usb_hdmi_top/export/mb_usb_hdmi_top/hw/mb_usb_hdmi_top.xsa -regs
configparams mdm-detect-bscan-mask 2
targets -set -nocase -filter {name =~ "*microblaze*#0" && bscan=="USER2" }
rst -system
after 3000
targets -set -nocase -filter {name =~ "*microblaze*#0" && bscan=="USER2" }
dow C:/Users/kakkar3/Desktop/Final_Project/sdk/final_proj/Debug/final_proj.elf
----------------End of Script----------------

15:18:21 INFO  : Context for processor 'microblaze_0' is selected.
15:18:21 INFO  : 'con' command is executed.
15:18:21 INFO  : ----------------XSDB Script (After Launch)----------------
targets -set -nocase -filter {name =~ "*microblaze*#0" && bscan=="USER2" }
con
----------------End of Script----------------

15:18:21 INFO  : Launch script is exported to file 'C:\Users\kakkar3\Desktop\Final_Project\sdk\final_proj_system\_ide\scripts\debugger_final_proj-default.tcl'
15:25:38 INFO  : Checking for BSP changes to sync application flags for project 'final_proj'...
15:25:43 INFO  : Disconnected from the channel tcfchan#8.
15:25:44 INFO  : Connected to target on host '127.0.0.1' and port '3121'.
15:25:53 INFO  : ----------------XSDB Script----------------
connect -url tcp:127.0.0.1:3121
----------------End of Script----------------

15:25:53 ERROR : Could not find FPGA device on the board for connection 'Local'.


Troubleshooting hints:
1. Check whether board is connected to system properly.
2. In case of zynq board, check whether Digilent/Xilinx cable switch settings are correct.
3. If you are using Xilinx Platform Cable USB, ensure that status LED is green.
15:25:58 INFO  : Connected to target on host '127.0.0.1' and port '3121'.
15:25:59 INFO  : Jtag cable 'RealDigital Boo 887100000010A' is selected.
15:25:59 INFO  : 'jtag frequency' command is executed.
15:25:59 INFO  : 'targets -set -filter {jtag_cable_name =~ "RealDigital Boo 887100000010A" && level==0 && jtag_device_ctx=="jsn1-0362f093-0"}' command is executed.
15:26:00 INFO  : Device configured successfully with "C:/Users/kakkar3/Desktop/Final_Project/sdk/final_proj/_ide/bitstream/mb_usb_hdmi_top.bit"
15:26:00 INFO  : Context for processor 'microblaze_0' is selected.
15:26:00 INFO  : Hardware design and registers information is loaded from 'C:/Users/kakkar3/Desktop/Final_Project/sdk/mb_usb_hdmi_top/export/mb_usb_hdmi_top/hw/mb_usb_hdmi_top.xsa'.
15:26:00 INFO  : 'configparams mdm-detect-bscan-mask 2' command is executed.
15:26:00 INFO  : Context for processor 'microblaze_0' is selected.
15:26:00 INFO  : System reset is completed.
15:26:03 INFO  : 'after 3000' command is executed.
15:26:03 INFO  : Context for processor 'microblaze_0' is selected.
15:26:03 INFO  : The application 'C:/Users/kakkar3/Desktop/Final_Project/sdk/final_proj/Debug/final_proj.elf' is downloaded to processor 'microblaze_0'.
15:26:03 INFO  : ----------------XSDB Script----------------
connect -url tcp:127.0.0.1:3121
targets -set -filter {jtag_cable_name =~ "RealDigital Boo 887100000010A" && level==0 && jtag_device_ctx=="jsn1-0362f093-0"}
fpga -file C:/Users/kakkar3/Desktop/Final_Project/sdk/final_proj/_ide/bitstream/mb_usb_hdmi_top.bit
targets -set -nocase -filter {name =~ "*microblaze*#0" && bscan=="USER2" }
loadhw -hw C:/Users/kakkar3/Desktop/Final_Project/sdk/mb_usb_hdmi_top/export/mb_usb_hdmi_top/hw/mb_usb_hdmi_top.xsa -regs
configparams mdm-detect-bscan-mask 2
targets -set -nocase -filter {name =~ "*microblaze*#0" && bscan=="USER2" }
rst -system
after 3000
targets -set -nocase -filter {name =~ "*microblaze*#0" && bscan=="USER2" }
dow C:/Users/kakkar3/Desktop/Final_Project/sdk/final_proj/Debug/final_proj.elf
----------------End of Script----------------

15:26:03 INFO  : Context for processor 'microblaze_0' is selected.
15:26:03 INFO  : 'con' command is executed.
15:26:03 INFO  : ----------------XSDB Script (After Launch)----------------
targets -set -nocase -filter {name =~ "*microblaze*#0" && bscan=="USER2" }
con
----------------End of Script----------------

15:26:03 INFO  : Launch script is exported to file 'C:\Users\kakkar3\Desktop\Final_Project\sdk\final_proj_system\_ide\scripts\debugger_final_proj-default.tcl'
15:33:03 INFO  : Hardware specification for platform project 'mb_usb_hdmi_top' is updated.
15:33:20 INFO  : Result from executing command 'getProjects': mb_usb_hdmi_top
15:33:20 INFO  : Result from executing command 'getPlatforms': xilinx_vck190_base_202220_1|C:/Xilinx/Vitis/2022.2/base_platforms/xilinx_vck190_base_202220_1/xilinx_vck190_base_202220_1.xpfm;xilinx_vck190_base_dfx_202220_1|C:/Xilinx/Vitis/2022.2/base_platforms/xilinx_vck190_base_dfx_202220_1/xilinx_vck190_base_dfx_202220_1.xpfm;xilinx_vmk180_base_202220_1|C:/Xilinx/Vitis/2022.2/base_platforms/xilinx_vmk180_base_202220_1/xilinx_vmk180_base_202220_1.xpfm;xilinx_zcu102_base_202220_1|C:/Xilinx/Vitis/2022.2/base_platforms/xilinx_zcu102_base_202220_1/xilinx_zcu102_base_202220_1.xpfm;xilinx_zcu102_base_dfx_202220_1|C:/Xilinx/Vitis/2022.2/base_platforms/xilinx_zcu102_base_dfx_202220_1/xilinx_zcu102_base_dfx_202220_1.xpfm;xilinx_zcu104_base_202220_1|C:/Xilinx/Vitis/2022.2/base_platforms/xilinx_zcu104_base_202220_1/xilinx_zcu104_base_202220_1.xpfm
15:33:21 INFO  : Checking for BSP changes to sync application flags for project 'final_proj'...
15:33:25 INFO  : The hardware specification used by project 'final_proj' is out of sync with the platform. Resource files extracted from the hardware specification will be updated.
15:33:25 INFO  : The file 'C:\Users\kakkar3\Desktop\Final_Project\sdk\final_proj\_ide\bitstream\mb_usb_hdmi_top.bit' stored in project is removed.
15:33:25 INFO  : The file 'C:\Users\kakkar3\Desktop\Final_Project\sdk\final_proj\_ide\bitstream\mb_usb_hdmi_top.mmi' stored in project is removed.
15:33:25 INFO  : The updated bitstream files are copied from platform to folder 'C:\Users\kakkar3\Desktop\Final_Project\sdk\final_proj\_ide\bitstream' in project 'final_proj'.
15:33:29 INFO  : Disconnected from the channel tcfchan#9.
15:33:30 INFO  : Connected to target on host '127.0.0.1' and port '3121'.
15:33:30 INFO  : Jtag cable 'RealDigital Boo 887100000010A' is selected.
15:33:30 INFO  : 'jtag frequency' command is executed.
15:33:30 INFO  : 'targets -set -filter {jtag_cable_name =~ "RealDigital Boo 887100000010A" && level==0 && jtag_device_ctx=="jsn1-0362f093-0"}' command is executed.
15:33:31 INFO  : Device configured successfully with "C:/Users/kakkar3/Desktop/Final_Project/sdk/final_proj/_ide/bitstream/mb_usb_hdmi_top.bit"
15:33:31 INFO  : Context for processor 'microblaze_0' is selected.
15:33:31 INFO  : Hardware design and registers information is loaded from 'C:/Users/kakkar3/Desktop/Final_Project/sdk/mb_usb_hdmi_top/export/mb_usb_hdmi_top/hw/mb_usb_hdmi_top.xsa'.
15:33:31 INFO  : 'configparams mdm-detect-bscan-mask 2' command is executed.
15:33:32 INFO  : Context for processor 'microblaze_0' is selected.
15:33:32 INFO  : System reset is completed.
15:33:35 INFO  : 'after 3000' command is executed.
15:33:35 INFO  : Context for processor 'microblaze_0' is selected.
15:33:35 INFO  : The application 'C:/Users/kakkar3/Desktop/Final_Project/sdk/final_proj/Debug/final_proj.elf' is downloaded to processor 'microblaze_0'.
15:33:35 INFO  : ----------------XSDB Script----------------
connect -url tcp:127.0.0.1:3121
targets -set -filter {jtag_cable_name =~ "RealDigital Boo 887100000010A" && level==0 && jtag_device_ctx=="jsn1-0362f093-0"}
fpga -file C:/Users/kakkar3/Desktop/Final_Project/sdk/final_proj/_ide/bitstream/mb_usb_hdmi_top.bit
targets -set -nocase -filter {name =~ "*microblaze*#0" && bscan=="USER2" }
loadhw -hw C:/Users/kakkar3/Desktop/Final_Project/sdk/mb_usb_hdmi_top/export/mb_usb_hdmi_top/hw/mb_usb_hdmi_top.xsa -regs
configparams mdm-detect-bscan-mask 2
targets -set -nocase -filter {name =~ "*microblaze*#0" && bscan=="USER2" }
rst -system
after 3000
targets -set -nocase -filter {name =~ "*microblaze*#0" && bscan=="USER2" }
dow C:/Users/kakkar3/Desktop/Final_Project/sdk/final_proj/Debug/final_proj.elf
----------------End of Script----------------

15:33:35 INFO  : Context for processor 'microblaze_0' is selected.
15:33:35 INFO  : 'con' command is executed.
15:33:35 INFO  : ----------------XSDB Script (After Launch)----------------
targets -set -nocase -filter {name =~ "*microblaze*#0" && bscan=="USER2" }
con
----------------End of Script----------------

15:33:35 INFO  : Launch script is exported to file 'C:\Users\kakkar3\Desktop\Final_Project\sdk\final_proj_system\_ide\scripts\debugger_final_proj-default.tcl'
16:12:35 INFO  : Disconnected from the channel tcfchan#11.
16:12:36 INFO  : Connected to target on host '127.0.0.1' and port '3121'.
16:12:45 INFO  : ----------------XSDB Script----------------
connect -url tcp:127.0.0.1:3121
----------------End of Script----------------

16:12:45 ERROR : Could not find FPGA device on the board for connection 'Local'.


Troubleshooting hints:
1. Check whether board is connected to system properly.
2. In case of zynq board, check whether Digilent/Xilinx cable switch settings are correct.
3. If you are using Xilinx Platform Cable USB, ensure that status LED is green.
16:12:47 INFO  : Connected to target on host '127.0.0.1' and port '3121'.
16:12:47 INFO  : Jtag cable 'RealDigital Boo 887100000010A' is selected.
16:12:47 INFO  : 'jtag frequency' command is executed.
16:12:47 INFO  : 'targets -set -filter {jtag_cable_name =~ "RealDigital Boo 887100000010A" && level==0 && jtag_device_ctx=="jsn1-0362f093-0"}' command is executed.
16:12:48 INFO  : Device configured successfully with "C:/Users/kakkar3/Desktop/Final_Project/sdk/final_proj/_ide/bitstream/mb_usb_hdmi_top.bit"
16:12:48 INFO  : Context for processor 'microblaze_0' is selected.
16:12:48 INFO  : Hardware design and registers information is loaded from 'C:/Users/kakkar3/Desktop/Final_Project/sdk/mb_usb_hdmi_top/export/mb_usb_hdmi_top/hw/mb_usb_hdmi_top.xsa'.
16:12:48 INFO  : 'configparams mdm-detect-bscan-mask 2' command is executed.
16:12:48 INFO  : Context for processor 'microblaze_0' is selected.
16:12:48 INFO  : System reset is completed.
16:12:51 INFO  : 'after 3000' command is executed.
16:12:51 INFO  : Context for processor 'microblaze_0' is selected.
16:12:51 INFO  : The application 'C:/Users/kakkar3/Desktop/Final_Project/sdk/final_proj/Debug/final_proj.elf' is downloaded to processor 'microblaze_0'.
16:12:51 INFO  : ----------------XSDB Script----------------
connect -url tcp:127.0.0.1:3121
targets -set -filter {jtag_cable_name =~ "RealDigital Boo 887100000010A" && level==0 && jtag_device_ctx=="jsn1-0362f093-0"}
fpga -file C:/Users/kakkar3/Desktop/Final_Project/sdk/final_proj/_ide/bitstream/mb_usb_hdmi_top.bit
targets -set -nocase -filter {name =~ "*microblaze*#0" && bscan=="USER2" }
loadhw -hw C:/Users/kakkar3/Desktop/Final_Project/sdk/mb_usb_hdmi_top/export/mb_usb_hdmi_top/hw/mb_usb_hdmi_top.xsa -regs
configparams mdm-detect-bscan-mask 2
targets -set -nocase -filter {name =~ "*microblaze*#0" && bscan=="USER2" }
rst -system
after 3000
targets -set -nocase -filter {name =~ "*microblaze*#0" && bscan=="USER2" }
dow C:/Users/kakkar3/Desktop/Final_Project/sdk/final_proj/Debug/final_proj.elf
----------------End of Script----------------

16:12:51 INFO  : Context for processor 'microblaze_0' is selected.
16:12:51 INFO  : 'con' command is executed.
16:12:51 INFO  : ----------------XSDB Script (After Launch)----------------
targets -set -nocase -filter {name =~ "*microblaze*#0" && bscan=="USER2" }
con
----------------End of Script----------------

16:12:51 INFO  : Launch script is exported to file 'C:\Users\kakkar3\Desktop\Final_Project\sdk\final_proj_system\_ide\scripts\debugger_final_proj-default.tcl'
17:55:41 INFO  : Disconnected from the channel tcfchan#12.
17:55:42 INFO  : Connected to target on host '127.0.0.1' and port '3121'.
17:55:51 INFO  : ----------------XSDB Script----------------
connect -url tcp:127.0.0.1:3121
----------------End of Script----------------

17:55:51 ERROR : Could not find FPGA device on the board for connection 'Local'.


Troubleshooting hints:
1. Check whether board is connected to system properly.
2. In case of zynq board, check whether Digilent/Xilinx cable switch settings are correct.
3. If you are using Xilinx Platform Cable USB, ensure that status LED is green.
17:55:51 INFO  : Connected to target on host '127.0.0.1' and port '3121'.
17:55:51 INFO  : Jtag cable 'RealDigital Boo 887100000010A' is selected.
17:55:51 INFO  : 'jtag frequency' command is executed.
17:55:51 INFO  : 'targets -set -filter {jtag_cable_name =~ "RealDigital Boo 887100000010A" && level==0 && jtag_device_ctx=="jsn1-0362f093-0"}' command is executed.
17:55:52 INFO  : Device configured successfully with "C:/Users/kakkar3/Desktop/Final_Project/sdk/final_proj/_ide/bitstream/mb_usb_hdmi_top.bit"
17:55:52 INFO  : Context for processor 'microblaze_0' is selected.
17:55:52 INFO  : Hardware design and registers information is loaded from 'C:/Users/kakkar3/Desktop/Final_Project/sdk/mb_usb_hdmi_top/export/mb_usb_hdmi_top/hw/mb_usb_hdmi_top.xsa'.
17:55:52 INFO  : 'configparams mdm-detect-bscan-mask 2' command is executed.
17:55:52 INFO  : Context for processor 'microblaze_0' is selected.
17:55:52 INFO  : System reset is completed.
17:55:55 INFO  : 'after 3000' command is executed.
17:55:55 INFO  : Context for processor 'microblaze_0' is selected.
17:55:55 INFO  : The application 'C:/Users/kakkar3/Desktop/Final_Project/sdk/final_proj/Debug/final_proj.elf' is downloaded to processor 'microblaze_0'.
17:55:55 INFO  : ----------------XSDB Script----------------
connect -url tcp:127.0.0.1:3121
targets -set -filter {jtag_cable_name =~ "RealDigital Boo 887100000010A" && level==0 && jtag_device_ctx=="jsn1-0362f093-0"}
fpga -file C:/Users/kakkar3/Desktop/Final_Project/sdk/final_proj/_ide/bitstream/mb_usb_hdmi_top.bit
targets -set -nocase -filter {name =~ "*microblaze*#0" && bscan=="USER2" }
loadhw -hw C:/Users/kakkar3/Desktop/Final_Project/sdk/mb_usb_hdmi_top/export/mb_usb_hdmi_top/hw/mb_usb_hdmi_top.xsa -regs
configparams mdm-detect-bscan-mask 2
targets -set -nocase -filter {name =~ "*microblaze*#0" && bscan=="USER2" }
rst -system
after 3000
targets -set -nocase -filter {name =~ "*microblaze*#0" && bscan=="USER2" }
dow C:/Users/kakkar3/Desktop/Final_Project/sdk/final_proj/Debug/final_proj.elf
----------------End of Script----------------

17:55:55 INFO  : Context for processor 'microblaze_0' is selected.
17:55:56 INFO  : 'con' command is executed.
17:55:56 INFO  : ----------------XSDB Script (After Launch)----------------
targets -set -nocase -filter {name =~ "*microblaze*#0" && bscan=="USER2" }
con
----------------End of Script----------------

17:55:56 INFO  : Launch script is exported to file 'C:\Users\kakkar3\Desktop\Final_Project\sdk\final_proj_system\_ide\scripts\debugger_final_proj-default.tcl'
19:12:53 INFO  : Checking for BSP changes to sync application flags for project 'final_proj'...
19:13:01 INFO  : Disconnected from the channel tcfchan#13.
19:13:02 INFO  : Connected to target on host '127.0.0.1' and port '3121'.
19:13:02 INFO  : Jtag cable 'RealDigital Boo 887100000010A' is selected.
19:13:02 INFO  : 'jtag frequency' command is executed.
19:13:02 INFO  : 'targets -set -filter {jtag_cable_name =~ "RealDigital Boo 887100000010A" && level==0 && jtag_device_ctx=="jsn1-0362f093-0"}' command is executed.
19:13:04 INFO  : Device configured successfully with "C:/Users/kakkar3/Desktop/Final_Project/sdk/final_proj/_ide/bitstream/mb_usb_hdmi_top.bit"
19:13:04 INFO  : Context for processor 'microblaze_0' is selected.
19:13:04 INFO  : Hardware design and registers information is loaded from 'C:/Users/kakkar3/Desktop/Final_Project/sdk/mb_usb_hdmi_top/export/mb_usb_hdmi_top/hw/mb_usb_hdmi_top.xsa'.
19:13:04 INFO  : 'configparams mdm-detect-bscan-mask 2' command is executed.
19:13:04 INFO  : Context for processor 'microblaze_0' is selected.
19:13:04 INFO  : System reset is completed.
19:13:07 INFO  : 'after 3000' command is executed.
19:13:07 INFO  : Context for processor 'microblaze_0' is selected.
19:13:07 INFO  : The application 'C:/Users/kakkar3/Desktop/Final_Project/sdk/final_proj/Debug/final_proj.elf' is downloaded to processor 'microblaze_0'.
19:13:07 INFO  : ----------------XSDB Script----------------
connect -url tcp:127.0.0.1:3121
targets -set -filter {jtag_cable_name =~ "RealDigital Boo 887100000010A" && level==0 && jtag_device_ctx=="jsn1-0362f093-0"}
fpga -file C:/Users/kakkar3/Desktop/Final_Project/sdk/final_proj/_ide/bitstream/mb_usb_hdmi_top.bit
targets -set -nocase -filter {name =~ "*microblaze*#0" && bscan=="USER2" }
loadhw -hw C:/Users/kakkar3/Desktop/Final_Project/sdk/mb_usb_hdmi_top/export/mb_usb_hdmi_top/hw/mb_usb_hdmi_top.xsa -regs
configparams mdm-detect-bscan-mask 2
targets -set -nocase -filter {name =~ "*microblaze*#0" && bscan=="USER2" }
rst -system
after 3000
targets -set -nocase -filter {name =~ "*microblaze*#0" && bscan=="USER2" }
dow C:/Users/kakkar3/Desktop/Final_Project/sdk/final_proj/Debug/final_proj.elf
----------------End of Script----------------

19:13:07 INFO  : Context for processor 'microblaze_0' is selected.
19:13:07 INFO  : 'con' command is executed.
19:13:07 INFO  : ----------------XSDB Script (After Launch)----------------
targets -set -nocase -filter {name =~ "*microblaze*#0" && bscan=="USER2" }
con
----------------End of Script----------------

19:13:07 INFO  : Launch script is exported to file 'C:\Users\kakkar3\Desktop\Final_Project\sdk\final_proj_system\_ide\scripts\debugger_final_proj-default.tcl'
19:22:24 INFO  : Hardware specification for platform project 'mb_usb_hdmi_top' is updated.
19:22:48 INFO  : Result from executing command 'getProjects': mb_usb_hdmi_top
19:22:48 INFO  : Result from executing command 'getPlatforms': xilinx_vck190_base_202220_1|C:/Xilinx/Vitis/2022.2/base_platforms/xilinx_vck190_base_202220_1/xilinx_vck190_base_202220_1.xpfm;xilinx_vck190_base_dfx_202220_1|C:/Xilinx/Vitis/2022.2/base_platforms/xilinx_vck190_base_dfx_202220_1/xilinx_vck190_base_dfx_202220_1.xpfm;xilinx_vmk180_base_202220_1|C:/Xilinx/Vitis/2022.2/base_platforms/xilinx_vmk180_base_202220_1/xilinx_vmk180_base_202220_1.xpfm;xilinx_zcu102_base_202220_1|C:/Xilinx/Vitis/2022.2/base_platforms/xilinx_zcu102_base_202220_1/xilinx_zcu102_base_202220_1.xpfm;xilinx_zcu102_base_dfx_202220_1|C:/Xilinx/Vitis/2022.2/base_platforms/xilinx_zcu102_base_dfx_202220_1/xilinx_zcu102_base_dfx_202220_1.xpfm;xilinx_zcu104_base_202220_1|C:/Xilinx/Vitis/2022.2/base_platforms/xilinx_zcu104_base_202220_1/xilinx_zcu104_base_202220_1.xpfm
19:22:50 INFO  : Checking for BSP changes to sync application flags for project 'final_proj'...
19:22:53 INFO  : The hardware specification used by project 'final_proj' is out of sync with the platform. Resource files extracted from the hardware specification will be updated.
19:22:53 INFO  : The file 'C:\Users\kakkar3\Desktop\Final_Project\sdk\final_proj\_ide\bitstream\mb_usb_hdmi_top.bit' stored in project is removed.
19:22:53 INFO  : The file 'C:\Users\kakkar3\Desktop\Final_Project\sdk\final_proj\_ide\bitstream\mb_usb_hdmi_top.mmi' stored in project is removed.
19:22:53 INFO  : The updated bitstream files are copied from platform to folder 'C:\Users\kakkar3\Desktop\Final_Project\sdk\final_proj\_ide\bitstream' in project 'final_proj'.
19:23:23 INFO  : Disconnected from the channel tcfchan#14.
19:23:24 INFO  : Connected to target on host '127.0.0.1' and port '3121'.
19:23:24 INFO  : Jtag cable 'RealDigital Boo 887100000010A' is selected.
19:23:24 INFO  : 'jtag frequency' command is executed.
19:23:27 ERROR : no targets found with "jtag_cable_name =~ "RealDigital Boo 887100000010A" && level==0 && jtag_device_ctx=="jsn1-0362f093-0"". available targets:
  1  xc7s50
     2  MicroBlaze Debug Module at USER2
        3  MicroBlaze #0 (Running)
19:23:27 ERROR : Exception occured while running Program Device.
java.lang.RuntimeException: no targets found with "jtag_cable_name =~ "RealDigital Boo 887100000010A" && level==0 && jtag_device_ctx=="jsn1-0362f093-0"". available targets:
  1  xc7s50
     2  MicroBlaze Debug Module at USER2
        3  MicroBlaze #0 (Running)
19:23:27 INFO  : ----------------XSDB Script----------------
connect -url tcp:127.0.0.1:3121
----------------End of Script----------------

19:23:27 ERROR : no targets found with "jtag_cable_name =~ "RealDigital Boo 887100000010A" && level==0 && jtag_device_ctx=="jsn1-0362f093-0"". available targets:
  1  xc7s50
     2  MicroBlaze Debug Module at USER2
        3  MicroBlaze #0 (Running)
19:27:20 DEBUG : Logs will be stored at 'C:/Users/kakkar3/Desktop/Final_Project/sdk/IDE.log'.
19:27:20 INFO  : Launching XSCT server: xsct.bat -n  -interactive C:\Users\kakkar3\Desktop\Final_Project\sdk\temp_xsdb_launch_script.tcl
19:27:23 INFO  : XSCT server has started successfully.
19:27:23 INFO  : Registering command handlers for Vitis TCF services
19:27:24 INFO  : Platform repository initialization has completed.
19:27:28 INFO  : Successfully done setting XSCT server connection channel  
19:27:28 INFO  : plnx-install-location is set to ''
19:27:28 INFO  : Successfully done query RDI_DATADIR 
19:27:28 INFO  : Successfully done setting workspace for the tool. 
19:27:40 INFO  : Connected to target on host '127.0.0.1' and port '3121'.
19:27:40 INFO  : Jtag cable 'RealDigital Boo 887100000010A' is selected.
19:27:40 INFO  : 'jtag frequency' command is executed.
19:27:40 INFO  : 'targets -set -filter {jtag_cable_name =~ "RealDigital Boo 887100000010A" && level==0 && jtag_device_ctx=="jsn1-0362f093-0"}' command is executed.
19:27:41 INFO  : Device configured successfully with "C:/Users/kakkar3/Desktop/Final_Project/sdk/final_proj/_ide/bitstream/mb_usb_hdmi_top.bit"
19:27:41 INFO  : Context for processor 'microblaze_0' is selected.
19:27:41 INFO  : Hardware design and registers information is loaded from 'C:/Users/kakkar3/Desktop/Final_Project/sdk/mb_usb_hdmi_top/export/mb_usb_hdmi_top/hw/mb_usb_hdmi_top.xsa'.
19:27:41 INFO  : 'configparams mdm-detect-bscan-mask 2' command is executed.
19:27:41 INFO  : Context for processor 'microblaze_0' is selected.
19:27:41 INFO  : System reset is completed.
19:27:44 INFO  : 'after 3000' command is executed.
19:27:45 INFO  : Context for processor 'microblaze_0' is selected.
19:27:45 INFO  : The application 'C:/Users/kakkar3/Desktop/Final_Project/sdk/final_proj/Debug/final_proj.elf' is downloaded to processor 'microblaze_0'.
19:27:45 INFO  : ----------------XSDB Script----------------
connect -url tcp:127.0.0.1:3121
targets -set -filter {jtag_cable_name =~ "RealDigital Boo 887100000010A" && level==0 && jtag_device_ctx=="jsn1-0362f093-0"}
fpga -file C:/Users/kakkar3/Desktop/Final_Project/sdk/final_proj/_ide/bitstream/mb_usb_hdmi_top.bit
targets -set -nocase -filter {name =~ "*microblaze*#0" && bscan=="USER2" }
loadhw -hw C:/Users/kakkar3/Desktop/Final_Project/sdk/mb_usb_hdmi_top/export/mb_usb_hdmi_top/hw/mb_usb_hdmi_top.xsa -regs
configparams mdm-detect-bscan-mask 2
targets -set -nocase -filter {name =~ "*microblaze*#0" && bscan=="USER2" }
rst -system
after 3000
targets -set -nocase -filter {name =~ "*microblaze*#0" && bscan=="USER2" }
dow C:/Users/kakkar3/Desktop/Final_Project/sdk/final_proj/Debug/final_proj.elf
----------------End of Script----------------

19:27:45 INFO  : Context for processor 'microblaze_0' is selected.
19:27:45 INFO  : 'con' command is executed.
19:27:45 INFO  : ----------------XSDB Script (After Launch)----------------
targets -set -nocase -filter {name =~ "*microblaze*#0" && bscan=="USER2" }
con
----------------End of Script----------------

19:27:45 INFO  : Launch script is exported to file 'C:\Users\kakkar3\Desktop\Final_Project\sdk\final_proj_system\_ide\scripts\debugger_final_proj-default.tcl'
19:30:17 INFO  : Disconnected from the channel tcfchan#1.
19:30:18 INFO  : Connected to target on host '127.0.0.1' and port '3121'.
19:30:18 INFO  : Jtag cable 'RealDigital Boo 887100000010A' is selected.
19:30:18 INFO  : 'jtag frequency' command is executed.
19:30:18 INFO  : 'targets -set -filter {jtag_cable_name =~ "RealDigital Boo 887100000010A" && level==0 && jtag_device_ctx=="jsn1-0362f093-0"}' command is executed.
19:30:19 INFO  : Device configured successfully with "C:/Users/kakkar3/Desktop/Final_Project/sdk/final_proj/_ide/bitstream/mb_usb_hdmi_top.bit"
19:30:19 INFO  : Context for processor 'microblaze_0' is selected.
19:30:19 INFO  : Hardware design and registers information is loaded from 'C:/Users/kakkar3/Desktop/Final_Project/sdk/mb_usb_hdmi_top/export/mb_usb_hdmi_top/hw/mb_usb_hdmi_top.xsa'.
19:30:19 INFO  : 'configparams mdm-detect-bscan-mask 2' command is executed.
19:30:19 INFO  : Context for processor 'microblaze_0' is selected.
19:30:19 INFO  : System reset is completed.
19:30:22 INFO  : 'after 3000' command is executed.
19:30:22 INFO  : Context for processor 'microblaze_0' is selected.
19:30:23 INFO  : The application 'C:/Users/kakkar3/Desktop/Final_Project/sdk/final_proj/Debug/final_proj.elf' is downloaded to processor 'microblaze_0'.
19:30:23 INFO  : ----------------XSDB Script----------------
connect -url tcp:127.0.0.1:3121
targets -set -filter {jtag_cable_name =~ "RealDigital Boo 887100000010A" && level==0 && jtag_device_ctx=="jsn1-0362f093-0"}
fpga -file C:/Users/kakkar3/Desktop/Final_Project/sdk/final_proj/_ide/bitstream/mb_usb_hdmi_top.bit
targets -set -nocase -filter {name =~ "*microblaze*#0" && bscan=="USER2" }
loadhw -hw C:/Users/kakkar3/Desktop/Final_Project/sdk/mb_usb_hdmi_top/export/mb_usb_hdmi_top/hw/mb_usb_hdmi_top.xsa -regs
configparams mdm-detect-bscan-mask 2
targets -set -nocase -filter {name =~ "*microblaze*#0" && bscan=="USER2" }
rst -system
after 3000
targets -set -nocase -filter {name =~ "*microblaze*#0" && bscan=="USER2" }
dow C:/Users/kakkar3/Desktop/Final_Project/sdk/final_proj/Debug/final_proj.elf
----------------End of Script----------------

19:30:23 INFO  : Context for processor 'microblaze_0' is selected.
19:30:23 INFO  : 'con' command is executed.
19:30:23 INFO  : ----------------XSDB Script (After Launch)----------------
targets -set -nocase -filter {name =~ "*microblaze*#0" && bscan=="USER2" }
con
----------------End of Script----------------

19:30:23 INFO  : Launch script is exported to file 'C:\Users\kakkar3\Desktop\Final_Project\sdk\final_proj_system\_ide\scripts\debugger_final_proj-default.tcl'
19:30:35 INFO  : Checking for BSP changes to sync application flags for project 'final_proj'...
19:30:42 INFO  : Disconnected from the channel tcfchan#2.
19:30:43 INFO  : Connected to target on host '127.0.0.1' and port '3121'.
19:30:52 INFO  : ----------------XSDB Script----------------
connect -url tcp:127.0.0.1:3121
----------------End of Script----------------

19:30:52 ERROR : Could not find FPGA device on the board for connection 'Local'.


Troubleshooting hints:
1. Check whether board is connected to system properly.
2. In case of zynq board, check whether Digilent/Xilinx cable switch settings are correct.
3. If you are using Xilinx Platform Cable USB, ensure that status LED is green.
19:30:55 INFO  : Connected to target on host '127.0.0.1' and port '3121'.
19:30:55 INFO  : Jtag cable 'RealDigital Boo 887100000010A' is selected.
19:30:55 INFO  : 'jtag frequency' command is executed.
19:30:55 INFO  : 'targets -set -filter {jtag_cable_name =~ "RealDigital Boo 887100000010A" && level==0 && jtag_device_ctx=="jsn1-0362f093-0"}' command is executed.
19:30:56 INFO  : Device configured successfully with "C:/Users/kakkar3/Desktop/Final_Project/sdk/final_proj/_ide/bitstream/mb_usb_hdmi_top.bit"
19:30:56 INFO  : Context for processor 'microblaze_0' is selected.
19:30:57 INFO  : Hardware design and registers information is loaded from 'C:/Users/kakkar3/Desktop/Final_Project/sdk/mb_usb_hdmi_top/export/mb_usb_hdmi_top/hw/mb_usb_hdmi_top.xsa'.
19:30:57 INFO  : 'configparams mdm-detect-bscan-mask 2' command is executed.
19:30:57 INFO  : Context for processor 'microblaze_0' is selected.
19:30:57 INFO  : System reset is completed.
19:31:00 INFO  : 'after 3000' command is executed.
19:31:00 INFO  : Context for processor 'microblaze_0' is selected.
19:31:00 INFO  : The application 'C:/Users/kakkar3/Desktop/Final_Project/sdk/final_proj/Debug/final_proj.elf' is downloaded to processor 'microblaze_0'.
19:31:00 INFO  : ----------------XSDB Script----------------
connect -url tcp:127.0.0.1:3121
targets -set -filter {jtag_cable_name =~ "RealDigital Boo 887100000010A" && level==0 && jtag_device_ctx=="jsn1-0362f093-0"}
fpga -file C:/Users/kakkar3/Desktop/Final_Project/sdk/final_proj/_ide/bitstream/mb_usb_hdmi_top.bit
targets -set -nocase -filter {name =~ "*microblaze*#0" && bscan=="USER2" }
loadhw -hw C:/Users/kakkar3/Desktop/Final_Project/sdk/mb_usb_hdmi_top/export/mb_usb_hdmi_top/hw/mb_usb_hdmi_top.xsa -regs
configparams mdm-detect-bscan-mask 2
targets -set -nocase -filter {name =~ "*microblaze*#0" && bscan=="USER2" }
rst -system
after 3000
targets -set -nocase -filter {name =~ "*microblaze*#0" && bscan=="USER2" }
dow C:/Users/kakkar3/Desktop/Final_Project/sdk/final_proj/Debug/final_proj.elf
----------------End of Script----------------

19:31:00 INFO  : Context for processor 'microblaze_0' is selected.
19:31:00 INFO  : 'con' command is executed.
19:31:00 INFO  : ----------------XSDB Script (After Launch)----------------
targets -set -nocase -filter {name =~ "*microblaze*#0" && bscan=="USER2" }
con
----------------End of Script----------------

19:31:00 INFO  : Launch script is exported to file 'C:\Users\kakkar3\Desktop\Final_Project\sdk\final_proj_system\_ide\scripts\debugger_final_proj-default.tcl'
20:02:18 INFO  : Checking for BSP changes to sync application flags for project 'final_proj'...
20:02:31 INFO  : Disconnected from the channel tcfchan#3.
20:02:32 INFO  : Connected to target on host '127.0.0.1' and port '3121'.
20:02:32 INFO  : Jtag cable 'RealDigital Boo 887100000010A' is selected.
20:02:32 INFO  : 'jtag frequency' command is executed.
20:02:32 INFO  : 'targets -set -filter {jtag_cable_name =~ "RealDigital Boo 887100000010A" && level==0 && jtag_device_ctx=="jsn1-0362f093-0"}' command is executed.
20:02:33 INFO  : Device configured successfully with "C:/Users/kakkar3/Desktop/Final_Project/sdk/final_proj/_ide/bitstream/mb_usb_hdmi_top.bit"
20:02:33 INFO  : Context for processor 'microblaze_0' is selected.
20:02:34 INFO  : Hardware design and registers information is loaded from 'C:/Users/kakkar3/Desktop/Final_Project/sdk/mb_usb_hdmi_top/export/mb_usb_hdmi_top/hw/mb_usb_hdmi_top.xsa'.
20:02:34 INFO  : 'configparams mdm-detect-bscan-mask 2' command is executed.
20:02:34 INFO  : Context for processor 'microblaze_0' is selected.
20:02:34 INFO  : System reset is completed.
20:02:37 INFO  : 'after 3000' command is executed.
20:02:37 INFO  : Context for processor 'microblaze_0' is selected.
20:02:37 INFO  : The application 'C:/Users/kakkar3/Desktop/Final_Project/sdk/final_proj/Debug/final_proj.elf' is downloaded to processor 'microblaze_0'.
20:02:37 INFO  : ----------------XSDB Script----------------
connect -url tcp:127.0.0.1:3121
targets -set -filter {jtag_cable_name =~ "RealDigital Boo 887100000010A" && level==0 && jtag_device_ctx=="jsn1-0362f093-0"}
fpga -file C:/Users/kakkar3/Desktop/Final_Project/sdk/final_proj/_ide/bitstream/mb_usb_hdmi_top.bit
targets -set -nocase -filter {name =~ "*microblaze*#0" && bscan=="USER2" }
loadhw -hw C:/Users/kakkar3/Desktop/Final_Project/sdk/mb_usb_hdmi_top/export/mb_usb_hdmi_top/hw/mb_usb_hdmi_top.xsa -regs
configparams mdm-detect-bscan-mask 2
targets -set -nocase -filter {name =~ "*microblaze*#0" && bscan=="USER2" }
rst -system
after 3000
targets -set -nocase -filter {name =~ "*microblaze*#0" && bscan=="USER2" }
dow C:/Users/kakkar3/Desktop/Final_Project/sdk/final_proj/Debug/final_proj.elf
----------------End of Script----------------

20:02:37 INFO  : Context for processor 'microblaze_0' is selected.
20:02:37 INFO  : 'con' command is executed.
20:02:37 INFO  : ----------------XSDB Script (After Launch)----------------
targets -set -nocase -filter {name =~ "*microblaze*#0" && bscan=="USER2" }
con
----------------End of Script----------------

20:02:37 INFO  : Launch script is exported to file 'C:\Users\kakkar3\Desktop\Final_Project\sdk\final_proj_system\_ide\scripts\debugger_final_proj-default.tcl'
20:23:16 INFO  : Hardware specification for platform project 'mb_usb_hdmi_top' is updated.
20:24:12 INFO  : Result from executing command 'getProjects': mb_usb_hdmi_top
20:24:12 INFO  : Result from executing command 'getPlatforms': mb_usb_hdmi_top|C:/Users/kakkar3/Desktop/Final_Project/sdk/mb_usb_hdmi_top/export/mb_usb_hdmi_top/mb_usb_hdmi_top.xpfm;xilinx_vck190_base_202220_1|C:/Xilinx/Vitis/2022.2/base_platforms/xilinx_vck190_base_202220_1/xilinx_vck190_base_202220_1.xpfm;xilinx_vck190_base_dfx_202220_1|C:/Xilinx/Vitis/2022.2/base_platforms/xilinx_vck190_base_dfx_202220_1/xilinx_vck190_base_dfx_202220_1.xpfm;xilinx_vmk180_base_202220_1|C:/Xilinx/Vitis/2022.2/base_platforms/xilinx_vmk180_base_202220_1/xilinx_vmk180_base_202220_1.xpfm;xilinx_zcu102_base_202220_1|C:/Xilinx/Vitis/2022.2/base_platforms/xilinx_zcu102_base_202220_1/xilinx_zcu102_base_202220_1.xpfm;xilinx_zcu102_base_dfx_202220_1|C:/Xilinx/Vitis/2022.2/base_platforms/xilinx_zcu102_base_dfx_202220_1/xilinx_zcu102_base_dfx_202220_1.xpfm;xilinx_zcu104_base_202220_1|C:/Xilinx/Vitis/2022.2/base_platforms/xilinx_zcu104_base_202220_1/xilinx_zcu104_base_202220_1.xpfm
20:24:13 INFO  : Checking for BSP changes to sync application flags for project 'final_proj'...
20:24:16 INFO  : The hardware specification used by project 'final_proj' is out of sync with the platform. Resource files extracted from the hardware specification will be updated.
20:24:16 INFO  : The file 'C:\Users\kakkar3\Desktop\Final_Project\sdk\final_proj\_ide\bitstream\mb_usb_hdmi_top.bit' stored in project is removed.
20:24:16 INFO  : The file 'C:\Users\kakkar3\Desktop\Final_Project\sdk\final_proj\_ide\bitstream\mb_usb_hdmi_top.mmi' stored in project is removed.
20:24:17 INFO  : The updated bitstream files are copied from platform to folder 'C:\Users\kakkar3\Desktop\Final_Project\sdk\final_proj\_ide\bitstream' in project 'final_proj'.
20:24:21 INFO  : Disconnected from the channel tcfchan#4.
20:24:22 INFO  : Connected to target on host '127.0.0.1' and port '3121'.
20:24:31 INFO  : ----------------XSDB Script----------------
connect -url tcp:127.0.0.1:3121
----------------End of Script----------------

20:24:31 ERROR : Could not find FPGA device on the board for connection 'Local'.


Troubleshooting hints:
1. Check whether board is connected to system properly.
2. In case of zynq board, check whether Digilent/Xilinx cable switch settings are correct.
3. If you are using Xilinx Platform Cable USB, ensure that status LED is green.
20:24:33 INFO  : Connected to target on host '127.0.0.1' and port '3121'.
20:24:33 INFO  : Jtag cable 'RealDigital Boo 887100000010A' is selected.
20:24:33 INFO  : 'jtag frequency' command is executed.
20:24:33 INFO  : 'targets -set -filter {jtag_cable_name =~ "RealDigital Boo 887100000010A" && level==0 && jtag_device_ctx=="jsn1-0362f093-0"}' command is executed.
20:24:35 INFO  : Device configured successfully with "C:/Users/kakkar3/Desktop/Final_Project/sdk/final_proj/_ide/bitstream/mb_usb_hdmi_top.bit"
20:24:35 INFO  : Context for processor 'microblaze_0' is selected.
20:24:35 INFO  : Hardware design and registers information is loaded from 'C:/Users/kakkar3/Desktop/Final_Project/sdk/mb_usb_hdmi_top/export/mb_usb_hdmi_top/hw/mb_usb_hdmi_top.xsa'.
20:24:35 INFO  : 'configparams mdm-detect-bscan-mask 2' command is executed.
20:24:35 INFO  : Context for processor 'microblaze_0' is selected.
20:24:35 INFO  : System reset is completed.
20:24:38 INFO  : 'after 3000' command is executed.
20:24:38 INFO  : Context for processor 'microblaze_0' is selected.
20:24:38 INFO  : The application 'C:/Users/kakkar3/Desktop/Final_Project/sdk/final_proj/Debug/final_proj.elf' is downloaded to processor 'microblaze_0'.
20:24:38 INFO  : ----------------XSDB Script----------------
connect -url tcp:127.0.0.1:3121
targets -set -filter {jtag_cable_name =~ "RealDigital Boo 887100000010A" && level==0 && jtag_device_ctx=="jsn1-0362f093-0"}
fpga -file C:/Users/kakkar3/Desktop/Final_Project/sdk/final_proj/_ide/bitstream/mb_usb_hdmi_top.bit
targets -set -nocase -filter {name =~ "*microblaze*#0" && bscan=="USER2" }
loadhw -hw C:/Users/kakkar3/Desktop/Final_Project/sdk/mb_usb_hdmi_top/export/mb_usb_hdmi_top/hw/mb_usb_hdmi_top.xsa -regs
configparams mdm-detect-bscan-mask 2
targets -set -nocase -filter {name =~ "*microblaze*#0" && bscan=="USER2" }
rst -system
after 3000
targets -set -nocase -filter {name =~ "*microblaze*#0" && bscan=="USER2" }
dow C:/Users/kakkar3/Desktop/Final_Project/sdk/final_proj/Debug/final_proj.elf
----------------End of Script----------------

20:24:38 INFO  : Context for processor 'microblaze_0' is selected.
20:24:38 INFO  : 'con' command is executed.
20:24:38 INFO  : ----------------XSDB Script (After Launch)----------------
targets -set -nocase -filter {name =~ "*microblaze*#0" && bscan=="USER2" }
con
----------------End of Script----------------

20:24:38 INFO  : Launch script is exported to file 'C:\Users\kakkar3\Desktop\Final_Project\sdk\final_proj_system\_ide\scripts\debugger_final_proj-default.tcl'
20:35:24 INFO  : Disconnected from the channel tcfchan#6.
22:01:12 DEBUG : Logs will be stored at 'C:/Users/kakkar3/Desktop/Final_Project/sdk/IDE.log'.
22:01:12 INFO  : Launching XSCT server: xsct.bat -n  -interactive C:\Users\kakkar3\Desktop\Final_Project\sdk\temp_xsdb_launch_script.tcl
22:01:15 INFO  : Registering command handlers for Vitis TCF services
22:01:16 INFO  : XSCT server has started successfully.
22:01:16 INFO  : Platform repository initialization has completed.
22:01:19 INFO  : plnx-install-location is set to ''
22:01:19 INFO  : Successfully done setting XSCT server connection channel  
22:01:19 INFO  : Successfully done query RDI_DATADIR 
22:01:19 INFO  : Successfully done setting workspace for the tool. 
22:01:31 INFO  : Connected to target on host '127.0.0.1' and port '3121'.
22:01:31 INFO  : Jtag cable 'RealDigital Boo 887100000010A' is selected.
22:01:31 INFO  : 'jtag frequency' command is executed.
22:01:31 INFO  : 'targets -set -filter {jtag_cable_name =~ "RealDigital Boo 887100000010A" && level==0 && jtag_device_ctx=="jsn1-0362f093-0"}' command is executed.
22:01:32 INFO  : Device configured successfully with "C:/Users/kakkar3/Desktop/Final_Project/sdk/final_proj/_ide/bitstream/mb_usb_hdmi_top.bit"
22:01:33 INFO  : Context for processor 'microblaze_0' is selected.
22:01:33 INFO  : Hardware design and registers information is loaded from 'C:/Users/kakkar3/Desktop/Final_Project/sdk/mb_usb_hdmi_top/export/mb_usb_hdmi_top/hw/mb_usb_hdmi_top.xsa'.
22:01:33 INFO  : 'configparams mdm-detect-bscan-mask 2' command is executed.
22:01:33 INFO  : Context for processor 'microblaze_0' is selected.
22:01:33 INFO  : System reset is completed.
22:01:36 INFO  : 'after 3000' command is executed.
22:01:36 INFO  : Context for processor 'microblaze_0' is selected.
22:01:36 INFO  : The application 'C:/Users/kakkar3/Desktop/Final_Project/sdk/final_proj/Debug/final_proj.elf' is downloaded to processor 'microblaze_0'.
22:01:36 INFO  : ----------------XSDB Script----------------
connect -url tcp:127.0.0.1:3121
targets -set -filter {jtag_cable_name =~ "RealDigital Boo 887100000010A" && level==0 && jtag_device_ctx=="jsn1-0362f093-0"}
fpga -file C:/Users/kakkar3/Desktop/Final_Project/sdk/final_proj/_ide/bitstream/mb_usb_hdmi_top.bit
targets -set -nocase -filter {name =~ "*microblaze*#0" && bscan=="USER2" }
loadhw -hw C:/Users/kakkar3/Desktop/Final_Project/sdk/mb_usb_hdmi_top/export/mb_usb_hdmi_top/hw/mb_usb_hdmi_top.xsa -regs
configparams mdm-detect-bscan-mask 2
targets -set -nocase -filter {name =~ "*microblaze*#0" && bscan=="USER2" }
rst -system
after 3000
targets -set -nocase -filter {name =~ "*microblaze*#0" && bscan=="USER2" }
dow C:/Users/kakkar3/Desktop/Final_Project/sdk/final_proj/Debug/final_proj.elf
----------------End of Script----------------

22:01:36 INFO  : Context for processor 'microblaze_0' is selected.
22:01:36 INFO  : 'con' command is executed.
22:01:36 INFO  : ----------------XSDB Script (After Launch)----------------
targets -set -nocase -filter {name =~ "*microblaze*#0" && bscan=="USER2" }
con
----------------End of Script----------------

22:01:36 INFO  : Launch script is exported to file 'C:\Users\kakkar3\Desktop\Final_Project\sdk\final_proj_system\_ide\scripts\debugger_final_proj-default.tcl'
23:20:13 INFO  : Hardware specification for platform project 'mb_usb_hdmi_top' is updated.
23:20:41 INFO  : Result from executing command 'getProjects': mb_usb_hdmi_top
23:20:41 INFO  : Result from executing command 'getPlatforms': mb_usb_hdmi_top|C:/Users/kakkar3/Desktop/Final_Project/sdk/mb_usb_hdmi_top/export/mb_usb_hdmi_top/mb_usb_hdmi_top.xpfm;xilinx_vck190_base_202220_1|C:/Xilinx/Vitis/2022.2/base_platforms/xilinx_vck190_base_202220_1/xilinx_vck190_base_202220_1.xpfm;xilinx_vck190_base_dfx_202220_1|C:/Xilinx/Vitis/2022.2/base_platforms/xilinx_vck190_base_dfx_202220_1/xilinx_vck190_base_dfx_202220_1.xpfm;xilinx_vmk180_base_202220_1|C:/Xilinx/Vitis/2022.2/base_platforms/xilinx_vmk180_base_202220_1/xilinx_vmk180_base_202220_1.xpfm;xilinx_zcu102_base_202220_1|C:/Xilinx/Vitis/2022.2/base_platforms/xilinx_zcu102_base_202220_1/xilinx_zcu102_base_202220_1.xpfm;xilinx_zcu102_base_dfx_202220_1|C:/Xilinx/Vitis/2022.2/base_platforms/xilinx_zcu102_base_dfx_202220_1/xilinx_zcu102_base_dfx_202220_1.xpfm;xilinx_zcu104_base_202220_1|C:/Xilinx/Vitis/2022.2/base_platforms/xilinx_zcu104_base_202220_1/xilinx_zcu104_base_202220_1.xpfm
23:20:42 INFO  : Checking for BSP changes to sync application flags for project 'final_proj'...
23:20:44 INFO  : The hardware specification used by project 'final_proj' is out of sync with the platform. Resource files extracted from the hardware specification will be updated.
23:20:44 INFO  : The file 'C:\Users\kakkar3\Desktop\Final_Project\sdk\final_proj\_ide\bitstream\mb_usb_hdmi_top.bit' stored in project is removed.
23:20:44 INFO  : The file 'C:\Users\kakkar3\Desktop\Final_Project\sdk\final_proj\_ide\bitstream\mb_usb_hdmi_top.mmi' stored in project is removed.
23:20:44 INFO  : The updated bitstream files are copied from platform to folder 'C:\Users\kakkar3\Desktop\Final_Project\sdk\final_proj\_ide\bitstream' in project 'final_proj'.
23:21:09 INFO  : Checking for BSP changes to sync application flags for project 'final_proj'...
23:21:16 INFO  : Disconnected from the channel tcfchan#1.
23:21:17 INFO  : Connected to target on host '127.0.0.1' and port '3121'.
23:21:26 INFO  : ----------------XSDB Script----------------
connect -url tcp:127.0.0.1:3121
----------------End of Script----------------

23:21:26 ERROR : Could not find FPGA device on the board for connection 'Local'.


Troubleshooting hints:
1. Check whether board is connected to system properly.
2. In case of zynq board, check whether Digilent/Xilinx cable switch settings are correct.
3. If you are using Xilinx Platform Cable USB, ensure that status LED is green.
23:21:28 INFO  : Connected to target on host '127.0.0.1' and port '3121'.
23:21:28 INFO  : Jtag cable 'RealDigital Boo 887100000010A' is selected.
23:21:28 INFO  : 'jtag frequency' command is executed.
23:21:28 INFO  : 'targets -set -filter {jtag_cable_name =~ "RealDigital Boo 887100000010A" && level==0 && jtag_device_ctx=="jsn1-0362f093-0"}' command is executed.
23:21:30 INFO  : Device configured successfully with "C:/Users/kakkar3/Desktop/Final_Project/sdk/final_proj/_ide/bitstream/mb_usb_hdmi_top.bit"
23:21:30 INFO  : Context for processor 'microblaze_0' is selected.
23:21:30 INFO  : Hardware design and registers information is loaded from 'C:/Users/kakkar3/Desktop/Final_Project/sdk/mb_usb_hdmi_top/export/mb_usb_hdmi_top/hw/mb_usb_hdmi_top.xsa'.
23:21:30 INFO  : 'configparams mdm-detect-bscan-mask 2' command is executed.
23:21:30 INFO  : Context for processor 'microblaze_0' is selected.
23:21:30 INFO  : System reset is completed.
23:21:33 INFO  : 'after 3000' command is executed.
23:21:33 INFO  : Context for processor 'microblaze_0' is selected.
23:21:33 INFO  : The application 'C:/Users/kakkar3/Desktop/Final_Project/sdk/final_proj/Debug/final_proj.elf' is downloaded to processor 'microblaze_0'.
23:21:33 INFO  : ----------------XSDB Script----------------
connect -url tcp:127.0.0.1:3121
targets -set -filter {jtag_cable_name =~ "RealDigital Boo 887100000010A" && level==0 && jtag_device_ctx=="jsn1-0362f093-0"}
fpga -file C:/Users/kakkar3/Desktop/Final_Project/sdk/final_proj/_ide/bitstream/mb_usb_hdmi_top.bit
targets -set -nocase -filter {name =~ "*microblaze*#0" && bscan=="USER2" }
loadhw -hw C:/Users/kakkar3/Desktop/Final_Project/sdk/mb_usb_hdmi_top/export/mb_usb_hdmi_top/hw/mb_usb_hdmi_top.xsa -regs
configparams mdm-detect-bscan-mask 2
targets -set -nocase -filter {name =~ "*microblaze*#0" && bscan=="USER2" }
rst -system
after 3000
targets -set -nocase -filter {name =~ "*microblaze*#0" && bscan=="USER2" }
dow C:/Users/kakkar3/Desktop/Final_Project/sdk/final_proj/Debug/final_proj.elf
----------------End of Script----------------

23:21:33 INFO  : Context for processor 'microblaze_0' is selected.
23:21:33 INFO  : 'con' command is executed.
23:21:33 INFO  : ----------------XSDB Script (After Launch)----------------
targets -set -nocase -filter {name =~ "*microblaze*#0" && bscan=="USER2" }
con
----------------End of Script----------------

23:21:33 INFO  : Launch script is exported to file 'C:\Users\kakkar3\Desktop\Final_Project\sdk\final_proj_system\_ide\scripts\debugger_final_proj-default.tcl'
23:22:35 INFO  : Disconnected from the channel tcfchan#3.
23:22:36 INFO  : Connected to target on host '127.0.0.1' and port '3121'.
23:22:45 INFO  : ----------------XSDB Script----------------
connect -url tcp:127.0.0.1:3121
----------------End of Script----------------

23:22:45 ERROR : Could not find FPGA device on the board for connection 'Local'.


Troubleshooting hints:
1. Check whether board is connected to system properly.
2. In case of zynq board, check whether Digilent/Xilinx cable switch settings are correct.
3. If you are using Xilinx Platform Cable USB, ensure that status LED is green.
23:23:00 INFO  : Connected to target on host '127.0.0.1' and port '3121'.
23:23:00 INFO  : Jtag cable 'RealDigital Boo 887100000010A' is selected.
23:23:00 INFO  : 'jtag frequency' command is executed.
23:23:00 INFO  : 'targets -set -filter {jtag_cable_name =~ "RealDigital Boo 887100000010A" && level==0 && jtag_device_ctx=="jsn1-0362f093-0"}' command is executed.
23:23:02 INFO  : Device configured successfully with "C:/Users/kakkar3/Desktop/Final_Project/sdk/final_proj/_ide/bitstream/mb_usb_hdmi_top.bit"
23:23:02 INFO  : Context for processor 'microblaze_0' is selected.
23:23:02 INFO  : Hardware design and registers information is loaded from 'C:/Users/kakkar3/Desktop/Final_Project/sdk/mb_usb_hdmi_top/export/mb_usb_hdmi_top/hw/mb_usb_hdmi_top.xsa'.
23:23:02 INFO  : 'configparams mdm-detect-bscan-mask 2' command is executed.
23:23:02 INFO  : Context for processor 'microblaze_0' is selected.
23:23:02 INFO  : System reset is completed.
23:23:05 INFO  : 'after 3000' command is executed.
23:23:05 INFO  : Context for processor 'microblaze_0' is selected.
23:23:05 INFO  : The application 'C:/Users/kakkar3/Desktop/Final_Project/sdk/final_proj/Debug/final_proj.elf' is downloaded to processor 'microblaze_0'.
23:23:05 INFO  : ----------------XSDB Script----------------
connect -url tcp:127.0.0.1:3121
targets -set -filter {jtag_cable_name =~ "RealDigital Boo 887100000010A" && level==0 && jtag_device_ctx=="jsn1-0362f093-0"}
fpga -file C:/Users/kakkar3/Desktop/Final_Project/sdk/final_proj/_ide/bitstream/mb_usb_hdmi_top.bit
targets -set -nocase -filter {name =~ "*microblaze*#0" && bscan=="USER2" }
loadhw -hw C:/Users/kakkar3/Desktop/Final_Project/sdk/mb_usb_hdmi_top/export/mb_usb_hdmi_top/hw/mb_usb_hdmi_top.xsa -regs
configparams mdm-detect-bscan-mask 2
targets -set -nocase -filter {name =~ "*microblaze*#0" && bscan=="USER2" }
rst -system
after 3000
targets -set -nocase -filter {name =~ "*microblaze*#0" && bscan=="USER2" }
dow C:/Users/kakkar3/Desktop/Final_Project/sdk/final_proj/Debug/final_proj.elf
----------------End of Script----------------

23:23:05 INFO  : Context for processor 'microblaze_0' is selected.
23:23:05 INFO  : 'con' command is executed.
23:23:05 INFO  : ----------------XSDB Script (After Launch)----------------
targets -set -nocase -filter {name =~ "*microblaze*#0" && bscan=="USER2" }
con
----------------End of Script----------------

23:23:05 INFO  : Launch script is exported to file 'C:\Users\kakkar3\Desktop\Final_Project\sdk\final_proj_system\_ide\scripts\debugger_final_proj-default.tcl'
23:34:19 INFO  : Checking for BSP changes to sync application flags for project 'final_proj'...
23:34:23 INFO  : Disconnected from the channel tcfchan#4.
23:34:24 INFO  : Connected to target on host '127.0.0.1' and port '3121'.
23:34:33 INFO  : ----------------XSDB Script----------------
connect -url tcp:127.0.0.1:3121
----------------End of Script----------------

23:34:33 ERROR : Could not find FPGA device on the board for connection 'Local'.


Troubleshooting hints:
1. Check whether board is connected to system properly.
2. In case of zynq board, check whether Digilent/Xilinx cable switch settings are correct.
3. If you are using Xilinx Platform Cable USB, ensure that status LED is green.
23:34:35 INFO  : Connected to target on host '127.0.0.1' and port '3121'.
23:34:35 INFO  : Jtag cable 'RealDigital Boo 887100000010A' is selected.
23:34:35 INFO  : 'jtag frequency' command is executed.
23:34:35 INFO  : 'targets -set -filter {jtag_cable_name =~ "RealDigital Boo 887100000010A" && level==0 && jtag_device_ctx=="jsn1-0362f093-0"}' command is executed.
23:34:36 INFO  : Device configured successfully with "C:/Users/kakkar3/Desktop/Final_Project/sdk/final_proj/_ide/bitstream/mb_usb_hdmi_top.bit"
23:34:36 INFO  : Context for processor 'microblaze_0' is selected.
23:34:36 INFO  : Hardware design and registers information is loaded from 'C:/Users/kakkar3/Desktop/Final_Project/sdk/mb_usb_hdmi_top/export/mb_usb_hdmi_top/hw/mb_usb_hdmi_top.xsa'.
23:34:36 INFO  : 'configparams mdm-detect-bscan-mask 2' command is executed.
23:34:36 INFO  : Context for processor 'microblaze_0' is selected.
23:34:36 INFO  : System reset is completed.
23:34:39 INFO  : 'after 3000' command is executed.
23:34:39 INFO  : Context for processor 'microblaze_0' is selected.
23:34:39 INFO  : The application 'C:/Users/kakkar3/Desktop/Final_Project/sdk/final_proj/Debug/final_proj.elf' is downloaded to processor 'microblaze_0'.
23:34:39 INFO  : ----------------XSDB Script----------------
connect -url tcp:127.0.0.1:3121
targets -set -filter {jtag_cable_name =~ "RealDigital Boo 887100000010A" && level==0 && jtag_device_ctx=="jsn1-0362f093-0"}
fpga -file C:/Users/kakkar3/Desktop/Final_Project/sdk/final_proj/_ide/bitstream/mb_usb_hdmi_top.bit
targets -set -nocase -filter {name =~ "*microblaze*#0" && bscan=="USER2" }
loadhw -hw C:/Users/kakkar3/Desktop/Final_Project/sdk/mb_usb_hdmi_top/export/mb_usb_hdmi_top/hw/mb_usb_hdmi_top.xsa -regs
configparams mdm-detect-bscan-mask 2
targets -set -nocase -filter {name =~ "*microblaze*#0" && bscan=="USER2" }
rst -system
after 3000
targets -set -nocase -filter {name =~ "*microblaze*#0" && bscan=="USER2" }
dow C:/Users/kakkar3/Desktop/Final_Project/sdk/final_proj/Debug/final_proj.elf
----------------End of Script----------------

23:34:39 INFO  : Context for processor 'microblaze_0' is selected.
23:34:39 INFO  : 'con' command is executed.
23:34:39 INFO  : ----------------XSDB Script (After Launch)----------------
targets -set -nocase -filter {name =~ "*microblaze*#0" && bscan=="USER2" }
con
----------------End of Script----------------

23:34:39 INFO  : Launch script is exported to file 'C:\Users\kakkar3\Desktop\Final_Project\sdk\final_proj_system\_ide\scripts\debugger_final_proj-default.tcl'
00:46:27 INFO  : Hardware specification for platform project 'mb_usb_hdmi_top' is updated.
00:46:44 INFO  : Result from executing command 'getProjects': mb_usb_hdmi_top
00:46:44 INFO  : Result from executing command 'getPlatforms': xilinx_vck190_base_202220_1|C:/Xilinx/Vitis/2022.2/base_platforms/xilinx_vck190_base_202220_1/xilinx_vck190_base_202220_1.xpfm;xilinx_vck190_base_dfx_202220_1|C:/Xilinx/Vitis/2022.2/base_platforms/xilinx_vck190_base_dfx_202220_1/xilinx_vck190_base_dfx_202220_1.xpfm;xilinx_vmk180_base_202220_1|C:/Xilinx/Vitis/2022.2/base_platforms/xilinx_vmk180_base_202220_1/xilinx_vmk180_base_202220_1.xpfm;xilinx_zcu102_base_202220_1|C:/Xilinx/Vitis/2022.2/base_platforms/xilinx_zcu102_base_202220_1/xilinx_zcu102_base_202220_1.xpfm;xilinx_zcu102_base_dfx_202220_1|C:/Xilinx/Vitis/2022.2/base_platforms/xilinx_zcu102_base_dfx_202220_1/xilinx_zcu102_base_dfx_202220_1.xpfm;xilinx_zcu104_base_202220_1|C:/Xilinx/Vitis/2022.2/base_platforms/xilinx_zcu104_base_202220_1/xilinx_zcu104_base_202220_1.xpfm
00:46:44 INFO  : Checking for BSP changes to sync application flags for project 'final_proj'...
00:46:48 INFO  : The hardware specification used by project 'final_proj' is out of sync with the platform. Resource files extracted from the hardware specification will be updated.
00:46:48 INFO  : The file 'C:\Users\kakkar3\Desktop\Final_Project\sdk\final_proj\_ide\bitstream\mb_usb_hdmi_top.bit' stored in project is removed.
00:46:48 INFO  : The file 'C:\Users\kakkar3\Desktop\Final_Project\sdk\final_proj\_ide\bitstream\mb_usb_hdmi_top.mmi' stored in project is removed.
00:46:48 INFO  : The updated bitstream files are copied from platform to folder 'C:\Users\kakkar3\Desktop\Final_Project\sdk\final_proj\_ide\bitstream' in project 'final_proj'.
00:46:52 INFO  : Disconnected from the channel tcfchan#5.
00:46:53 INFO  : Connected to target on host '127.0.0.1' and port '3121'.
00:47:02 INFO  : ----------------XSDB Script----------------
connect -url tcp:127.0.0.1:3121
----------------End of Script----------------

00:47:02 ERROR : Could not find FPGA device on the board for connection 'Local'.


Troubleshooting hints:
1. Check whether board is connected to system properly.
2. In case of zynq board, check whether Digilent/Xilinx cable switch settings are correct.
3. If you are using Xilinx Platform Cable USB, ensure that status LED is green.
00:47:05 INFO  : Connected to target on host '127.0.0.1' and port '3121'.
00:47:05 INFO  : Jtag cable 'RealDigital Boo 887100000010A' is selected.
00:47:05 INFO  : 'jtag frequency' command is executed.
00:47:05 INFO  : 'targets -set -filter {jtag_cable_name =~ "RealDigital Boo 887100000010A" && level==0 && jtag_device_ctx=="jsn1-0362f093-0"}' command is executed.
00:47:06 INFO  : Device configured successfully with "C:/Users/kakkar3/Desktop/Final_Project/sdk/final_proj/_ide/bitstream/mb_usb_hdmi_top.bit"
00:47:06 INFO  : Context for processor 'microblaze_0' is selected.
00:47:06 INFO  : Hardware design and registers information is loaded from 'C:/Users/kakkar3/Desktop/Final_Project/sdk/mb_usb_hdmi_top/export/mb_usb_hdmi_top/hw/mb_usb_hdmi_top.xsa'.
00:47:06 INFO  : 'configparams mdm-detect-bscan-mask 2' command is executed.
00:47:07 INFO  : Context for processor 'microblaze_0' is selected.
00:47:07 INFO  : System reset is completed.
00:47:10 INFO  : 'after 3000' command is executed.
00:47:10 INFO  : Context for processor 'microblaze_0' is selected.
00:47:10 INFO  : The application 'C:/Users/kakkar3/Desktop/Final_Project/sdk/final_proj/Debug/final_proj.elf' is downloaded to processor 'microblaze_0'.
00:47:10 INFO  : ----------------XSDB Script----------------
connect -url tcp:127.0.0.1:3121
targets -set -filter {jtag_cable_name =~ "RealDigital Boo 887100000010A" && level==0 && jtag_device_ctx=="jsn1-0362f093-0"}
fpga -file C:/Users/kakkar3/Desktop/Final_Project/sdk/final_proj/_ide/bitstream/mb_usb_hdmi_top.bit
targets -set -nocase -filter {name =~ "*microblaze*#0" && bscan=="USER2" }
loadhw -hw C:/Users/kakkar3/Desktop/Final_Project/sdk/mb_usb_hdmi_top/export/mb_usb_hdmi_top/hw/mb_usb_hdmi_top.xsa -regs
configparams mdm-detect-bscan-mask 2
targets -set -nocase -filter {name =~ "*microblaze*#0" && bscan=="USER2" }
rst -system
after 3000
targets -set -nocase -filter {name =~ "*microblaze*#0" && bscan=="USER2" }
dow C:/Users/kakkar3/Desktop/Final_Project/sdk/final_proj/Debug/final_proj.elf
----------------End of Script----------------

00:47:10 INFO  : Context for processor 'microblaze_0' is selected.
00:47:10 INFO  : 'con' command is executed.
00:47:10 INFO  : ----------------XSDB Script (After Launch)----------------
targets -set -nocase -filter {name =~ "*microblaze*#0" && bscan=="USER2" }
con
----------------End of Script----------------

00:47:10 INFO  : Launch script is exported to file 'C:\Users\kakkar3\Desktop\Final_Project\sdk\final_proj_system\_ide\scripts\debugger_final_proj-default.tcl'
00:47:38 INFO  : Disconnected from the channel tcfchan#7.
00:47:39 INFO  : Connected to target on host '127.0.0.1' and port '3121'.
00:47:44 INFO  : Connected to target on host '127.0.0.1' and port '3121'.
00:47:44 INFO  : Jtag cable 'RealDigital Boo 887100000010A' is selected.
00:47:44 INFO  : 'jtag frequency' command is executed.
00:47:44 INFO  : 'targets -set -filter {jtag_cable_name =~ "RealDigital Boo 887100000010A" && level==0 && jtag_device_ctx=="jsn1-0362f093-0"}' command is executed.
00:47:45 INFO  : Device configured successfully with "C:/Users/kakkar3/Desktop/Final_Project/sdk/final_proj/_ide/bitstream/mb_usb_hdmi_top.bit"
00:47:48 INFO  : ----------------XSDB Script----------------
connect -url tcp:127.0.0.1:3121
----------------End of Script----------------

00:47:48 ERROR : Could not find FPGA device on the board for connection 'Local'.


Troubleshooting hints:
1. Check whether board is connected to system properly.
2. In case of zynq board, check whether Digilent/Xilinx cable switch settings are correct.
3. If you are using Xilinx Platform Cable USB, ensure that status LED is green.
00:47:48 INFO  : Context for processor 'microblaze_0' is selected.
00:47:48 INFO  : Hardware design and registers information is loaded from 'C:/Users/kakkar3/Desktop/Final_Project/sdk/mb_usb_hdmi_top/export/mb_usb_hdmi_top/hw/mb_usb_hdmi_top.xsa'.
00:47:48 INFO  : 'configparams mdm-detect-bscan-mask 2' command is executed.
00:47:48 INFO  : Context for processor 'microblaze_0' is selected.
00:47:48 INFO  : System reset is completed.
00:47:51 INFO  : 'after 3000' command is executed.
00:47:51 INFO  : Context for processor 'microblaze_0' is selected.
00:47:52 INFO  : The application 'C:/Users/kakkar3/Desktop/Final_Project/sdk/final_proj/Debug/final_proj.elf' is downloaded to processor 'microblaze_0'.
00:47:52 INFO  : ----------------XSDB Script----------------
connect -url tcp:127.0.0.1:3121
targets -set -filter {jtag_cable_name =~ "RealDigital Boo 887100000010A" && level==0 && jtag_device_ctx=="jsn1-0362f093-0"}
fpga -file C:/Users/kakkar3/Desktop/Final_Project/sdk/final_proj/_ide/bitstream/mb_usb_hdmi_top.bit
targets -set -nocase -filter {name =~ "*microblaze*#0" && bscan=="USER2" }
loadhw -hw C:/Users/kakkar3/Desktop/Final_Project/sdk/mb_usb_hdmi_top/export/mb_usb_hdmi_top/hw/mb_usb_hdmi_top.xsa -regs
configparams mdm-detect-bscan-mask 2
targets -set -nocase -filter {name =~ "*microblaze*#0" && bscan=="USER2" }
rst -system
after 3000
targets -set -nocase -filter {name =~ "*microblaze*#0" && bscan=="USER2" }
dow C:/Users/kakkar3/Desktop/Final_Project/sdk/final_proj/Debug/final_proj.elf
----------------End of Script----------------

00:47:52 INFO  : Context for processor 'microblaze_0' is selected.
00:47:52 INFO  : 'con' command is executed.
00:47:52 INFO  : ----------------XSDB Script (After Launch)----------------
targets -set -nocase -filter {name =~ "*microblaze*#0" && bscan=="USER2" }
con
----------------End of Script----------------

00:47:52 INFO  : Launch script is exported to file 'C:\Users\kakkar3\Desktop\Final_Project\sdk\final_proj_system\_ide\scripts\debugger_final_proj-default.tcl'
00:49:00 INFO  : Checking for BSP changes to sync application flags for project 'final_proj'...
00:49:43 INFO  : Checking for BSP changes to sync application flags for project 'final_proj'...
00:50:01 INFO  : Checking for BSP changes to sync application flags for project 'final_proj'...
00:50:08 INFO  : Disconnected from the channel tcfchan#8.
00:50:09 INFO  : Connected to target on host '127.0.0.1' and port '3121'.
00:50:18 INFO  : ----------------XSDB Script----------------
connect -url tcp:127.0.0.1:3121
----------------End of Script----------------

00:50:18 ERROR : Could not find FPGA device on the board for connection 'Local'.


Troubleshooting hints:
1. Check whether board is connected to system properly.
2. In case of zynq board, check whether Digilent/Xilinx cable switch settings are correct.
3. If you are using Xilinx Platform Cable USB, ensure that status LED is green.
00:50:26 INFO  : Connected to target on host '127.0.0.1' and port '3121'.
00:50:26 INFO  : Jtag cable 'RealDigital Boo 887100000010A' is selected.
00:50:26 INFO  : 'jtag frequency' command is executed.
00:50:26 INFO  : 'targets -set -filter {jtag_cable_name =~ "RealDigital Boo 887100000010A" && level==0 && jtag_device_ctx=="jsn1-0362f093-0"}' command is executed.
00:50:27 INFO  : Device configured successfully with "C:/Users/kakkar3/Desktop/Final_Project/sdk/final_proj/_ide/bitstream/mb_usb_hdmi_top.bit"
00:50:27 INFO  : Context for processor 'microblaze_0' is selected.
00:50:27 INFO  : Hardware design and registers information is loaded from 'C:/Users/kakkar3/Desktop/Final_Project/sdk/mb_usb_hdmi_top/export/mb_usb_hdmi_top/hw/mb_usb_hdmi_top.xsa'.
00:50:27 INFO  : 'configparams mdm-detect-bscan-mask 2' command is executed.
00:50:27 INFO  : Context for processor 'microblaze_0' is selected.
00:50:27 INFO  : System reset is completed.
00:50:30 INFO  : 'after 3000' command is executed.
00:50:30 INFO  : Context for processor 'microblaze_0' is selected.
00:50:30 INFO  : The application 'C:/Users/kakkar3/Desktop/Final_Project/sdk/final_proj/Debug/final_proj.elf' is downloaded to processor 'microblaze_0'.
00:50:30 INFO  : ----------------XSDB Script----------------
connect -url tcp:127.0.0.1:3121
targets -set -filter {jtag_cable_name =~ "RealDigital Boo 887100000010A" && level==0 && jtag_device_ctx=="jsn1-0362f093-0"}
fpga -file C:/Users/kakkar3/Desktop/Final_Project/sdk/final_proj/_ide/bitstream/mb_usb_hdmi_top.bit
targets -set -nocase -filter {name =~ "*microblaze*#0" && bscan=="USER2" }
loadhw -hw C:/Users/kakkar3/Desktop/Final_Project/sdk/mb_usb_hdmi_top/export/mb_usb_hdmi_top/hw/mb_usb_hdmi_top.xsa -regs
configparams mdm-detect-bscan-mask 2
targets -set -nocase -filter {name =~ "*microblaze*#0" && bscan=="USER2" }
rst -system
after 3000
targets -set -nocase -filter {name =~ "*microblaze*#0" && bscan=="USER2" }
dow C:/Users/kakkar3/Desktop/Final_Project/sdk/final_proj/Debug/final_proj.elf
----------------End of Script----------------

00:50:30 INFO  : Context for processor 'microblaze_0' is selected.
00:50:30 INFO  : 'con' command is executed.
00:50:30 INFO  : ----------------XSDB Script (After Launch)----------------
targets -set -nocase -filter {name =~ "*microblaze*#0" && bscan=="USER2" }
con
----------------End of Script----------------

00:50:30 INFO  : Launch script is exported to file 'C:\Users\kakkar3\Desktop\Final_Project\sdk\final_proj_system\_ide\scripts\debugger_final_proj-default.tcl'
00:51:25 INFO  : Checking for BSP changes to sync application flags for project 'final_proj'...
00:51:30 INFO  : Disconnected from the channel tcfchan#9.
00:51:31 INFO  : Connected to target on host '127.0.0.1' and port '3121'.
00:51:40 INFO  : ----------------XSDB Script----------------
connect -url tcp:127.0.0.1:3121
----------------End of Script----------------

00:51:40 ERROR : Could not find FPGA device on the board for connection 'Local'.


Troubleshooting hints:
1. Check whether board is connected to system properly.
2. In case of zynq board, check whether Digilent/Xilinx cable switch settings are correct.
3. If you are using Xilinx Platform Cable USB, ensure that status LED is green.
00:51:43 INFO  : Connected to target on host '127.0.0.1' and port '3121'.
00:51:43 INFO  : Jtag cable 'RealDigital Boo 887100000010A' is selected.
00:51:43 INFO  : 'jtag frequency' command is executed.
00:51:43 INFO  : 'targets -set -filter {jtag_cable_name =~ "RealDigital Boo 887100000010A" && level==0 && jtag_device_ctx=="jsn1-0362f093-0"}' command is executed.
00:51:45 INFO  : Device configured successfully with "C:/Users/kakkar3/Desktop/Final_Project/sdk/final_proj/_ide/bitstream/mb_usb_hdmi_top.bit"
00:51:45 INFO  : Context for processor 'microblaze_0' is selected.
00:51:45 INFO  : Hardware design and registers information is loaded from 'C:/Users/kakkar3/Desktop/Final_Project/sdk/mb_usb_hdmi_top/export/mb_usb_hdmi_top/hw/mb_usb_hdmi_top.xsa'.
00:51:45 INFO  : 'configparams mdm-detect-bscan-mask 2' command is executed.
00:51:45 INFO  : Context for processor 'microblaze_0' is selected.
00:51:45 INFO  : System reset is completed.
00:51:48 INFO  : 'after 3000' command is executed.
00:51:48 INFO  : Context for processor 'microblaze_0' is selected.
00:51:48 INFO  : The application 'C:/Users/kakkar3/Desktop/Final_Project/sdk/final_proj/Debug/final_proj.elf' is downloaded to processor 'microblaze_0'.
00:51:48 INFO  : ----------------XSDB Script----------------
connect -url tcp:127.0.0.1:3121
targets -set -filter {jtag_cable_name =~ "RealDigital Boo 887100000010A" && level==0 && jtag_device_ctx=="jsn1-0362f093-0"}
fpga -file C:/Users/kakkar3/Desktop/Final_Project/sdk/final_proj/_ide/bitstream/mb_usb_hdmi_top.bit
targets -set -nocase -filter {name =~ "*microblaze*#0" && bscan=="USER2" }
loadhw -hw C:/Users/kakkar3/Desktop/Final_Project/sdk/mb_usb_hdmi_top/export/mb_usb_hdmi_top/hw/mb_usb_hdmi_top.xsa -regs
configparams mdm-detect-bscan-mask 2
targets -set -nocase -filter {name =~ "*microblaze*#0" && bscan=="USER2" }
rst -system
after 3000
targets -set -nocase -filter {name =~ "*microblaze*#0" && bscan=="USER2" }
dow C:/Users/kakkar3/Desktop/Final_Project/sdk/final_proj/Debug/final_proj.elf
----------------End of Script----------------

00:51:48 INFO  : Context for processor 'microblaze_0' is selected.
00:51:48 INFO  : 'con' command is executed.
00:51:48 INFO  : ----------------XSDB Script (After Launch)----------------
targets -set -nocase -filter {name =~ "*microblaze*#0" && bscan=="USER2" }
con
----------------End of Script----------------

00:51:48 INFO  : Launch script is exported to file 'C:\Users\kakkar3\Desktop\Final_Project\sdk\final_proj_system\_ide\scripts\debugger_final_proj-default.tcl'
00:52:18 INFO  : Disconnected from the channel tcfchan#10.
00:52:19 INFO  : Connected to target on host '127.0.0.1' and port '3121'.
00:52:22 INFO  : Connected to target on host '127.0.0.1' and port '3121'.
00:52:23 INFO  : Jtag cable 'RealDigital Boo 887100000010A' is selected.
00:52:23 INFO  : 'jtag frequency' command is executed.
00:52:23 INFO  : 'targets -set -filter {jtag_cable_name =~ "RealDigital Boo 887100000010A" && level==0 && jtag_device_ctx=="jsn1-0362f093-0"}' command is executed.
00:52:24 INFO  : Device configured successfully with "C:/Users/kakkar3/Desktop/Final_Project/sdk/final_proj/_ide/bitstream/mb_usb_hdmi_top.bit"
00:52:24 INFO  : Context for processor 'microblaze_0' is selected.
00:52:24 INFO  : Hardware design and registers information is loaded from 'C:/Users/kakkar3/Desktop/Final_Project/sdk/mb_usb_hdmi_top/export/mb_usb_hdmi_top/hw/mb_usb_hdmi_top.xsa'.
00:52:24 INFO  : 'configparams mdm-detect-bscan-mask 2' command is executed.
00:52:24 INFO  : Context for processor 'microblaze_0' is selected.
00:52:24 INFO  : System reset is completed.
00:52:27 INFO  : 'after 3000' command is executed.
00:52:30 INFO  : ----------------XSDB Script----------------
connect -url tcp:127.0.0.1:3121
----------------End of Script----------------

00:52:30 ERROR : Could not find FPGA device on the board for connection 'Local'.


Troubleshooting hints:
1. Check whether board is connected to system properly.
2. In case of zynq board, check whether Digilent/Xilinx cable switch settings are correct.
3. If you are using Xilinx Platform Cable USB, ensure that status LED is green.
00:52:30 INFO  : Context for processor 'microblaze_0' is selected.
00:52:30 INFO  : The application 'C:/Users/kakkar3/Desktop/Final_Project/sdk/final_proj/Debug/final_proj.elf' is downloaded to processor 'microblaze_0'.
00:52:30 INFO  : ----------------XSDB Script----------------
connect -url tcp:127.0.0.1:3121
targets -set -filter {jtag_cable_name =~ "RealDigital Boo 887100000010A" && level==0 && jtag_device_ctx=="jsn1-0362f093-0"}
fpga -file C:/Users/kakkar3/Desktop/Final_Project/sdk/final_proj/_ide/bitstream/mb_usb_hdmi_top.bit
targets -set -nocase -filter {name =~ "*microblaze*#0" && bscan=="USER2" }
loadhw -hw C:/Users/kakkar3/Desktop/Final_Project/sdk/mb_usb_hdmi_top/export/mb_usb_hdmi_top/hw/mb_usb_hdmi_top.xsa -regs
configparams mdm-detect-bscan-mask 2
targets -set -nocase -filter {name =~ "*microblaze*#0" && bscan=="USER2" }
rst -system
after 3000
targets -set -nocase -filter {name =~ "*microblaze*#0" && bscan=="USER2" }
dow C:/Users/kakkar3/Desktop/Final_Project/sdk/final_proj/Debug/final_proj.elf
----------------End of Script----------------

00:52:30 INFO  : Context for processor 'microblaze_0' is selected.
00:52:30 INFO  : 'con' command is executed.
00:52:30 INFO  : ----------------XSDB Script (After Launch)----------------
targets -set -nocase -filter {name =~ "*microblaze*#0" && bscan=="USER2" }
con
----------------End of Script----------------

00:52:30 INFO  : Launch script is exported to file 'C:\Users\kakkar3\Desktop\Final_Project\sdk\final_proj_system\_ide\scripts\debugger_final_proj-default.tcl'
01:00:11 INFO  : Disconnected from the channel tcfchan#11.
01:00:12 INFO  : Connected to target on host '127.0.0.1' and port '3121'.
01:00:21 INFO  : ----------------XSDB Script----------------
connect -url tcp:127.0.0.1:3121
----------------End of Script----------------

01:00:21 ERROR : Could not find FPGA device on the board for connection 'Local'.


Troubleshooting hints:
1. Check whether board is connected to system properly.
2. In case of zynq board, check whether Digilent/Xilinx cable switch settings are correct.
3. If you are using Xilinx Platform Cable USB, ensure that status LED is green.
01:32:08 INFO  : Hardware specification for platform project 'mb_usb_hdmi_top' is updated.
01:35:43 INFO  : Hardware specification for platform project 'mb_usb_hdmi_top' is updated.
01:35:59 INFO  : Result from executing command 'getProjects': mb_usb_hdmi_top
01:35:59 INFO  : Result from executing command 'getPlatforms': xilinx_vck190_base_202220_1|C:/Xilinx/Vitis/2022.2/base_platforms/xilinx_vck190_base_202220_1/xilinx_vck190_base_202220_1.xpfm;xilinx_vck190_base_dfx_202220_1|C:/Xilinx/Vitis/2022.2/base_platforms/xilinx_vck190_base_dfx_202220_1/xilinx_vck190_base_dfx_202220_1.xpfm;xilinx_vmk180_base_202220_1|C:/Xilinx/Vitis/2022.2/base_platforms/xilinx_vmk180_base_202220_1/xilinx_vmk180_base_202220_1.xpfm;xilinx_zcu102_base_202220_1|C:/Xilinx/Vitis/2022.2/base_platforms/xilinx_zcu102_base_202220_1/xilinx_zcu102_base_202220_1.xpfm;xilinx_zcu102_base_dfx_202220_1|C:/Xilinx/Vitis/2022.2/base_platforms/xilinx_zcu102_base_dfx_202220_1/xilinx_zcu102_base_dfx_202220_1.xpfm;xilinx_zcu104_base_202220_1|C:/Xilinx/Vitis/2022.2/base_platforms/xilinx_zcu104_base_202220_1/xilinx_zcu104_base_202220_1.xpfm
01:36:00 INFO  : Checking for BSP changes to sync application flags for project 'final_proj'...
01:36:03 INFO  : The hardware specification used by project 'final_proj' is out of sync with the platform. Resource files extracted from the hardware specification will be updated.
01:36:03 INFO  : The file 'C:\Users\kakkar3\Desktop\Final_Project\sdk\final_proj\_ide\bitstream\mb_usb_hdmi_top.bit' stored in project is removed.
01:36:03 INFO  : The file 'C:\Users\kakkar3\Desktop\Final_Project\sdk\final_proj\_ide\bitstream\mb_usb_hdmi_top.mmi' stored in project is removed.
01:36:03 INFO  : The updated bitstream files are copied from platform to folder 'C:\Users\kakkar3\Desktop\Final_Project\sdk\final_proj\_ide\bitstream' in project 'final_proj'.
01:36:06 INFO  : Connected to target on host '127.0.0.1' and port '3121'.
01:36:06 INFO  : Jtag cable 'RealDigital Boo 887100000010A' is selected.
01:36:06 INFO  : 'jtag frequency' command is executed.
01:36:06 INFO  : 'targets -set -filter {jtag_cable_name =~ "RealDigital Boo 887100000010A" && level==0 && jtag_device_ctx=="jsn1-0362f093-0"}' command is executed.
01:36:07 INFO  : Device configured successfully with "C:/Users/kakkar3/Desktop/Final_Project/sdk/final_proj/_ide/bitstream/mb_usb_hdmi_top.bit"
01:36:07 INFO  : Context for processor 'microblaze_0' is selected.
01:36:07 INFO  : Hardware design and registers information is loaded from 'C:/Users/kakkar3/Desktop/Final_Project/sdk/mb_usb_hdmi_top/export/mb_usb_hdmi_top/hw/mb_usb_hdmi_top.xsa'.
01:36:07 INFO  : 'configparams mdm-detect-bscan-mask 2' command is executed.
01:36:08 INFO  : Context for processor 'microblaze_0' is selected.
01:36:08 INFO  : System reset is completed.
01:36:11 INFO  : 'after 3000' command is executed.
01:36:11 INFO  : Context for processor 'microblaze_0' is selected.
01:36:11 INFO  : The application 'C:/Users/kakkar3/Desktop/Final_Project/sdk/final_proj/Debug/final_proj.elf' is downloaded to processor 'microblaze_0'.
01:36:11 INFO  : ----------------XSDB Script----------------
connect -url tcp:127.0.0.1:3121
targets -set -filter {jtag_cable_name =~ "RealDigital Boo 887100000010A" && level==0 && jtag_device_ctx=="jsn1-0362f093-0"}
fpga -file C:/Users/kakkar3/Desktop/Final_Project/sdk/final_proj/_ide/bitstream/mb_usb_hdmi_top.bit
targets -set -nocase -filter {name =~ "*microblaze*#0" && bscan=="USER2" }
loadhw -hw C:/Users/kakkar3/Desktop/Final_Project/sdk/mb_usb_hdmi_top/export/mb_usb_hdmi_top/hw/mb_usb_hdmi_top.xsa -regs
configparams mdm-detect-bscan-mask 2
targets -set -nocase -filter {name =~ "*microblaze*#0" && bscan=="USER2" }
rst -system
after 3000
targets -set -nocase -filter {name =~ "*microblaze*#0" && bscan=="USER2" }
dow C:/Users/kakkar3/Desktop/Final_Project/sdk/final_proj/Debug/final_proj.elf
----------------End of Script----------------

01:36:11 INFO  : Context for processor 'microblaze_0' is selected.
01:36:11 INFO  : 'con' command is executed.
01:36:11 INFO  : ----------------XSDB Script (After Launch)----------------
targets -set -nocase -filter {name =~ "*microblaze*#0" && bscan=="USER2" }
con
----------------End of Script----------------

01:36:11 INFO  : Launch script is exported to file 'C:\Users\kakkar3\Desktop\Final_Project\sdk\final_proj_system\_ide\scripts\debugger_final_proj-default.tcl'
02:51:22 INFO  : Hardware specification for platform project 'mb_usb_hdmi_top' is updated.
02:51:40 INFO  : Result from executing command 'getProjects': mb_usb_hdmi_top
02:51:40 INFO  : Result from executing command 'getPlatforms': mb_usb_hdmi_top|C:/Users/kakkar3/Desktop/Final_Project/sdk/mb_usb_hdmi_top/export/mb_usb_hdmi_top/mb_usb_hdmi_top.xpfm;xilinx_vck190_base_202220_1|C:/Xilinx/Vitis/2022.2/base_platforms/xilinx_vck190_base_202220_1/xilinx_vck190_base_202220_1.xpfm;xilinx_vck190_base_dfx_202220_1|C:/Xilinx/Vitis/2022.2/base_platforms/xilinx_vck190_base_dfx_202220_1/xilinx_vck190_base_dfx_202220_1.xpfm;xilinx_vmk180_base_202220_1|C:/Xilinx/Vitis/2022.2/base_platforms/xilinx_vmk180_base_202220_1/xilinx_vmk180_base_202220_1.xpfm;xilinx_zcu102_base_202220_1|C:/Xilinx/Vitis/2022.2/base_platforms/xilinx_zcu102_base_202220_1/xilinx_zcu102_base_202220_1.xpfm;xilinx_zcu102_base_dfx_202220_1|C:/Xilinx/Vitis/2022.2/base_platforms/xilinx_zcu102_base_dfx_202220_1/xilinx_zcu102_base_dfx_202220_1.xpfm;xilinx_zcu104_base_202220_1|C:/Xilinx/Vitis/2022.2/base_platforms/xilinx_zcu104_base_202220_1/xilinx_zcu104_base_202220_1.xpfm
02:51:41 INFO  : Checking for BSP changes to sync application flags for project 'final_proj'...
02:51:45 INFO  : The hardware specification used by project 'final_proj' is out of sync with the platform. Resource files extracted from the hardware specification will be updated.
02:51:45 INFO  : The file 'C:\Users\kakkar3\Desktop\Final_Project\sdk\final_proj\_ide\bitstream\mb_usb_hdmi_top.bit' stored in project is removed.
02:51:45 INFO  : The file 'C:\Users\kakkar3\Desktop\Final_Project\sdk\final_proj\_ide\bitstream\mb_usb_hdmi_top.mmi' stored in project is removed.
02:51:45 INFO  : The updated bitstream files are copied from platform to folder 'C:\Users\kakkar3\Desktop\Final_Project\sdk\final_proj\_ide\bitstream' in project 'final_proj'.
02:51:49 INFO  : Disconnected from the channel tcfchan#12.
02:51:50 INFO  : Connected to target on host '127.0.0.1' and port '3121'.
02:51:50 INFO  : Jtag cable 'RealDigital Boo 887100000010A' is selected.
02:51:50 INFO  : 'jtag frequency' command is executed.
02:51:50 INFO  : 'targets -set -filter {jtag_cable_name =~ "RealDigital Boo 887100000010A" && level==0 && jtag_device_ctx=="jsn1-0362f093-0"}' command is executed.
02:51:52 INFO  : Device configured successfully with "C:/Users/kakkar3/Desktop/Final_Project/sdk/final_proj/_ide/bitstream/mb_usb_hdmi_top.bit"
02:51:52 INFO  : Context for processor 'microblaze_0' is selected.
02:51:52 INFO  : Hardware design and registers information is loaded from 'C:/Users/kakkar3/Desktop/Final_Project/sdk/mb_usb_hdmi_top/export/mb_usb_hdmi_top/hw/mb_usb_hdmi_top.xsa'.
02:51:52 INFO  : 'configparams mdm-detect-bscan-mask 2' command is executed.
02:51:52 INFO  : Context for processor 'microblaze_0' is selected.
02:51:52 INFO  : System reset is completed.
02:51:55 INFO  : 'after 3000' command is executed.
02:51:55 INFO  : Context for processor 'microblaze_0' is selected.
02:51:55 INFO  : The application 'C:/Users/kakkar3/Desktop/Final_Project/sdk/final_proj/Debug/final_proj.elf' is downloaded to processor 'microblaze_0'.
02:51:55 INFO  : ----------------XSDB Script----------------
connect -url tcp:127.0.0.1:3121
targets -set -filter {jtag_cable_name =~ "RealDigital Boo 887100000010A" && level==0 && jtag_device_ctx=="jsn1-0362f093-0"}
fpga -file C:/Users/kakkar3/Desktop/Final_Project/sdk/final_proj/_ide/bitstream/mb_usb_hdmi_top.bit
targets -set -nocase -filter {name =~ "*microblaze*#0" && bscan=="USER2" }
loadhw -hw C:/Users/kakkar3/Desktop/Final_Project/sdk/mb_usb_hdmi_top/export/mb_usb_hdmi_top/hw/mb_usb_hdmi_top.xsa -regs
configparams mdm-detect-bscan-mask 2
targets -set -nocase -filter {name =~ "*microblaze*#0" && bscan=="USER2" }
rst -system
after 3000
targets -set -nocase -filter {name =~ "*microblaze*#0" && bscan=="USER2" }
dow C:/Users/kakkar3/Desktop/Final_Project/sdk/final_proj/Debug/final_proj.elf
----------------End of Script----------------

02:51:55 INFO  : Context for processor 'microblaze_0' is selected.
02:51:55 INFO  : 'con' command is executed.
02:51:55 INFO  : ----------------XSDB Script (After Launch)----------------
targets -set -nocase -filter {name =~ "*microblaze*#0" && bscan=="USER2" }
con
----------------End of Script----------------

02:51:55 INFO  : Launch script is exported to file 'C:\Users\kakkar3\Desktop\Final_Project\sdk\final_proj_system\_ide\scripts\debugger_final_proj-default.tcl'
02:52:30 INFO  : Checking for BSP changes to sync application flags for project 'final_proj'...
02:52:38 INFO  : Disconnected from the channel tcfchan#15.
02:52:39 INFO  : Connected to target on host '127.0.0.1' and port '3121'.
02:52:48 INFO  : ----------------XSDB Script----------------
connect -url tcp:127.0.0.1:3121
----------------End of Script----------------

02:52:48 ERROR : Could not find FPGA device on the board for connection 'Local'.


Troubleshooting hints:
1. Check whether board is connected to system properly.
2. In case of zynq board, check whether Digilent/Xilinx cable switch settings are correct.
3. If you are using Xilinx Platform Cable USB, ensure that status LED is green.
02:52:50 INFO  : Connected to target on host '127.0.0.1' and port '3121'.
02:52:50 INFO  : Jtag cable 'RealDigital Boo 887100000010A' is selected.
02:52:50 INFO  : 'jtag frequency' command is executed.
02:52:50 INFO  : 'targets -set -filter {jtag_cable_name =~ "RealDigital Boo 887100000010A" && level==0 && jtag_device_ctx=="jsn1-0362f093-0"}' command is executed.
02:52:51 INFO  : Device configured successfully with "C:/Users/kakkar3/Desktop/Final_Project/sdk/final_proj/_ide/bitstream/mb_usb_hdmi_top.bit"
02:52:51 INFO  : Context for processor 'microblaze_0' is selected.
02:52:51 INFO  : Hardware design and registers information is loaded from 'C:/Users/kakkar3/Desktop/Final_Project/sdk/mb_usb_hdmi_top/export/mb_usb_hdmi_top/hw/mb_usb_hdmi_top.xsa'.
02:52:51 INFO  : 'configparams mdm-detect-bscan-mask 2' command is executed.
02:52:51 INFO  : Context for processor 'microblaze_0' is selected.
02:52:51 INFO  : System reset is completed.
02:52:54 INFO  : 'after 3000' command is executed.
02:52:55 INFO  : Context for processor 'microblaze_0' is selected.
02:52:55 INFO  : The application 'C:/Users/kakkar3/Desktop/Final_Project/sdk/final_proj/Debug/final_proj.elf' is downloaded to processor 'microblaze_0'.
02:52:55 INFO  : ----------------XSDB Script----------------
connect -url tcp:127.0.0.1:3121
targets -set -filter {jtag_cable_name =~ "RealDigital Boo 887100000010A" && level==0 && jtag_device_ctx=="jsn1-0362f093-0"}
fpga -file C:/Users/kakkar3/Desktop/Final_Project/sdk/final_proj/_ide/bitstream/mb_usb_hdmi_top.bit
targets -set -nocase -filter {name =~ "*microblaze*#0" && bscan=="USER2" }
loadhw -hw C:/Users/kakkar3/Desktop/Final_Project/sdk/mb_usb_hdmi_top/export/mb_usb_hdmi_top/hw/mb_usb_hdmi_top.xsa -regs
configparams mdm-detect-bscan-mask 2
targets -set -nocase -filter {name =~ "*microblaze*#0" && bscan=="USER2" }
rst -system
after 3000
targets -set -nocase -filter {name =~ "*microblaze*#0" && bscan=="USER2" }
dow C:/Users/kakkar3/Desktop/Final_Project/sdk/final_proj/Debug/final_proj.elf
----------------End of Script----------------

02:52:55 INFO  : Context for processor 'microblaze_0' is selected.
02:52:55 INFO  : 'con' command is executed.
02:52:55 INFO  : ----------------XSDB Script (After Launch)----------------
targets -set -nocase -filter {name =~ "*microblaze*#0" && bscan=="USER2" }
con
----------------End of Script----------------

02:52:55 INFO  : Launch script is exported to file 'C:\Users\kakkar3\Desktop\Final_Project\sdk\final_proj_system\_ide\scripts\debugger_final_proj-default.tcl'
02:58:04 INFO  : Checking for BSP changes to sync application flags for project 'final_proj'...
02:58:12 INFO  : Disconnected from the channel tcfchan#16.
02:58:13 INFO  : Connected to target on host '127.0.0.1' and port '3121'.
02:58:22 INFO  : ----------------XSDB Script----------------
connect -url tcp:127.0.0.1:3121
----------------End of Script----------------

02:58:22 ERROR : Could not find FPGA device on the board for connection 'Local'.


Troubleshooting hints:
1. Check whether board is connected to system properly.
2. In case of zynq board, check whether Digilent/Xilinx cable switch settings are correct.
3. If you are using Xilinx Platform Cable USB, ensure that status LED is green.
02:58:25 INFO  : Connected to target on host '127.0.0.1' and port '3121'.
02:58:25 INFO  : Jtag cable 'RealDigital Boo 887100000010A' is selected.
02:58:25 INFO  : 'jtag frequency' command is executed.
02:58:25 INFO  : 'targets -set -filter {jtag_cable_name =~ "RealDigital Boo 887100000010A" && level==0 && jtag_device_ctx=="jsn1-0362f093-0"}' command is executed.
02:58:26 INFO  : Device configured successfully with "C:/Users/kakkar3/Desktop/Final_Project/sdk/final_proj/_ide/bitstream/mb_usb_hdmi_top.bit"
02:58:27 INFO  : Context for processor 'microblaze_0' is selected.
02:58:27 INFO  : Hardware design and registers information is loaded from 'C:/Users/kakkar3/Desktop/Final_Project/sdk/mb_usb_hdmi_top/export/mb_usb_hdmi_top/hw/mb_usb_hdmi_top.xsa'.
02:58:27 INFO  : 'configparams mdm-detect-bscan-mask 2' command is executed.
02:58:27 INFO  : Context for processor 'microblaze_0' is selected.
02:58:27 INFO  : System reset is completed.
02:58:30 INFO  : 'after 3000' command is executed.
02:58:30 INFO  : Context for processor 'microblaze_0' is selected.
02:58:30 INFO  : The application 'C:/Users/kakkar3/Desktop/Final_Project/sdk/final_proj/Debug/final_proj.elf' is downloaded to processor 'microblaze_0'.
02:58:30 INFO  : ----------------XSDB Script----------------
connect -url tcp:127.0.0.1:3121
targets -set -filter {jtag_cable_name =~ "RealDigital Boo 887100000010A" && level==0 && jtag_device_ctx=="jsn1-0362f093-0"}
fpga -file C:/Users/kakkar3/Desktop/Final_Project/sdk/final_proj/_ide/bitstream/mb_usb_hdmi_top.bit
targets -set -nocase -filter {name =~ "*microblaze*#0" && bscan=="USER2" }
loadhw -hw C:/Users/kakkar3/Desktop/Final_Project/sdk/mb_usb_hdmi_top/export/mb_usb_hdmi_top/hw/mb_usb_hdmi_top.xsa -regs
configparams mdm-detect-bscan-mask 2
targets -set -nocase -filter {name =~ "*microblaze*#0" && bscan=="USER2" }
rst -system
after 3000
targets -set -nocase -filter {name =~ "*microblaze*#0" && bscan=="USER2" }
dow C:/Users/kakkar3/Desktop/Final_Project/sdk/final_proj/Debug/final_proj.elf
----------------End of Script----------------

02:58:30 INFO  : Context for processor 'microblaze_0' is selected.
02:58:30 INFO  : 'con' command is executed.
02:58:30 INFO  : ----------------XSDB Script (After Launch)----------------
targets -set -nocase -filter {name =~ "*microblaze*#0" && bscan=="USER2" }
con
----------------End of Script----------------

02:58:30 INFO  : Launch script is exported to file 'C:\Users\kakkar3\Desktop\Final_Project\sdk\final_proj_system\_ide\scripts\debugger_final_proj-default.tcl'
03:07:56 INFO  : Checking for BSP changes to sync application flags for project 'final_proj'...
03:08:03 INFO  : Disconnected from the channel tcfchan#17.
03:08:04 INFO  : Connected to target on host '127.0.0.1' and port '3121'.
03:08:13 INFO  : ----------------XSDB Script----------------
connect -url tcp:127.0.0.1:3121
----------------End of Script----------------

03:08:13 ERROR : Could not find FPGA device on the board for connection 'Local'.


Troubleshooting hints:
1. Check whether board is connected to system properly.
2. In case of zynq board, check whether Digilent/Xilinx cable switch settings are correct.
3. If you are using Xilinx Platform Cable USB, ensure that status LED is green.
03:08:14 INFO  : Connected to target on host '127.0.0.1' and port '3121'.
03:08:14 INFO  : Jtag cable 'RealDigital Boo 887100000010A' is selected.
03:08:14 INFO  : 'jtag frequency' command is executed.
03:08:14 INFO  : 'targets -set -filter {jtag_cable_name =~ "RealDigital Boo 887100000010A" && level==0 && jtag_device_ctx=="jsn1-0362f093-0"}' command is executed.
03:08:16 INFO  : Device configured successfully with "C:/Users/kakkar3/Desktop/Final_Project/sdk/final_proj/_ide/bitstream/mb_usb_hdmi_top.bit"
03:08:16 INFO  : Context for processor 'microblaze_0' is selected.
03:08:16 INFO  : Hardware design and registers information is loaded from 'C:/Users/kakkar3/Desktop/Final_Project/sdk/mb_usb_hdmi_top/export/mb_usb_hdmi_top/hw/mb_usb_hdmi_top.xsa'.
03:08:16 INFO  : 'configparams mdm-detect-bscan-mask 2' command is executed.
03:08:16 INFO  : Context for processor 'microblaze_0' is selected.
03:08:16 INFO  : System reset is completed.
03:08:19 INFO  : 'after 3000' command is executed.
03:08:19 INFO  : Context for processor 'microblaze_0' is selected.
03:08:19 INFO  : The application 'C:/Users/kakkar3/Desktop/Final_Project/sdk/final_proj/Debug/final_proj.elf' is downloaded to processor 'microblaze_0'.
03:08:19 INFO  : ----------------XSDB Script----------------
connect -url tcp:127.0.0.1:3121
targets -set -filter {jtag_cable_name =~ "RealDigital Boo 887100000010A" && level==0 && jtag_device_ctx=="jsn1-0362f093-0"}
fpga -file C:/Users/kakkar3/Desktop/Final_Project/sdk/final_proj/_ide/bitstream/mb_usb_hdmi_top.bit
targets -set -nocase -filter {name =~ "*microblaze*#0" && bscan=="USER2" }
loadhw -hw C:/Users/kakkar3/Desktop/Final_Project/sdk/mb_usb_hdmi_top/export/mb_usb_hdmi_top/hw/mb_usb_hdmi_top.xsa -regs
configparams mdm-detect-bscan-mask 2
targets -set -nocase -filter {name =~ "*microblaze*#0" && bscan=="USER2" }
rst -system
after 3000
targets -set -nocase -filter {name =~ "*microblaze*#0" && bscan=="USER2" }
dow C:/Users/kakkar3/Desktop/Final_Project/sdk/final_proj/Debug/final_proj.elf
----------------End of Script----------------

03:08:19 INFO  : Context for processor 'microblaze_0' is selected.
03:08:19 INFO  : 'con' command is executed.
03:08:19 INFO  : ----------------XSDB Script (After Launch)----------------
targets -set -nocase -filter {name =~ "*microblaze*#0" && bscan=="USER2" }
con
----------------End of Script----------------

03:08:19 INFO  : Launch script is exported to file 'C:\Users\kakkar3\Desktop\Final_Project\sdk\final_proj_system\_ide\scripts\debugger_final_proj-default.tcl'
03:09:35 INFO  : Disconnected from the channel tcfchan#18.
13:55:49 DEBUG : Logs will be stored at 'C:/Users/kakkar3/Desktop/Final_Project/sdk/IDE.log'.
13:55:50 INFO  : Launching XSCT server: xsct.bat -n  -interactive C:\Users\kakkar3\Desktop\Final_Project\sdk\temp_xsdb_launch_script.tcl
13:55:52 INFO  : Registering command handlers for Vitis TCF services
13:55:53 INFO  : Platform repository initialization has completed.
13:55:54 INFO  : XSCT server has started successfully.
13:55:54 INFO  : plnx-install-location is set to ''
13:55:58 INFO  : Successfully done setting XSCT server connection channel  
13:55:58 INFO  : Successfully done query RDI_DATADIR 
13:55:58 INFO  : Successfully done setting workspace for the tool. 
13:56:19 INFO  : Connected to target on host '127.0.0.1' and port '3121'.
13:56:20 INFO  : Jtag cable 'RealDigital Boo 887100000010A' is selected.
13:56:20 INFO  : 'jtag frequency' command is executed.
13:56:20 INFO  : 'targets -set -filter {jtag_cable_name =~ "RealDigital Boo 887100000010A" && level==0 && jtag_device_ctx=="jsn1-0362f093-0"}' command is executed.
13:56:21 INFO  : Device configured successfully with "C:/Users/kakkar3/Desktop/Final_Project/sdk/final_proj/_ide/bitstream/mb_usb_hdmi_top.bit"
13:56:21 INFO  : Context for processor 'microblaze_0' is selected.
13:56:21 INFO  : Hardware design and registers information is loaded from 'C:/Users/kakkar3/Desktop/Final_Project/sdk/mb_usb_hdmi_top/export/mb_usb_hdmi_top/hw/mb_usb_hdmi_top.xsa'.
13:56:21 INFO  : 'configparams mdm-detect-bscan-mask 2' command is executed.
13:56:21 INFO  : Context for processor 'microblaze_0' is selected.
13:56:21 INFO  : System reset is completed.
13:56:24 INFO  : 'after 3000' command is executed.
13:56:24 INFO  : Context for processor 'microblaze_0' is selected.
13:56:25 INFO  : The application 'C:/Users/kakkar3/Desktop/Final_Project/sdk/final_proj/Debug/final_proj.elf' is downloaded to processor 'microblaze_0'.
13:56:25 INFO  : ----------------XSDB Script----------------
connect -url tcp:127.0.0.1:3121
targets -set -filter {jtag_cable_name =~ "RealDigital Boo 887100000010A" && level==0 && jtag_device_ctx=="jsn1-0362f093-0"}
fpga -file C:/Users/kakkar3/Desktop/Final_Project/sdk/final_proj/_ide/bitstream/mb_usb_hdmi_top.bit
targets -set -nocase -filter {name =~ "*microblaze*#0" && bscan=="USER2" }
loadhw -hw C:/Users/kakkar3/Desktop/Final_Project/sdk/mb_usb_hdmi_top/export/mb_usb_hdmi_top/hw/mb_usb_hdmi_top.xsa -regs
configparams mdm-detect-bscan-mask 2
targets -set -nocase -filter {name =~ "*microblaze*#0" && bscan=="USER2" }
rst -system
after 3000
targets -set -nocase -filter {name =~ "*microblaze*#0" && bscan=="USER2" }
dow C:/Users/kakkar3/Desktop/Final_Project/sdk/final_proj/Debug/final_proj.elf
----------------End of Script----------------

13:56:25 INFO  : Context for processor 'microblaze_0' is selected.
13:56:25 INFO  : 'con' command is executed.
13:56:25 INFO  : ----------------XSDB Script (After Launch)----------------
targets -set -nocase -filter {name =~ "*microblaze*#0" && bscan=="USER2" }
con
----------------End of Script----------------

13:56:25 INFO  : Launch script is exported to file 'C:\Users\kakkar3\Desktop\Final_Project\sdk\final_proj_system\_ide\scripts\debugger_final_proj-default.tcl'
13:56:42 INFO  : Disconnected from the channel tcfchan#1.
13:56:43 INFO  : Connected to target on host '127.0.0.1' and port '3121'.
13:56:52 INFO  : ----------------XSDB Script----------------
connect -url tcp:127.0.0.1:3121
----------------End of Script----------------

13:56:52 ERROR : Could not find FPGA device on the board for connection 'Local'.


Troubleshooting hints:
1. Check whether board is connected to system properly.
2. In case of zynq board, check whether Digilent/Xilinx cable switch settings are correct.
3. If you are using Xilinx Platform Cable USB, ensure that status LED is green.
13:56:54 INFO  : Connected to target on host '127.0.0.1' and port '3121'.
13:56:54 INFO  : Jtag cable 'RealDigital Boo 887100000010A' is selected.
13:56:54 INFO  : 'jtag frequency' command is executed.
13:56:54 INFO  : 'targets -set -filter {jtag_cable_name =~ "RealDigital Boo 887100000010A" && level==0 && jtag_device_ctx=="jsn1-0362f093-0"}' command is executed.
13:56:56 INFO  : Device configured successfully with "C:/Users/kakkar3/Desktop/Final_Project/sdk/final_proj/_ide/bitstream/mb_usb_hdmi_top.bit"
13:56:56 INFO  : Context for processor 'microblaze_0' is selected.
13:56:56 INFO  : Hardware design and registers information is loaded from 'C:/Users/kakkar3/Desktop/Final_Project/sdk/mb_usb_hdmi_top/export/mb_usb_hdmi_top/hw/mb_usb_hdmi_top.xsa'.
13:56:56 INFO  : 'configparams mdm-detect-bscan-mask 2' command is executed.
13:56:56 INFO  : Context for processor 'microblaze_0' is selected.
13:56:56 INFO  : System reset is completed.
13:56:59 INFO  : 'after 3000' command is executed.
13:56:59 INFO  : Context for processor 'microblaze_0' is selected.
13:56:59 INFO  : The application 'C:/Users/kakkar3/Desktop/Final_Project/sdk/final_proj/Debug/final_proj.elf' is downloaded to processor 'microblaze_0'.
13:56:59 INFO  : ----------------XSDB Script----------------
connect -url tcp:127.0.0.1:3121
targets -set -filter {jtag_cable_name =~ "RealDigital Boo 887100000010A" && level==0 && jtag_device_ctx=="jsn1-0362f093-0"}
fpga -file C:/Users/kakkar3/Desktop/Final_Project/sdk/final_proj/_ide/bitstream/mb_usb_hdmi_top.bit
targets -set -nocase -filter {name =~ "*microblaze*#0" && bscan=="USER2" }
loadhw -hw C:/Users/kakkar3/Desktop/Final_Project/sdk/mb_usb_hdmi_top/export/mb_usb_hdmi_top/hw/mb_usb_hdmi_top.xsa -regs
configparams mdm-detect-bscan-mask 2
targets -set -nocase -filter {name =~ "*microblaze*#0" && bscan=="USER2" }
rst -system
after 3000
targets -set -nocase -filter {name =~ "*microblaze*#0" && bscan=="USER2" }
dow C:/Users/kakkar3/Desktop/Final_Project/sdk/final_proj/Debug/final_proj.elf
----------------End of Script----------------

13:56:59 INFO  : Context for processor 'microblaze_0' is selected.
13:56:59 INFO  : 'con' command is executed.
13:56:59 INFO  : ----------------XSDB Script (After Launch)----------------
targets -set -nocase -filter {name =~ "*microblaze*#0" && bscan=="USER2" }
con
----------------End of Script----------------

13:56:59 INFO  : Launch script is exported to file 'C:\Users\kakkar3\Desktop\Final_Project\sdk\final_proj_system\_ide\scripts\debugger_final_proj-default.tcl'
14:00:01 INFO  : Disconnected from the channel tcfchan#2.
14:00:02 INFO  : Connected to target on host '127.0.0.1' and port '3121'.
14:00:11 INFO  : ----------------XSDB Script----------------
connect -url tcp:127.0.0.1:3121
----------------End of Script----------------

14:00:11 ERROR : Could not find FPGA device on the board for connection 'Local'.


Troubleshooting hints:
1. Check whether board is connected to system properly.
2. In case of zynq board, check whether Digilent/Xilinx cable switch settings are correct.
3. If you are using Xilinx Platform Cable USB, ensure that status LED is green.
14:02:30 INFO  : Connected to target on host '127.0.0.1' and port '3121'.
14:02:30 INFO  : Jtag cable 'RealDigital Boo 887100000010A' is selected.
14:02:30 INFO  : 'jtag frequency' command is executed.
14:02:30 INFO  : 'targets -set -filter {jtag_cable_name =~ "RealDigital Boo 887100000010A" && level==0 && jtag_device_ctx=="jsn1-0362f093-0"}' command is executed.
14:02:31 INFO  : Device configured successfully with "C:/Users/kakkar3/Desktop/Final_Project/sdk/final_proj/_ide/bitstream/mb_usb_hdmi_top.bit"
14:02:31 INFO  : Context for processor 'microblaze_0' is selected.
14:02:32 INFO  : Hardware design and registers information is loaded from 'C:/Users/kakkar3/Desktop/Final_Project/sdk/mb_usb_hdmi_top/export/mb_usb_hdmi_top/hw/mb_usb_hdmi_top.xsa'.
14:02:32 INFO  : 'configparams mdm-detect-bscan-mask 2' command is executed.
14:02:32 INFO  : Context for processor 'microblaze_0' is selected.
14:02:32 INFO  : System reset is completed.
14:02:35 INFO  : 'after 3000' command is executed.
14:02:35 INFO  : Context for processor 'microblaze_0' is selected.
14:02:35 INFO  : The application 'C:/Users/kakkar3/Desktop/Final_Project/sdk/final_proj/Debug/final_proj.elf' is downloaded to processor 'microblaze_0'.
14:02:35 INFO  : ----------------XSDB Script----------------
connect -url tcp:127.0.0.1:3121
targets -set -filter {jtag_cable_name =~ "RealDigital Boo 887100000010A" && level==0 && jtag_device_ctx=="jsn1-0362f093-0"}
fpga -file C:/Users/kakkar3/Desktop/Final_Project/sdk/final_proj/_ide/bitstream/mb_usb_hdmi_top.bit
targets -set -nocase -filter {name =~ "*microblaze*#0" && bscan=="USER2" }
loadhw -hw C:/Users/kakkar3/Desktop/Final_Project/sdk/mb_usb_hdmi_top/export/mb_usb_hdmi_top/hw/mb_usb_hdmi_top.xsa -regs
configparams mdm-detect-bscan-mask 2
targets -set -nocase -filter {name =~ "*microblaze*#0" && bscan=="USER2" }
rst -system
after 3000
targets -set -nocase -filter {name =~ "*microblaze*#0" && bscan=="USER2" }
dow C:/Users/kakkar3/Desktop/Final_Project/sdk/final_proj/Debug/final_proj.elf
----------------End of Script----------------

14:02:35 INFO  : Context for processor 'microblaze_0' is selected.
14:02:35 INFO  : 'con' command is executed.
14:02:35 INFO  : ----------------XSDB Script (After Launch)----------------
targets -set -nocase -filter {name =~ "*microblaze*#0" && bscan=="USER2" }
con
----------------End of Script----------------

14:02:35 INFO  : Launch script is exported to file 'C:\Users\kakkar3\Desktop\Final_Project\sdk\final_proj_system\_ide\scripts\debugger_final_proj-default.tcl'
14:53:24 INFO  : Hardware specification for platform project 'mb_usb_hdmi_top' is updated.
14:54:03 INFO  : Result from executing command 'getProjects': mb_usb_hdmi_top
14:54:03 INFO  : Result from executing command 'getPlatforms': mb_usb_hdmi_top|C:/Users/kakkar3/Desktop/Final_Project/sdk/mb_usb_hdmi_top/export/mb_usb_hdmi_top/mb_usb_hdmi_top.xpfm;xilinx_vck190_base_202220_1|C:/Xilinx/Vitis/2022.2/base_platforms/xilinx_vck190_base_202220_1/xilinx_vck190_base_202220_1.xpfm;xilinx_vck190_base_dfx_202220_1|C:/Xilinx/Vitis/2022.2/base_platforms/xilinx_vck190_base_dfx_202220_1/xilinx_vck190_base_dfx_202220_1.xpfm;xilinx_vmk180_base_202220_1|C:/Xilinx/Vitis/2022.2/base_platforms/xilinx_vmk180_base_202220_1/xilinx_vmk180_base_202220_1.xpfm;xilinx_zcu102_base_202220_1|C:/Xilinx/Vitis/2022.2/base_platforms/xilinx_zcu102_base_202220_1/xilinx_zcu102_base_202220_1.xpfm;xilinx_zcu102_base_dfx_202220_1|C:/Xilinx/Vitis/2022.2/base_platforms/xilinx_zcu102_base_dfx_202220_1/xilinx_zcu102_base_dfx_202220_1.xpfm;xilinx_zcu104_base_202220_1|C:/Xilinx/Vitis/2022.2/base_platforms/xilinx_zcu104_base_202220_1/xilinx_zcu104_base_202220_1.xpfm
14:54:04 INFO  : Checking for BSP changes to sync application flags for project 'final_proj'...
14:54:08 INFO  : The hardware specification used by project 'final_proj' is out of sync with the platform. Resource files extracted from the hardware specification will be updated.
14:54:08 INFO  : The file 'C:\Users\kakkar3\Desktop\Final_Project\sdk\final_proj\_ide\bitstream\mb_usb_hdmi_top.bit' stored in project is removed.
14:54:08 INFO  : The file 'C:\Users\kakkar3\Desktop\Final_Project\sdk\final_proj\_ide\bitstream\mb_usb_hdmi_top.mmi' stored in project is removed.
14:54:08 INFO  : The updated bitstream files are copied from platform to folder 'C:\Users\kakkar3\Desktop\Final_Project\sdk\final_proj\_ide\bitstream' in project 'final_proj'.
14:56:16 INFO  : Disconnected from the channel tcfchan#3.
14:56:17 INFO  : Connected to target on host '127.0.0.1' and port '3121'.
14:56:26 INFO  : ----------------XSDB Script----------------
connect -url tcp:127.0.0.1:3121
----------------End of Script----------------

14:56:26 ERROR : Could not find FPGA device on the board for connection 'Local'.


Troubleshooting hints:
1. Check whether board is connected to system properly.
2. In case of zynq board, check whether Digilent/Xilinx cable switch settings are correct.
3. If you are using Xilinx Platform Cable USB, ensure that status LED is green.
14:56:32 INFO  : Connected to target on host '127.0.0.1' and port '3121'.
14:56:32 INFO  : Jtag cable 'RealDigital Boo 887100000010A' is selected.
14:56:32 INFO  : 'jtag frequency' command is executed.
14:56:32 INFO  : 'targets -set -filter {jtag_cable_name =~ "RealDigital Boo 887100000010A" && level==0 && jtag_device_ctx=="jsn1-0362f093-0"}' command is executed.
14:56:33 INFO  : Device configured successfully with "C:/Users/kakkar3/Desktop/Final_Project/sdk/final_proj/_ide/bitstream/mb_usb_hdmi_top.bit"
14:56:33 INFO  : Context for processor 'microblaze_0' is selected.
14:56:34 INFO  : Hardware design and registers information is loaded from 'C:/Users/kakkar3/Desktop/Final_Project/sdk/mb_usb_hdmi_top/export/mb_usb_hdmi_top/hw/mb_usb_hdmi_top.xsa'.
14:56:34 INFO  : 'configparams mdm-detect-bscan-mask 2' command is executed.
14:56:34 INFO  : Context for processor 'microblaze_0' is selected.
14:56:34 INFO  : System reset is completed.
14:56:37 INFO  : 'after 3000' command is executed.
14:56:37 INFO  : Context for processor 'microblaze_0' is selected.
14:56:37 INFO  : The application 'C:/Users/kakkar3/Desktop/Final_Project/sdk/final_proj/Debug/final_proj.elf' is downloaded to processor 'microblaze_0'.
14:56:37 INFO  : ----------------XSDB Script----------------
connect -url tcp:127.0.0.1:3121
targets -set -filter {jtag_cable_name =~ "RealDigital Boo 887100000010A" && level==0 && jtag_device_ctx=="jsn1-0362f093-0"}
fpga -file C:/Users/kakkar3/Desktop/Final_Project/sdk/final_proj/_ide/bitstream/mb_usb_hdmi_top.bit
targets -set -nocase -filter {name =~ "*microblaze*#0" && bscan=="USER2" }
loadhw -hw C:/Users/kakkar3/Desktop/Final_Project/sdk/mb_usb_hdmi_top/export/mb_usb_hdmi_top/hw/mb_usb_hdmi_top.xsa -regs
configparams mdm-detect-bscan-mask 2
targets -set -nocase -filter {name =~ "*microblaze*#0" && bscan=="USER2" }
rst -system
after 3000
targets -set -nocase -filter {name =~ "*microblaze*#0" && bscan=="USER2" }
dow C:/Users/kakkar3/Desktop/Final_Project/sdk/final_proj/Debug/final_proj.elf
----------------End of Script----------------

14:56:37 INFO  : Context for processor 'microblaze_0' is selected.
14:56:37 INFO  : 'con' command is executed.
14:56:37 INFO  : ----------------XSDB Script (After Launch)----------------
targets -set -nocase -filter {name =~ "*microblaze*#0" && bscan=="USER2" }
con
----------------End of Script----------------

14:56:37 INFO  : Launch script is exported to file 'C:\Users\kakkar3\Desktop\Final_Project\sdk\final_proj_system\_ide\scripts\debugger_final_proj-default.tcl'
15:48:57 INFO  : Checking for BSP changes to sync application flags for project 'final_proj'...
15:49:03 INFO  : Disconnected from the channel tcfchan#5.
15:49:04 INFO  : Connected to target on host '127.0.0.1' and port '3121'.
15:49:13 INFO  : ----------------XSDB Script----------------
connect -url tcp:127.0.0.1:3121
----------------End of Script----------------

15:49:13 ERROR : Could not find FPGA device on the board for connection 'Local'.


Troubleshooting hints:
1. Check whether board is connected to system properly.
2. In case of zynq board, check whether Digilent/Xilinx cable switch settings are correct.
3. If you are using Xilinx Platform Cable USB, ensure that status LED is green.
15:49:15 INFO  : Connected to target on host '127.0.0.1' and port '3121'.
15:49:16 INFO  : Jtag cable 'RealDigital Boo 887100000010A' is selected.
15:49:16 INFO  : 'jtag frequency' command is executed.
15:49:16 INFO  : 'targets -set -filter {jtag_cable_name =~ "RealDigital Boo 887100000010A" && level==0 && jtag_device_ctx=="jsn1-0362f093-0"}' command is executed.
15:49:17 INFO  : Device configured successfully with "C:/Users/kakkar3/Desktop/Final_Project/sdk/final_proj/_ide/bitstream/mb_usb_hdmi_top.bit"
15:49:17 INFO  : Context for processor 'microblaze_0' is selected.
15:49:17 INFO  : Hardware design and registers information is loaded from 'C:/Users/kakkar3/Desktop/Final_Project/sdk/mb_usb_hdmi_top/export/mb_usb_hdmi_top/hw/mb_usb_hdmi_top.xsa'.
15:49:17 INFO  : 'configparams mdm-detect-bscan-mask 2' command is executed.
15:49:17 INFO  : Context for processor 'microblaze_0' is selected.
15:49:17 INFO  : System reset is completed.
15:49:20 INFO  : 'after 3000' command is executed.
15:49:20 INFO  : Context for processor 'microblaze_0' is selected.
15:49:20 INFO  : The application 'C:/Users/kakkar3/Desktop/Final_Project/sdk/final_proj/Debug/final_proj.elf' is downloaded to processor 'microblaze_0'.
15:49:20 INFO  : ----------------XSDB Script----------------
connect -url tcp:127.0.0.1:3121
targets -set -filter {jtag_cable_name =~ "RealDigital Boo 887100000010A" && level==0 && jtag_device_ctx=="jsn1-0362f093-0"}
fpga -file C:/Users/kakkar3/Desktop/Final_Project/sdk/final_proj/_ide/bitstream/mb_usb_hdmi_top.bit
targets -set -nocase -filter {name =~ "*microblaze*#0" && bscan=="USER2" }
loadhw -hw C:/Users/kakkar3/Desktop/Final_Project/sdk/mb_usb_hdmi_top/export/mb_usb_hdmi_top/hw/mb_usb_hdmi_top.xsa -regs
configparams mdm-detect-bscan-mask 2
targets -set -nocase -filter {name =~ "*microblaze*#0" && bscan=="USER2" }
rst -system
after 3000
targets -set -nocase -filter {name =~ "*microblaze*#0" && bscan=="USER2" }
dow C:/Users/kakkar3/Desktop/Final_Project/sdk/final_proj/Debug/final_proj.elf
----------------End of Script----------------

15:49:20 INFO  : Context for processor 'microblaze_0' is selected.
15:49:20 INFO  : 'con' command is executed.
15:49:20 INFO  : ----------------XSDB Script (After Launch)----------------
targets -set -nocase -filter {name =~ "*microblaze*#0" && bscan=="USER2" }
con
----------------End of Script----------------

15:49:20 INFO  : Launch script is exported to file 'C:\Users\kakkar3\Desktop\Final_Project\sdk\final_proj_system\_ide\scripts\debugger_final_proj-default.tcl'
15:58:40 INFO  : Hardware specification for platform project 'mb_usb_hdmi_top' is updated.
15:59:00 INFO  : Result from executing command 'getProjects': mb_usb_hdmi_top
15:59:00 INFO  : Result from executing command 'getPlatforms': xilinx_vck190_base_202220_1|C:/Xilinx/Vitis/2022.2/base_platforms/xilinx_vck190_base_202220_1/xilinx_vck190_base_202220_1.xpfm;xilinx_vck190_base_dfx_202220_1|C:/Xilinx/Vitis/2022.2/base_platforms/xilinx_vck190_base_dfx_202220_1/xilinx_vck190_base_dfx_202220_1.xpfm;xilinx_vmk180_base_202220_1|C:/Xilinx/Vitis/2022.2/base_platforms/xilinx_vmk180_base_202220_1/xilinx_vmk180_base_202220_1.xpfm;xilinx_zcu102_base_202220_1|C:/Xilinx/Vitis/2022.2/base_platforms/xilinx_zcu102_base_202220_1/xilinx_zcu102_base_202220_1.xpfm;xilinx_zcu102_base_dfx_202220_1|C:/Xilinx/Vitis/2022.2/base_platforms/xilinx_zcu102_base_dfx_202220_1/xilinx_zcu102_base_dfx_202220_1.xpfm;xilinx_zcu104_base_202220_1|C:/Xilinx/Vitis/2022.2/base_platforms/xilinx_zcu104_base_202220_1/xilinx_zcu104_base_202220_1.xpfm
15:59:01 INFO  : Checking for BSP changes to sync application flags for project 'final_proj'...
15:59:04 INFO  : The hardware specification used by project 'final_proj' is out of sync with the platform. Resource files extracted from the hardware specification will be updated.
15:59:04 INFO  : The file 'C:\Users\kakkar3\Desktop\Final_Project\sdk\final_proj\_ide\bitstream\mb_usb_hdmi_top.bit' stored in project is removed.
15:59:04 INFO  : The file 'C:\Users\kakkar3\Desktop\Final_Project\sdk\final_proj\_ide\bitstream\mb_usb_hdmi_top.mmi' stored in project is removed.
15:59:04 INFO  : The updated bitstream files are copied from platform to folder 'C:\Users\kakkar3\Desktop\Final_Project\sdk\final_proj\_ide\bitstream' in project 'final_proj'.
15:59:37 INFO  : Checking for BSP changes to sync application flags for project 'final_proj'...
16:00:10 INFO  : Disconnected from the channel tcfchan#6.
16:00:11 INFO  : Connected to target on host '127.0.0.1' and port '3121'.
16:00:11 INFO  : Jtag cable 'RealDigital Boo 887100000010A' is selected.
16:00:11 INFO  : 'jtag frequency' command is executed.
16:00:11 INFO  : 'targets -set -filter {jtag_cable_name =~ "RealDigital Boo 887100000010A" && level==0 && jtag_device_ctx=="jsn1-0362f093-0"}' command is executed.
16:00:13 INFO  : Device configured successfully with "C:/Users/kakkar3/Desktop/Final_Project/sdk/final_proj/_ide/bitstream/mb_usb_hdmi_top.bit"
16:00:13 INFO  : Context for processor 'microblaze_0' is selected.
16:00:13 INFO  : Hardware design and registers information is loaded from 'C:/Users/kakkar3/Desktop/Final_Project/sdk/mb_usb_hdmi_top/export/mb_usb_hdmi_top/hw/mb_usb_hdmi_top.xsa'.
16:00:13 INFO  : 'configparams mdm-detect-bscan-mask 2' command is executed.
16:00:13 INFO  : Context for processor 'microblaze_0' is selected.
16:00:13 INFO  : System reset is completed.
16:00:16 INFO  : 'after 3000' command is executed.
16:00:16 INFO  : Context for processor 'microblaze_0' is selected.
16:00:16 INFO  : The application 'C:/Users/kakkar3/Desktop/Final_Project/sdk/final_proj/Debug/final_proj.elf' is downloaded to processor 'microblaze_0'.
16:00:16 INFO  : ----------------XSDB Script----------------
connect -url tcp:127.0.0.1:3121
targets -set -filter {jtag_cable_name =~ "RealDigital Boo 887100000010A" && level==0 && jtag_device_ctx=="jsn1-0362f093-0"}
fpga -file C:/Users/kakkar3/Desktop/Final_Project/sdk/final_proj/_ide/bitstream/mb_usb_hdmi_top.bit
targets -set -nocase -filter {name =~ "*microblaze*#0" && bscan=="USER2" }
loadhw -hw C:/Users/kakkar3/Desktop/Final_Project/sdk/mb_usb_hdmi_top/export/mb_usb_hdmi_top/hw/mb_usb_hdmi_top.xsa -regs
configparams mdm-detect-bscan-mask 2
targets -set -nocase -filter {name =~ "*microblaze*#0" && bscan=="USER2" }
rst -system
after 3000
targets -set -nocase -filter {name =~ "*microblaze*#0" && bscan=="USER2" }
dow C:/Users/kakkar3/Desktop/Final_Project/sdk/final_proj/Debug/final_proj.elf
----------------End of Script----------------

16:00:16 INFO  : Context for processor 'microblaze_0' is selected.
16:00:16 INFO  : 'con' command is executed.
16:00:16 INFO  : ----------------XSDB Script (After Launch)----------------
targets -set -nocase -filter {name =~ "*microblaze*#0" && bscan=="USER2" }
con
----------------End of Script----------------

16:00:16 INFO  : Launch script is exported to file 'C:\Users\kakkar3\Desktop\Final_Project\sdk\final_proj_system\_ide\scripts\debugger_final_proj-default.tcl'
16:01:37 INFO  : Checking for BSP changes to sync application flags for project 'final_proj'...
16:01:43 INFO  : Disconnected from the channel tcfchan#8.
16:01:44 INFO  : Connected to target on host '127.0.0.1' and port '3121'.
16:01:53 INFO  : ----------------XSDB Script----------------
connect -url tcp:127.0.0.1:3121
----------------End of Script----------------

16:01:53 ERROR : Could not find FPGA device on the board for connection 'Local'.


Troubleshooting hints:
1. Check whether board is connected to system properly.
2. In case of zynq board, check whether Digilent/Xilinx cable switch settings are correct.
3. If you are using Xilinx Platform Cable USB, ensure that status LED is green.
16:01:56 INFO  : Connected to target on host '127.0.0.1' and port '3121'.
16:01:56 INFO  : Jtag cable 'RealDigital Boo 887100000010A' is selected.
16:01:56 INFO  : 'jtag frequency' command is executed.
16:01:56 INFO  : 'targets -set -filter {jtag_cable_name =~ "RealDigital Boo 887100000010A" && level==0 && jtag_device_ctx=="jsn1-0362f093-0"}' command is executed.
16:01:57 INFO  : Device configured successfully with "C:/Users/kakkar3/Desktop/Final_Project/sdk/final_proj/_ide/bitstream/mb_usb_hdmi_top.bit"
16:01:57 INFO  : Context for processor 'microblaze_0' is selected.
16:01:57 INFO  : Hardware design and registers information is loaded from 'C:/Users/kakkar3/Desktop/Final_Project/sdk/mb_usb_hdmi_top/export/mb_usb_hdmi_top/hw/mb_usb_hdmi_top.xsa'.
16:01:57 INFO  : 'configparams mdm-detect-bscan-mask 2' command is executed.
16:01:57 INFO  : Context for processor 'microblaze_0' is selected.
16:01:57 INFO  : System reset is completed.
16:02:00 INFO  : 'after 3000' command is executed.
16:02:00 INFO  : Context for processor 'microblaze_0' is selected.
16:02:00 INFO  : The application 'C:/Users/kakkar3/Desktop/Final_Project/sdk/final_proj/Debug/final_proj.elf' is downloaded to processor 'microblaze_0'.
16:02:00 INFO  : ----------------XSDB Script----------------
connect -url tcp:127.0.0.1:3121
targets -set -filter {jtag_cable_name =~ "RealDigital Boo 887100000010A" && level==0 && jtag_device_ctx=="jsn1-0362f093-0"}
fpga -file C:/Users/kakkar3/Desktop/Final_Project/sdk/final_proj/_ide/bitstream/mb_usb_hdmi_top.bit
targets -set -nocase -filter {name =~ "*microblaze*#0" && bscan=="USER2" }
loadhw -hw C:/Users/kakkar3/Desktop/Final_Project/sdk/mb_usb_hdmi_top/export/mb_usb_hdmi_top/hw/mb_usb_hdmi_top.xsa -regs
configparams mdm-detect-bscan-mask 2
targets -set -nocase -filter {name =~ "*microblaze*#0" && bscan=="USER2" }
rst -system
after 3000
targets -set -nocase -filter {name =~ "*microblaze*#0" && bscan=="USER2" }
dow C:/Users/kakkar3/Desktop/Final_Project/sdk/final_proj/Debug/final_proj.elf
----------------End of Script----------------

16:02:01 INFO  : Context for processor 'microblaze_0' is selected.
16:02:01 INFO  : 'con' command is executed.
16:02:01 INFO  : ----------------XSDB Script (After Launch)----------------
targets -set -nocase -filter {name =~ "*microblaze*#0" && bscan=="USER2" }
con
----------------End of Script----------------

16:02:01 INFO  : Launch script is exported to file 'C:\Users\kakkar3\Desktop\Final_Project\sdk\final_proj_system\_ide\scripts\debugger_final_proj-default.tcl'
16:03:04 INFO  : Checking for BSP changes to sync application flags for project 'final_proj'...
16:03:26 INFO  : Disconnected from the channel tcfchan#9.
16:03:27 INFO  : Connected to target on host '127.0.0.1' and port '3121'.
16:03:37 INFO  : ----------------XSDB Script----------------
connect -url tcp:127.0.0.1:3121
----------------End of Script----------------

16:03:37 ERROR : Could not find FPGA device on the board for connection 'Local'.


Troubleshooting hints:
1. Check whether board is connected to system properly.
2. In case of zynq board, check whether Digilent/Xilinx cable switch settings are correct.
3. If you are using Xilinx Platform Cable USB, ensure that status LED is green.
16:03:39 INFO  : Connected to target on host '127.0.0.1' and port '3121'.
16:03:39 INFO  : Jtag cable 'RealDigital Boo 887100000010A' is selected.
16:03:39 INFO  : 'jtag frequency' command is executed.
16:03:39 INFO  : 'targets -set -filter {jtag_cable_name =~ "RealDigital Boo 887100000010A" && level==0 && jtag_device_ctx=="jsn1-0362f093-0"}' command is executed.
16:03:40 INFO  : Device configured successfully with "C:/Users/kakkar3/Desktop/Final_Project/sdk/final_proj/_ide/bitstream/mb_usb_hdmi_top.bit"
16:03:40 INFO  : Context for processor 'microblaze_0' is selected.
16:03:40 INFO  : Hardware design and registers information is loaded from 'C:/Users/kakkar3/Desktop/Final_Project/sdk/mb_usb_hdmi_top/export/mb_usb_hdmi_top/hw/mb_usb_hdmi_top.xsa'.
16:03:40 INFO  : 'configparams mdm-detect-bscan-mask 2' command is executed.
16:03:40 INFO  : Context for processor 'microblaze_0' is selected.
16:03:40 INFO  : System reset is completed.
16:03:43 INFO  : 'after 3000' command is executed.
16:03:43 INFO  : Context for processor 'microblaze_0' is selected.
16:03:44 INFO  : The application 'C:/Users/kakkar3/Desktop/Final_Project/sdk/final_proj/Debug/final_proj.elf' is downloaded to processor 'microblaze_0'.
16:03:44 INFO  : ----------------XSDB Script----------------
connect -url tcp:127.0.0.1:3121
targets -set -filter {jtag_cable_name =~ "RealDigital Boo 887100000010A" && level==0 && jtag_device_ctx=="jsn1-0362f093-0"}
fpga -file C:/Users/kakkar3/Desktop/Final_Project/sdk/final_proj/_ide/bitstream/mb_usb_hdmi_top.bit
targets -set -nocase -filter {name =~ "*microblaze*#0" && bscan=="USER2" }
loadhw -hw C:/Users/kakkar3/Desktop/Final_Project/sdk/mb_usb_hdmi_top/export/mb_usb_hdmi_top/hw/mb_usb_hdmi_top.xsa -regs
configparams mdm-detect-bscan-mask 2
targets -set -nocase -filter {name =~ "*microblaze*#0" && bscan=="USER2" }
rst -system
after 3000
targets -set -nocase -filter {name =~ "*microblaze*#0" && bscan=="USER2" }
dow C:/Users/kakkar3/Desktop/Final_Project/sdk/final_proj/Debug/final_proj.elf
----------------End of Script----------------

16:03:44 INFO  : Context for processor 'microblaze_0' is selected.
16:03:44 INFO  : 'con' command is executed.
16:03:44 INFO  : ----------------XSDB Script (After Launch)----------------
targets -set -nocase -filter {name =~ "*microblaze*#0" && bscan=="USER2" }
con
----------------End of Script----------------

16:03:44 INFO  : Launch script is exported to file 'C:\Users\kakkar3\Desktop\Final_Project\sdk\final_proj_system\_ide\scripts\debugger_final_proj-default.tcl'
16:08:18 INFO  : Checking for BSP changes to sync application flags for project 'final_proj'...
16:11:10 INFO  : Hardware specification for platform project 'mb_usb_hdmi_top' is updated.
16:11:35 INFO  : Result from executing command 'getProjects': mb_usb_hdmi_top
16:11:35 INFO  : Result from executing command 'getPlatforms': xilinx_vck190_base_202220_1|C:/Xilinx/Vitis/2022.2/base_platforms/xilinx_vck190_base_202220_1/xilinx_vck190_base_202220_1.xpfm;xilinx_vck190_base_dfx_202220_1|C:/Xilinx/Vitis/2022.2/base_platforms/xilinx_vck190_base_dfx_202220_1/xilinx_vck190_base_dfx_202220_1.xpfm;xilinx_vmk180_base_202220_1|C:/Xilinx/Vitis/2022.2/base_platforms/xilinx_vmk180_base_202220_1/xilinx_vmk180_base_202220_1.xpfm;xilinx_zcu102_base_202220_1|C:/Xilinx/Vitis/2022.2/base_platforms/xilinx_zcu102_base_202220_1/xilinx_zcu102_base_202220_1.xpfm;xilinx_zcu102_base_dfx_202220_1|C:/Xilinx/Vitis/2022.2/base_platforms/xilinx_zcu102_base_dfx_202220_1/xilinx_zcu102_base_dfx_202220_1.xpfm;xilinx_zcu104_base_202220_1|C:/Xilinx/Vitis/2022.2/base_platforms/xilinx_zcu104_base_202220_1/xilinx_zcu104_base_202220_1.xpfm
16:11:36 INFO  : Checking for BSP changes to sync application flags for project 'final_proj'...
16:11:39 INFO  : The hardware specification used by project 'final_proj' is out of sync with the platform. Resource files extracted from the hardware specification will be updated.
16:11:39 INFO  : The file 'C:\Users\kakkar3\Desktop\Final_Project\sdk\final_proj\_ide\bitstream\mb_usb_hdmi_top.bit' stored in project is removed.
16:11:39 INFO  : The file 'C:\Users\kakkar3\Desktop\Final_Project\sdk\final_proj\_ide\bitstream\mb_usb_hdmi_top.mmi' stored in project is removed.
16:11:39 INFO  : The updated bitstream files are copied from platform to folder 'C:\Users\kakkar3\Desktop\Final_Project\sdk\final_proj\_ide\bitstream' in project 'final_proj'.
16:12:40 INFO  : Disconnected from the channel tcfchan#10.
16:12:41 INFO  : Connected to target on host '127.0.0.1' and port '3121'.
16:12:41 INFO  : Jtag cable 'RealDigital Boo 887100000010A' is selected.
16:12:41 INFO  : 'jtag frequency' command is executed.
16:12:44 ERROR : no targets found with "jtag_cable_name =~ "RealDigital Boo 887100000010A" && level==0 && jtag_device_ctx=="jsn1-0362f093-0"". available targets:
  1  xc7s50
     2  MicroBlaze Debug Module at USER2
        3  MicroBlaze #0 (Running)
16:12:44 ERROR : Exception occured while running Program Device.
java.lang.RuntimeException: no targets found with "jtag_cable_name =~ "RealDigital Boo 887100000010A" && level==0 && jtag_device_ctx=="jsn1-0362f093-0"". available targets:
  1  xc7s50
     2  MicroBlaze Debug Module at USER2
        3  MicroBlaze #0 (Running)
16:12:44 INFO  : ----------------XSDB Script----------------
connect -url tcp:127.0.0.1:3121
----------------End of Script----------------

16:12:44 ERROR : no targets found with "jtag_cable_name =~ "RealDigital Boo 887100000010A" && level==0 && jtag_device_ctx=="jsn1-0362f093-0"". available targets:
  1  xc7s50
     2  MicroBlaze Debug Module at USER2
        3  MicroBlaze #0 (Running)
16:12:51 INFO  : Connected to target on host '127.0.0.1' and port '3121'.
16:12:52 INFO  : Jtag cable 'RealDigital Boo 887100000010A' is selected.
16:12:52 INFO  : 'jtag frequency' command is executed.
16:12:55 ERROR : no targets found with "jtag_cable_name =~ "RealDigital Boo 887100000010A" && level==0 && jtag_device_ctx=="jsn1-0362f093-0"". available targets:
  1  xc7s50
     2  MicroBlaze Debug Module at USER2
        3  MicroBlaze #0 (Running)
16:12:55 ERROR : Exception occured while running Program Device.
java.lang.RuntimeException: no targets found with "jtag_cable_name =~ "RealDigital Boo 887100000010A" && level==0 && jtag_device_ctx=="jsn1-0362f093-0"". available targets:
  1  xc7s50
     2  MicroBlaze Debug Module at USER2
        3  MicroBlaze #0 (Running)
16:12:55 INFO  : ----------------XSDB Script----------------
connect -url tcp:127.0.0.1:3121
----------------End of Script----------------

16:12:55 ERROR : no targets found with "jtag_cable_name =~ "RealDigital Boo 887100000010A" && level==0 && jtag_device_ctx=="jsn1-0362f093-0"". available targets:
  1  xc7s50
     2  MicroBlaze Debug Module at USER2
        3  MicroBlaze #0 (Running)
16:13:31 DEBUG : Logs will be stored at 'C:/Users/kakkar3/Desktop/Final_Project/sdk/IDE.log'.
16:13:31 INFO  : Launching XSCT server: xsct.bat -n  -interactive C:\Users\kakkar3\Desktop\Final_Project\sdk\temp_xsdb_launch_script.tcl
16:13:34 INFO  : XSCT server has started successfully.
16:13:34 INFO  : plnx-install-location is set to ''
16:13:34 INFO  : Successfully done setting XSCT server connection channel  
16:13:34 INFO  : Successfully done setting workspace for the tool. 
16:13:35 INFO  : Registering command handlers for Vitis TCF services
16:13:35 INFO  : Successfully done query RDI_DATADIR 
16:13:35 INFO  : Platform repository initialization has completed.
16:13:52 INFO  : Connected to target on host '127.0.0.1' and port '3121'.
16:13:53 INFO  : Jtag cable 'RealDigital Boo 887100000010A' is selected.
16:13:53 INFO  : 'jtag frequency' command is executed.
16:13:53 INFO  : 'targets -set -filter {jtag_cable_name =~ "RealDigital Boo 887100000010A" && level==0 && jtag_device_ctx=="jsn1-0362f093-0"}' command is executed.
16:13:54 INFO  : Device configured successfully with "C:/Users/kakkar3/Desktop/Final_Project/sdk/final_proj/_ide/bitstream/mb_usb_hdmi_top.bit"
16:13:54 INFO  : Context for processor 'microblaze_0' is selected.
16:13:54 INFO  : Hardware design and registers information is loaded from 'C:/Users/kakkar3/Desktop/Final_Project/sdk/mb_usb_hdmi_top/export/mb_usb_hdmi_top/hw/mb_usb_hdmi_top.xsa'.
16:13:54 INFO  : 'configparams mdm-detect-bscan-mask 2' command is executed.
16:13:54 INFO  : Context for processor 'microblaze_0' is selected.
16:13:54 INFO  : System reset is completed.
16:13:57 INFO  : 'after 3000' command is executed.
16:13:57 INFO  : Context for processor 'microblaze_0' is selected.
16:13:57 INFO  : The application 'C:/Users/kakkar3/Desktop/Final_Project/sdk/final_proj/Debug/final_proj.elf' is downloaded to processor 'microblaze_0'.
16:13:57 INFO  : ----------------XSDB Script----------------
connect -url tcp:127.0.0.1:3121
targets -set -filter {jtag_cable_name =~ "RealDigital Boo 887100000010A" && level==0 && jtag_device_ctx=="jsn1-0362f093-0"}
fpga -file C:/Users/kakkar3/Desktop/Final_Project/sdk/final_proj/_ide/bitstream/mb_usb_hdmi_top.bit
targets -set -nocase -filter {name =~ "*microblaze*#0" && bscan=="USER2" }
loadhw -hw C:/Users/kakkar3/Desktop/Final_Project/sdk/mb_usb_hdmi_top/export/mb_usb_hdmi_top/hw/mb_usb_hdmi_top.xsa -regs
configparams mdm-detect-bscan-mask 2
targets -set -nocase -filter {name =~ "*microblaze*#0" && bscan=="USER2" }
rst -system
after 3000
targets -set -nocase -filter {name =~ "*microblaze*#0" && bscan=="USER2" }
dow C:/Users/kakkar3/Desktop/Final_Project/sdk/final_proj/Debug/final_proj.elf
----------------End of Script----------------

16:13:58 INFO  : Context for processor 'microblaze_0' is selected.
16:13:58 INFO  : 'con' command is executed.
16:13:58 INFO  : ----------------XSDB Script (After Launch)----------------
targets -set -nocase -filter {name =~ "*microblaze*#0" && bscan=="USER2" }
con
----------------End of Script----------------

16:13:58 INFO  : Launch script is exported to file 'C:\Users\kakkar3\Desktop\Final_Project\sdk\final_proj_system\_ide\scripts\debugger_final_proj-default.tcl'
16:19:39 INFO  : Checking for BSP changes to sync application flags for project 'final_proj'...
16:20:08 INFO  : Checking for BSP changes to sync application flags for project 'final_proj'...
16:20:12 INFO  : Disconnected from the channel tcfchan#1.
16:20:13 INFO  : Connected to target on host '127.0.0.1' and port '3121'.
16:20:22 INFO  : ----------------XSDB Script----------------
connect -url tcp:127.0.0.1:3121
----------------End of Script----------------

16:20:22 ERROR : Could not find FPGA device on the board for connection 'Local'.


Troubleshooting hints:
1. Check whether board is connected to system properly.
2. In case of zynq board, check whether Digilent/Xilinx cable switch settings are correct.
3. If you are using Xilinx Platform Cable USB, ensure that status LED is green.
16:20:24 INFO  : Connected to target on host '127.0.0.1' and port '3121'.
16:20:24 INFO  : Jtag cable 'RealDigital Boo 887100000010A' is selected.
16:20:25 INFO  : 'jtag frequency' command is executed.
16:20:25 INFO  : 'targets -set -filter {jtag_cable_name =~ "RealDigital Boo 887100000010A" && level==0 && jtag_device_ctx=="jsn1-0362f093-0"}' command is executed.
16:20:26 INFO  : Device configured successfully with "C:/Users/kakkar3/Desktop/Final_Project/sdk/final_proj/_ide/bitstream/mb_usb_hdmi_top.bit"
16:20:26 INFO  : Context for processor 'microblaze_0' is selected.
16:20:26 INFO  : Hardware design and registers information is loaded from 'C:/Users/kakkar3/Desktop/Final_Project/sdk/mb_usb_hdmi_top/export/mb_usb_hdmi_top/hw/mb_usb_hdmi_top.xsa'.
16:20:26 INFO  : 'configparams mdm-detect-bscan-mask 2' command is executed.
16:20:26 INFO  : Context for processor 'microblaze_0' is selected.
16:20:26 INFO  : System reset is completed.
16:20:29 INFO  : 'after 3000' command is executed.
16:20:29 INFO  : Context for processor 'microblaze_0' is selected.
16:20:29 INFO  : The application 'C:/Users/kakkar3/Desktop/Final_Project/sdk/final_proj/Debug/final_proj.elf' is downloaded to processor 'microblaze_0'.
16:20:29 INFO  : ----------------XSDB Script----------------
connect -url tcp:127.0.0.1:3121
targets -set -filter {jtag_cable_name =~ "RealDigital Boo 887100000010A" && level==0 && jtag_device_ctx=="jsn1-0362f093-0"}
fpga -file C:/Users/kakkar3/Desktop/Final_Project/sdk/final_proj/_ide/bitstream/mb_usb_hdmi_top.bit
targets -set -nocase -filter {name =~ "*microblaze*#0" && bscan=="USER2" }
loadhw -hw C:/Users/kakkar3/Desktop/Final_Project/sdk/mb_usb_hdmi_top/export/mb_usb_hdmi_top/hw/mb_usb_hdmi_top.xsa -regs
configparams mdm-detect-bscan-mask 2
targets -set -nocase -filter {name =~ "*microblaze*#0" && bscan=="USER2" }
rst -system
after 3000
targets -set -nocase -filter {name =~ "*microblaze*#0" && bscan=="USER2" }
dow C:/Users/kakkar3/Desktop/Final_Project/sdk/final_proj/Debug/final_proj.elf
----------------End of Script----------------

16:20:30 INFO  : Context for processor 'microblaze_0' is selected.
16:20:30 INFO  : 'con' command is executed.
16:20:30 INFO  : ----------------XSDB Script (After Launch)----------------
targets -set -nocase -filter {name =~ "*microblaze*#0" && bscan=="USER2" }
con
----------------End of Script----------------

16:20:30 INFO  : Launch script is exported to file 'C:\Users\kakkar3\Desktop\Final_Project\sdk\final_proj_system\_ide\scripts\debugger_final_proj-default.tcl'
16:26:52 INFO  : Checking for BSP changes to sync application flags for project 'final_proj'...
16:27:24 INFO  : Disconnected from the channel tcfchan#2.
16:27:25 INFO  : Connected to target on host '127.0.0.1' and port '3121'.
16:27:34 INFO  : ----------------XSDB Script----------------
connect -url tcp:127.0.0.1:3121
----------------End of Script----------------

16:27:34 ERROR : Could not find FPGA device on the board for connection 'Local'.


Troubleshooting hints:
1. Check whether board is connected to system properly.
2. In case of zynq board, check whether Digilent/Xilinx cable switch settings are correct.
3. If you are using Xilinx Platform Cable USB, ensure that status LED is green.
16:57:23 INFO  : Hardware specification for platform project 'mb_usb_hdmi_top' is updated.
16:57:46 INFO  : Result from executing command 'getProjects': mb_usb_hdmi_top
16:57:46 INFO  : Result from executing command 'getPlatforms': mb_usb_hdmi_top|C:/Users/kakkar3/Desktop/Final_Project/sdk/mb_usb_hdmi_top/export/mb_usb_hdmi_top/mb_usb_hdmi_top.xpfm;xilinx_vck190_base_202220_1|C:/Xilinx/Vitis/2022.2/base_platforms/xilinx_vck190_base_202220_1/xilinx_vck190_base_202220_1.xpfm;xilinx_vck190_base_dfx_202220_1|C:/Xilinx/Vitis/2022.2/base_platforms/xilinx_vck190_base_dfx_202220_1/xilinx_vck190_base_dfx_202220_1.xpfm;xilinx_vmk180_base_202220_1|C:/Xilinx/Vitis/2022.2/base_platforms/xilinx_vmk180_base_202220_1/xilinx_vmk180_base_202220_1.xpfm;xilinx_zcu102_base_202220_1|C:/Xilinx/Vitis/2022.2/base_platforms/xilinx_zcu102_base_202220_1/xilinx_zcu102_base_202220_1.xpfm;xilinx_zcu102_base_dfx_202220_1|C:/Xilinx/Vitis/2022.2/base_platforms/xilinx_zcu102_base_dfx_202220_1/xilinx_zcu102_base_dfx_202220_1.xpfm;xilinx_zcu104_base_202220_1|C:/Xilinx/Vitis/2022.2/base_platforms/xilinx_zcu104_base_202220_1/xilinx_zcu104_base_202220_1.xpfm
16:57:47 INFO  : Checking for BSP changes to sync application flags for project 'final_proj'...
16:57:47 WARN  : Failed to closehw "C:/Users/kakkar3/Desktop/Final_Project/sdk/mb_usb_hdmi_top/export/mb_usb_hdmi_top/hw/mb_usb_hdmi_top.xsa"
Reason: Cannot close hw design 'C:/Users/kakkar3/Desktop/Final_Project/sdk/mb_usb_hdmi_top/export/mb_usb_hdmi_top/hw/mb_usb_hdmi_top.xsa'.
Design is not opened in the current session.

16:57:50 INFO  : The hardware specification used by project 'final_proj' is out of sync with the platform. Resource files extracted from the hardware specification will be updated.
16:57:50 INFO  : The file 'C:\Users\kakkar3\Desktop\Final_Project\sdk\final_proj\_ide\bitstream\mb_usb_hdmi_top.bit' stored in project is removed.
16:57:50 INFO  : The file 'C:\Users\kakkar3\Desktop\Final_Project\sdk\final_proj\_ide\bitstream\mb_usb_hdmi_top.mmi' stored in project is removed.
16:57:50 INFO  : The updated bitstream files are copied from platform to folder 'C:\Users\kakkar3\Desktop\Final_Project\sdk\final_proj\_ide\bitstream' in project 'final_proj'.
17:00:55 INFO  : Connected to target on host '127.0.0.1' and port '3121'.
17:00:55 INFO  : Jtag cable 'RealDigital Boo 887100000010A' is selected.
17:00:55 INFO  : 'jtag frequency' command is executed.
17:00:55 INFO  : 'targets -set -filter {jtag_cable_name =~ "RealDigital Boo 887100000010A" && level==0 && jtag_device_ctx=="jsn1-0362f093-0"}' command is executed.
17:00:57 INFO  : Device configured successfully with "C:/Users/kakkar3/Desktop/Final_Project/sdk/final_proj/_ide/bitstream/mb_usb_hdmi_top.bit"
17:00:57 INFO  : Context for processor 'microblaze_0' is selected.
17:00:57 INFO  : Hardware design and registers information is loaded from 'C:/Users/kakkar3/Desktop/Final_Project/sdk/mb_usb_hdmi_top/export/mb_usb_hdmi_top/hw/mb_usb_hdmi_top.xsa'.
17:00:57 INFO  : 'configparams mdm-detect-bscan-mask 2' command is executed.
17:00:57 INFO  : Context for processor 'microblaze_0' is selected.
17:00:57 INFO  : System reset is completed.
17:01:00 INFO  : 'after 3000' command is executed.
17:01:00 INFO  : Context for processor 'microblaze_0' is selected.
17:01:00 INFO  : The application 'C:/Users/kakkar3/Desktop/Final_Project/sdk/final_proj/Debug/final_proj.elf' is downloaded to processor 'microblaze_0'.
17:01:00 INFO  : ----------------XSDB Script----------------
connect -url tcp:127.0.0.1:3121
targets -set -filter {jtag_cable_name =~ "RealDigital Boo 887100000010A" && level==0 && jtag_device_ctx=="jsn1-0362f093-0"}
fpga -file C:/Users/kakkar3/Desktop/Final_Project/sdk/final_proj/_ide/bitstream/mb_usb_hdmi_top.bit
targets -set -nocase -filter {name =~ "*microblaze*#0" && bscan=="USER2" }
loadhw -hw C:/Users/kakkar3/Desktop/Final_Project/sdk/mb_usb_hdmi_top/export/mb_usb_hdmi_top/hw/mb_usb_hdmi_top.xsa -regs
configparams mdm-detect-bscan-mask 2
targets -set -nocase -filter {name =~ "*microblaze*#0" && bscan=="USER2" }
rst -system
after 3000
targets -set -nocase -filter {name =~ "*microblaze*#0" && bscan=="USER2" }
dow C:/Users/kakkar3/Desktop/Final_Project/sdk/final_proj/Debug/final_proj.elf
----------------End of Script----------------

17:01:00 INFO  : Context for processor 'microblaze_0' is selected.
17:01:00 INFO  : 'con' command is executed.
17:01:00 INFO  : ----------------XSDB Script (After Launch)----------------
targets -set -nocase -filter {name =~ "*microblaze*#0" && bscan=="USER2" }
con
----------------End of Script----------------

17:01:00 INFO  : Launch script is exported to file 'C:\Users\kakkar3\Desktop\Final_Project\sdk\final_proj_system\_ide\scripts\debugger_final_proj-default.tcl'
17:26:54 INFO  : Hardware specification for platform project 'mb_usb_hdmi_top' is updated.
17:27:15 INFO  : Result from executing command 'getProjects': mb_usb_hdmi_top
17:27:15 INFO  : Result from executing command 'getPlatforms': mb_usb_hdmi_top|C:/Users/kakkar3/Desktop/Final_Project/sdk/mb_usb_hdmi_top/export/mb_usb_hdmi_top/mb_usb_hdmi_top.xpfm;xilinx_vck190_base_202220_1|C:/Xilinx/Vitis/2022.2/base_platforms/xilinx_vck190_base_202220_1/xilinx_vck190_base_202220_1.xpfm;xilinx_vck190_base_dfx_202220_1|C:/Xilinx/Vitis/2022.2/base_platforms/xilinx_vck190_base_dfx_202220_1/xilinx_vck190_base_dfx_202220_1.xpfm;xilinx_vmk180_base_202220_1|C:/Xilinx/Vitis/2022.2/base_platforms/xilinx_vmk180_base_202220_1/xilinx_vmk180_base_202220_1.xpfm;xilinx_zcu102_base_202220_1|C:/Xilinx/Vitis/2022.2/base_platforms/xilinx_zcu102_base_202220_1/xilinx_zcu102_base_202220_1.xpfm;xilinx_zcu102_base_dfx_202220_1|C:/Xilinx/Vitis/2022.2/base_platforms/xilinx_zcu102_base_dfx_202220_1/xilinx_zcu102_base_dfx_202220_1.xpfm;xilinx_zcu104_base_202220_1|C:/Xilinx/Vitis/2022.2/base_platforms/xilinx_zcu104_base_202220_1/xilinx_zcu104_base_202220_1.xpfm
17:27:16 INFO  : Checking for BSP changes to sync application flags for project 'final_proj'...
17:27:19 INFO  : The hardware specification used by project 'final_proj' is out of sync with the platform. Resource files extracted from the hardware specification will be updated.
17:27:19 INFO  : The file 'C:\Users\kakkar3\Desktop\Final_Project\sdk\final_proj\_ide\bitstream\mb_usb_hdmi_top.bit' stored in project is removed.
17:27:19 INFO  : The file 'C:\Users\kakkar3\Desktop\Final_Project\sdk\final_proj\_ide\bitstream\mb_usb_hdmi_top.mmi' stored in project is removed.
17:27:19 INFO  : The updated bitstream files are copied from platform to folder 'C:\Users\kakkar3\Desktop\Final_Project\sdk\final_proj\_ide\bitstream' in project 'final_proj'.
17:31:56 INFO  : Disconnected from the channel tcfchan#3.
17:31:57 INFO  : Connected to target on host '127.0.0.1' and port '3121'.
17:32:06 INFO  : ----------------XSDB Script----------------
connect -url tcp:127.0.0.1:3121
----------------End of Script----------------

17:32:06 ERROR : Could not find FPGA device on the board for connection 'Local'.


Troubleshooting hints:
1. Check whether board is connected to system properly.
2. In case of zynq board, check whether Digilent/Xilinx cable switch settings are correct.
3. If you are using Xilinx Platform Cable USB, ensure that status LED is green.
17:35:21 INFO  : Connected to target on host '127.0.0.1' and port '3121'.
17:35:21 INFO  : Jtag cable 'RealDigital Boo 887100000010A' is selected.
17:35:21 INFO  : 'jtag frequency' command is executed.
17:35:21 INFO  : 'targets -set -filter {jtag_cable_name =~ "RealDigital Boo 887100000010A" && level==0 && jtag_device_ctx=="jsn1-0362f093-0"}' command is executed.
17:35:22 INFO  : Device configured successfully with "C:/Users/kakkar3/Desktop/Final_Project/sdk/final_proj/_ide/bitstream/mb_usb_hdmi_top.bit"
17:35:22 INFO  : Context for processor 'microblaze_0' is selected.
17:35:22 INFO  : Hardware design and registers information is loaded from 'C:/Users/kakkar3/Desktop/Final_Project/sdk/mb_usb_hdmi_top/export/mb_usb_hdmi_top/hw/mb_usb_hdmi_top.xsa'.
17:35:22 INFO  : 'configparams mdm-detect-bscan-mask 2' command is executed.
17:35:22 INFO  : Context for processor 'microblaze_0' is selected.
17:35:22 INFO  : System reset is completed.
17:35:25 INFO  : 'after 3000' command is executed.
17:35:25 INFO  : Context for processor 'microblaze_0' is selected.
17:35:25 INFO  : The application 'C:/Users/kakkar3/Desktop/Final_Project/sdk/final_proj/Debug/final_proj.elf' is downloaded to processor 'microblaze_0'.
17:35:25 INFO  : ----------------XSDB Script----------------
connect -url tcp:127.0.0.1:3121
targets -set -filter {jtag_cable_name =~ "RealDigital Boo 887100000010A" && level==0 && jtag_device_ctx=="jsn1-0362f093-0"}
fpga -file C:/Users/kakkar3/Desktop/Final_Project/sdk/final_proj/_ide/bitstream/mb_usb_hdmi_top.bit
targets -set -nocase -filter {name =~ "*microblaze*#0" && bscan=="USER2" }
loadhw -hw C:/Users/kakkar3/Desktop/Final_Project/sdk/mb_usb_hdmi_top/export/mb_usb_hdmi_top/hw/mb_usb_hdmi_top.xsa -regs
configparams mdm-detect-bscan-mask 2
targets -set -nocase -filter {name =~ "*microblaze*#0" && bscan=="USER2" }
rst -system
after 3000
targets -set -nocase -filter {name =~ "*microblaze*#0" && bscan=="USER2" }
dow C:/Users/kakkar3/Desktop/Final_Project/sdk/final_proj/Debug/final_proj.elf
----------------End of Script----------------

17:35:26 INFO  : Context for processor 'microblaze_0' is selected.
17:35:26 INFO  : 'con' command is executed.
17:35:26 INFO  : ----------------XSDB Script (After Launch)----------------
targets -set -nocase -filter {name =~ "*microblaze*#0" && bscan=="USER2" }
con
----------------End of Script----------------

17:35:26 INFO  : Launch script is exported to file 'C:\Users\kakkar3\Desktop\Final_Project\sdk\final_proj_system\_ide\scripts\debugger_final_proj-default.tcl'
18:18:59 INFO  : Hardware specification for platform project 'mb_usb_hdmi_top' is updated.
18:19:20 INFO  : Result from executing command 'getProjects': mb_usb_hdmi_top
18:19:20 INFO  : Result from executing command 'getPlatforms': mb_usb_hdmi_top|C:/Users/kakkar3/Desktop/Final_Project/sdk/mb_usb_hdmi_top/export/mb_usb_hdmi_top/mb_usb_hdmi_top.xpfm;xilinx_vck190_base_202220_1|C:/Xilinx/Vitis/2022.2/base_platforms/xilinx_vck190_base_202220_1/xilinx_vck190_base_202220_1.xpfm;xilinx_vck190_base_dfx_202220_1|C:/Xilinx/Vitis/2022.2/base_platforms/xilinx_vck190_base_dfx_202220_1/xilinx_vck190_base_dfx_202220_1.xpfm;xilinx_vmk180_base_202220_1|C:/Xilinx/Vitis/2022.2/base_platforms/xilinx_vmk180_base_202220_1/xilinx_vmk180_base_202220_1.xpfm;xilinx_zcu102_base_202220_1|C:/Xilinx/Vitis/2022.2/base_platforms/xilinx_zcu102_base_202220_1/xilinx_zcu102_base_202220_1.xpfm;xilinx_zcu102_base_dfx_202220_1|C:/Xilinx/Vitis/2022.2/base_platforms/xilinx_zcu102_base_dfx_202220_1/xilinx_zcu102_base_dfx_202220_1.xpfm;xilinx_zcu104_base_202220_1|C:/Xilinx/Vitis/2022.2/base_platforms/xilinx_zcu104_base_202220_1/xilinx_zcu104_base_202220_1.xpfm
18:19:21 INFO  : Checking for BSP changes to sync application flags for project 'final_proj'...
18:19:25 INFO  : The hardware specification used by project 'final_proj' is out of sync with the platform. Resource files extracted from the hardware specification will be updated.
18:19:25 INFO  : The file 'C:\Users\kakkar3\Desktop\Final_Project\sdk\final_proj\_ide\bitstream\mb_usb_hdmi_top.bit' stored in project is removed.
18:19:25 INFO  : The file 'C:\Users\kakkar3\Desktop\Final_Project\sdk\final_proj\_ide\bitstream\mb_usb_hdmi_top.mmi' stored in project is removed.
18:19:25 INFO  : The updated bitstream files are copied from platform to folder 'C:\Users\kakkar3\Desktop\Final_Project\sdk\final_proj\_ide\bitstream' in project 'final_proj'.
18:19:31 INFO  : Disconnected from the channel tcfchan#6.
18:19:33 INFO  : Connected to target on host '127.0.0.1' and port '3121'.
18:19:34 INFO  : Jtag cable 'RealDigital Boo 887100000010A' is selected.
18:19:34 INFO  : 'jtag frequency' command is executed.
18:19:37 ERROR : no targets found with "jtag_cable_name =~ "RealDigital Boo 887100000010A" && level==0 && jtag_device_ctx=="jsn1-0362f093-0"". available targets:
  1  xc7s50
     2  MicroBlaze Debug Module at USER2
        3  MicroBlaze #0 (Running)
18:19:37 ERROR : Exception occured while running Program Device.
java.lang.RuntimeException: no targets found with "jtag_cable_name =~ "RealDigital Boo 887100000010A" && level==0 && jtag_device_ctx=="jsn1-0362f093-0"". available targets:
  1  xc7s50
     2  MicroBlaze Debug Module at USER2
        3  MicroBlaze #0 (Running)
18:19:37 INFO  : ----------------XSDB Script----------------
connect -url tcp:127.0.0.1:3121
----------------End of Script----------------

18:19:37 ERROR : no targets found with "jtag_cable_name =~ "RealDigital Boo 887100000010A" && level==0 && jtag_device_ctx=="jsn1-0362f093-0"". available targets:
  1  xc7s50
     2  MicroBlaze Debug Module at USER2
        3  MicroBlaze #0 (Running)
18:19:54 DEBUG : Logs will be stored at 'C:/Users/kakkar3/Desktop/Final_Project/sdk/IDE.log'.
18:19:55 INFO  : Launching XSCT server: xsct.bat -n  -interactive C:\Users\kakkar3\Desktop\Final_Project\sdk\temp_xsdb_launch_script.tcl
18:19:58 INFO  : XSCT server has started successfully.
18:19:58 INFO  : Successfully done setting XSCT server connection channel  
18:19:58 INFO  : plnx-install-location is set to ''
18:19:58 INFO  : Successfully done setting workspace for the tool. 
18:19:58 INFO  : Registering command handlers for Vitis TCF services
18:19:58 INFO  : Successfully done query RDI_DATADIR 
18:19:59 INFO  : Platform repository initialization has completed.
18:20:05 INFO  : Checking for BSP changes to sync application flags for project 'final_proj'...
18:20:12 INFO  : Connected to target on host '127.0.0.1' and port '3121'.
18:20:12 INFO  : Jtag cable 'RealDigital Boo 887100000010A' is selected.
18:20:12 INFO  : 'jtag frequency' command is executed.
18:20:12 INFO  : 'targets -set -filter {jtag_cable_name =~ "RealDigital Boo 887100000010A" && level==0 && jtag_device_ctx=="jsn1-0362f093-0"}' command is executed.
18:20:14 INFO  : Device configured successfully with "C:/Users/kakkar3/Desktop/Final_Project/sdk/final_proj/_ide/bitstream/mb_usb_hdmi_top.bit"
18:20:14 INFO  : Context for processor 'microblaze_0' is selected.
18:20:14 INFO  : Hardware design and registers information is loaded from 'C:/Users/kakkar3/Desktop/Final_Project/sdk/mb_usb_hdmi_top/export/mb_usb_hdmi_top/hw/mb_usb_hdmi_top.xsa'.
18:20:14 INFO  : 'configparams mdm-detect-bscan-mask 2' command is executed.
18:20:14 INFO  : Context for processor 'microblaze_0' is selected.
18:20:14 INFO  : System reset is completed.
18:20:17 INFO  : 'after 3000' command is executed.
18:20:17 INFO  : Context for processor 'microblaze_0' is selected.
18:20:17 INFO  : The application 'C:/Users/kakkar3/Desktop/Final_Project/sdk/final_proj/Debug/final_proj.elf' is downloaded to processor 'microblaze_0'.
18:20:17 INFO  : ----------------XSDB Script----------------
connect -url tcp:127.0.0.1:3121
targets -set -filter {jtag_cable_name =~ "RealDigital Boo 887100000010A" && level==0 && jtag_device_ctx=="jsn1-0362f093-0"}
fpga -file C:/Users/kakkar3/Desktop/Final_Project/sdk/final_proj/_ide/bitstream/mb_usb_hdmi_top.bit
targets -set -nocase -filter {name =~ "*microblaze*#0" && bscan=="USER2" }
loadhw -hw C:/Users/kakkar3/Desktop/Final_Project/sdk/mb_usb_hdmi_top/export/mb_usb_hdmi_top/hw/mb_usb_hdmi_top.xsa -regs
configparams mdm-detect-bscan-mask 2
targets -set -nocase -filter {name =~ "*microblaze*#0" && bscan=="USER2" }
rst -system
after 3000
targets -set -nocase -filter {name =~ "*microblaze*#0" && bscan=="USER2" }
dow C:/Users/kakkar3/Desktop/Final_Project/sdk/final_proj/Debug/final_proj.elf
----------------End of Script----------------

18:20:17 INFO  : Context for processor 'microblaze_0' is selected.
18:20:17 INFO  : 'con' command is executed.
18:20:17 INFO  : ----------------XSDB Script (After Launch)----------------
targets -set -nocase -filter {name =~ "*microblaze*#0" && bscan=="USER2" }
con
----------------End of Script----------------

18:20:17 INFO  : Launch script is exported to file 'C:\Users\kakkar3\Desktop\Final_Project\sdk\final_proj_system\_ide\scripts\debugger_final_proj-default.tcl'
18:23:32 INFO  : Checking for BSP changes to sync application flags for project 'final_proj'...
18:23:38 INFO  : Disconnected from the channel tcfchan#1.
18:23:39 INFO  : Connected to target on host '127.0.0.1' and port '3121'.
18:23:48 INFO  : ----------------XSDB Script----------------
connect -url tcp:127.0.0.1:3121
----------------End of Script----------------

18:23:48 ERROR : Could not find FPGA device on the board for connection 'Local'.


Troubleshooting hints:
1. Check whether board is connected to system properly.
2. In case of zynq board, check whether Digilent/Xilinx cable switch settings are correct.
3. If you are using Xilinx Platform Cable USB, ensure that status LED is green.
18:23:51 INFO  : Connected to target on host '127.0.0.1' and port '3121'.
18:23:51 INFO  : Jtag cable 'RealDigital Boo 887100000010A' is selected.
18:23:51 INFO  : 'jtag frequency' command is executed.
18:23:51 INFO  : 'targets -set -filter {jtag_cable_name =~ "RealDigital Boo 887100000010A" && level==0 && jtag_device_ctx=="jsn1-0362f093-0"}' command is executed.
18:23:52 INFO  : Device configured successfully with "C:/Users/kakkar3/Desktop/Final_Project/sdk/final_proj/_ide/bitstream/mb_usb_hdmi_top.bit"
18:23:52 INFO  : Context for processor 'microblaze_0' is selected.
18:23:53 INFO  : Hardware design and registers information is loaded from 'C:/Users/kakkar3/Desktop/Final_Project/sdk/mb_usb_hdmi_top/export/mb_usb_hdmi_top/hw/mb_usb_hdmi_top.xsa'.
18:23:53 INFO  : 'configparams mdm-detect-bscan-mask 2' command is executed.
18:23:53 INFO  : Context for processor 'microblaze_0' is selected.
18:23:53 INFO  : System reset is completed.
18:23:56 INFO  : 'after 3000' command is executed.
18:23:56 INFO  : Context for processor 'microblaze_0' is selected.
18:23:56 INFO  : The application 'C:/Users/kakkar3/Desktop/Final_Project/sdk/final_proj/Debug/final_proj.elf' is downloaded to processor 'microblaze_0'.
18:23:56 INFO  : ----------------XSDB Script----------------
connect -url tcp:127.0.0.1:3121
targets -set -filter {jtag_cable_name =~ "RealDigital Boo 887100000010A" && level==0 && jtag_device_ctx=="jsn1-0362f093-0"}
fpga -file C:/Users/kakkar3/Desktop/Final_Project/sdk/final_proj/_ide/bitstream/mb_usb_hdmi_top.bit
targets -set -nocase -filter {name =~ "*microblaze*#0" && bscan=="USER2" }
loadhw -hw C:/Users/kakkar3/Desktop/Final_Project/sdk/mb_usb_hdmi_top/export/mb_usb_hdmi_top/hw/mb_usb_hdmi_top.xsa -regs
configparams mdm-detect-bscan-mask 2
targets -set -nocase -filter {name =~ "*microblaze*#0" && bscan=="USER2" }
rst -system
after 3000
targets -set -nocase -filter {name =~ "*microblaze*#0" && bscan=="USER2" }
dow C:/Users/kakkar3/Desktop/Final_Project/sdk/final_proj/Debug/final_proj.elf
----------------End of Script----------------

18:23:56 INFO  : Context for processor 'microblaze_0' is selected.
18:23:56 INFO  : 'con' command is executed.
18:23:56 INFO  : ----------------XSDB Script (After Launch)----------------
targets -set -nocase -filter {name =~ "*microblaze*#0" && bscan=="USER2" }
con
----------------End of Script----------------

18:23:56 INFO  : Launch script is exported to file 'C:\Users\kakkar3\Desktop\Final_Project\sdk\final_proj_system\_ide\scripts\debugger_final_proj-default.tcl'
18:50:39 INFO  : Hardware specification for platform project 'mb_usb_hdmi_top' is updated.
18:57:46 INFO  : Hardware specification for platform project 'mb_usb_hdmi_top' is updated.
18:58:03 INFO  : Result from executing command 'getProjects': mb_usb_hdmi_top
18:58:03 INFO  : Result from executing command 'getPlatforms': mb_usb_hdmi_top|C:/Users/kakkar3/Desktop/Final_Project/sdk/mb_usb_hdmi_top/export/mb_usb_hdmi_top/mb_usb_hdmi_top.xpfm;xilinx_vck190_base_202220_1|C:/Xilinx/Vitis/2022.2/base_platforms/xilinx_vck190_base_202220_1/xilinx_vck190_base_202220_1.xpfm;xilinx_vck190_base_dfx_202220_1|C:/Xilinx/Vitis/2022.2/base_platforms/xilinx_vck190_base_dfx_202220_1/xilinx_vck190_base_dfx_202220_1.xpfm;xilinx_vmk180_base_202220_1|C:/Xilinx/Vitis/2022.2/base_platforms/xilinx_vmk180_base_202220_1/xilinx_vmk180_base_202220_1.xpfm;xilinx_zcu102_base_202220_1|C:/Xilinx/Vitis/2022.2/base_platforms/xilinx_zcu102_base_202220_1/xilinx_zcu102_base_202220_1.xpfm;xilinx_zcu102_base_dfx_202220_1|C:/Xilinx/Vitis/2022.2/base_platforms/xilinx_zcu102_base_dfx_202220_1/xilinx_zcu102_base_dfx_202220_1.xpfm;xilinx_zcu104_base_202220_1|C:/Xilinx/Vitis/2022.2/base_platforms/xilinx_zcu104_base_202220_1/xilinx_zcu104_base_202220_1.xpfm
18:58:04 INFO  : Checking for BSP changes to sync application flags for project 'final_proj'...
18:58:07 INFO  : The hardware specification used by project 'final_proj' is out of sync with the platform. Resource files extracted from the hardware specification will be updated.
18:58:07 INFO  : The file 'C:\Users\kakkar3\Desktop\Final_Project\sdk\final_proj\_ide\bitstream\mb_usb_hdmi_top.bit' stored in project is removed.
18:58:07 INFO  : The file 'C:\Users\kakkar3\Desktop\Final_Project\sdk\final_proj\_ide\bitstream\mb_usb_hdmi_top.mmi' stored in project is removed.
18:58:07 INFO  : The updated bitstream files are copied from platform to folder 'C:\Users\kakkar3\Desktop\Final_Project\sdk\final_proj\_ide\bitstream' in project 'final_proj'.
18:58:21 INFO  : Disconnected from the channel tcfchan#2.
18:58:23 INFO  : Connected to target on host '127.0.0.1' and port '3121'.
18:58:23 INFO  : Jtag cable 'RealDigital Boo 887100000010A' is selected.
18:58:23 INFO  : 'jtag frequency' command is executed.
18:58:23 INFO  : 'targets -set -filter {jtag_cable_name =~ "RealDigital Boo 887100000010A" && level==0 && jtag_device_ctx=="jsn1-0362f093-0"}' command is executed.
18:58:24 INFO  : Device configured successfully with "C:/Users/kakkar3/Desktop/Final_Project/sdk/final_proj/_ide/bitstream/mb_usb_hdmi_top.bit"
18:58:24 INFO  : Context for processor 'microblaze_0' is selected.
18:58:24 INFO  : Hardware design and registers information is loaded from 'C:/Users/kakkar3/Desktop/Final_Project/sdk/mb_usb_hdmi_top/export/mb_usb_hdmi_top/hw/mb_usb_hdmi_top.xsa'.
18:58:24 INFO  : 'configparams mdm-detect-bscan-mask 2' command is executed.
18:58:24 INFO  : Context for processor 'microblaze_0' is selected.
18:58:24 INFO  : System reset is completed.
18:58:27 INFO  : 'after 3000' command is executed.
18:58:27 INFO  : Context for processor 'microblaze_0' is selected.
18:58:27 INFO  : The application 'C:/Users/kakkar3/Desktop/Final_Project/sdk/final_proj/Debug/final_proj.elf' is downloaded to processor 'microblaze_0'.
18:58:27 INFO  : ----------------XSDB Script----------------
connect -url tcp:127.0.0.1:3121
targets -set -filter {jtag_cable_name =~ "RealDigital Boo 887100000010A" && level==0 && jtag_device_ctx=="jsn1-0362f093-0"}
fpga -file C:/Users/kakkar3/Desktop/Final_Project/sdk/final_proj/_ide/bitstream/mb_usb_hdmi_top.bit
targets -set -nocase -filter {name =~ "*microblaze*#0" && bscan=="USER2" }
loadhw -hw C:/Users/kakkar3/Desktop/Final_Project/sdk/mb_usb_hdmi_top/export/mb_usb_hdmi_top/hw/mb_usb_hdmi_top.xsa -regs
configparams mdm-detect-bscan-mask 2
targets -set -nocase -filter {name =~ "*microblaze*#0" && bscan=="USER2" }
rst -system
after 3000
targets -set -nocase -filter {name =~ "*microblaze*#0" && bscan=="USER2" }
dow C:/Users/kakkar3/Desktop/Final_Project/sdk/final_proj/Debug/final_proj.elf
----------------End of Script----------------

18:58:28 INFO  : Context for processor 'microblaze_0' is selected.
18:58:28 INFO  : 'con' command is executed.
18:58:28 INFO  : ----------------XSDB Script (After Launch)----------------
targets -set -nocase -filter {name =~ "*microblaze*#0" && bscan=="USER2" }
con
----------------End of Script----------------

18:58:28 INFO  : Launch script is exported to file 'C:\Users\kakkar3\Desktop\Final_Project\sdk\final_proj_system\_ide\scripts\debugger_final_proj-default.tcl'
19:31:17 INFO  : Hardware specification for platform project 'mb_usb_hdmi_top' is updated.
19:31:41 INFO  : Result from executing command 'getProjects': mb_usb_hdmi_top
19:31:41 INFO  : Result from executing command 'getPlatforms': mb_usb_hdmi_top|C:/Users/kakkar3/Desktop/Final_Project/sdk/mb_usb_hdmi_top/export/mb_usb_hdmi_top/mb_usb_hdmi_top.xpfm;xilinx_vck190_base_202220_1|C:/Xilinx/Vitis/2022.2/base_platforms/xilinx_vck190_base_202220_1/xilinx_vck190_base_202220_1.xpfm;xilinx_vck190_base_dfx_202220_1|C:/Xilinx/Vitis/2022.2/base_platforms/xilinx_vck190_base_dfx_202220_1/xilinx_vck190_base_dfx_202220_1.xpfm;xilinx_vmk180_base_202220_1|C:/Xilinx/Vitis/2022.2/base_platforms/xilinx_vmk180_base_202220_1/xilinx_vmk180_base_202220_1.xpfm;xilinx_zcu102_base_202220_1|C:/Xilinx/Vitis/2022.2/base_platforms/xilinx_zcu102_base_202220_1/xilinx_zcu102_base_202220_1.xpfm;xilinx_zcu102_base_dfx_202220_1|C:/Xilinx/Vitis/2022.2/base_platforms/xilinx_zcu102_base_dfx_202220_1/xilinx_zcu102_base_dfx_202220_1.xpfm;xilinx_zcu104_base_202220_1|C:/Xilinx/Vitis/2022.2/base_platforms/xilinx_zcu104_base_202220_1/xilinx_zcu104_base_202220_1.xpfm
19:31:42 INFO  : Checking for BSP changes to sync application flags for project 'final_proj'...
19:31:46 INFO  : The hardware specification used by project 'final_proj' is out of sync with the platform. Resource files extracted from the hardware specification will be updated.
19:31:46 INFO  : The file 'C:\Users\kakkar3\Desktop\Final_Project\sdk\final_proj\_ide\bitstream\mb_usb_hdmi_top.bit' stored in project is removed.
19:31:46 INFO  : The file 'C:\Users\kakkar3\Desktop\Final_Project\sdk\final_proj\_ide\bitstream\mb_usb_hdmi_top.mmi' stored in project is removed.
19:31:46 INFO  : The updated bitstream files are copied from platform to folder 'C:\Users\kakkar3\Desktop\Final_Project\sdk\final_proj\_ide\bitstream' in project 'final_proj'.
19:36:21 INFO  : Checking for BSP changes to sync application flags for project 'final_proj'...
19:36:24 INFO  : Disconnected from the channel tcfchan#4.
19:36:26 INFO  : Connected to target on host '127.0.0.1' and port '3121'.
19:36:35 INFO  : ----------------XSDB Script----------------
connect -url tcp:127.0.0.1:3121
----------------End of Script----------------

19:36:35 ERROR : Could not find FPGA device on the board for connection 'Local'.


Troubleshooting hints:
1. Check whether board is connected to system properly.
2. In case of zynq board, check whether Digilent/Xilinx cable switch settings are correct.
3. If you are using Xilinx Platform Cable USB, ensure that status LED is green.
19:36:37 INFO  : Connected to target on host '127.0.0.1' and port '3121'.
19:36:37 INFO  : Jtag cable 'RealDigital Boo 887100000010A' is selected.
19:36:37 INFO  : 'jtag frequency' command is executed.
19:36:37 INFO  : 'targets -set -filter {jtag_cable_name =~ "RealDigital Boo 887100000010A" && level==0 && jtag_device_ctx=="jsn1-0362f093-0"}' command is executed.
19:36:39 INFO  : Device configured successfully with "C:/Users/kakkar3/Desktop/Final_Project/sdk/final_proj/_ide/bitstream/mb_usb_hdmi_top.bit"
19:36:39 INFO  : Context for processor 'microblaze_0' is selected.
19:36:39 INFO  : Hardware design and registers information is loaded from 'C:/Users/kakkar3/Desktop/Final_Project/sdk/mb_usb_hdmi_top/export/mb_usb_hdmi_top/hw/mb_usb_hdmi_top.xsa'.
19:36:39 INFO  : 'configparams mdm-detect-bscan-mask 2' command is executed.
19:36:39 INFO  : Context for processor 'microblaze_0' is selected.
19:36:39 INFO  : System reset is completed.
19:36:42 INFO  : 'after 3000' command is executed.
19:36:42 INFO  : Context for processor 'microblaze_0' is selected.
19:36:42 INFO  : The application 'C:/Users/kakkar3/Desktop/Final_Project/sdk/final_proj/Debug/final_proj.elf' is downloaded to processor 'microblaze_0'.
19:36:42 INFO  : ----------------XSDB Script----------------
connect -url tcp:127.0.0.1:3121
targets -set -filter {jtag_cable_name =~ "RealDigital Boo 887100000010A" && level==0 && jtag_device_ctx=="jsn1-0362f093-0"}
fpga -file C:/Users/kakkar3/Desktop/Final_Project/sdk/final_proj/_ide/bitstream/mb_usb_hdmi_top.bit
targets -set -nocase -filter {name =~ "*microblaze*#0" && bscan=="USER2" }
loadhw -hw C:/Users/kakkar3/Desktop/Final_Project/sdk/mb_usb_hdmi_top/export/mb_usb_hdmi_top/hw/mb_usb_hdmi_top.xsa -regs
configparams mdm-detect-bscan-mask 2
targets -set -nocase -filter {name =~ "*microblaze*#0" && bscan=="USER2" }
rst -system
after 3000
targets -set -nocase -filter {name =~ "*microblaze*#0" && bscan=="USER2" }
dow C:/Users/kakkar3/Desktop/Final_Project/sdk/final_proj/Debug/final_proj.elf
----------------End of Script----------------

19:36:42 INFO  : Context for processor 'microblaze_0' is selected.
19:36:42 INFO  : 'con' command is executed.
19:36:42 INFO  : ----------------XSDB Script (After Launch)----------------
targets -set -nocase -filter {name =~ "*microblaze*#0" && bscan=="USER2" }
con
----------------End of Script----------------

19:36:42 INFO  : Launch script is exported to file 'C:\Users\kakkar3\Desktop\Final_Project\sdk\final_proj_system\_ide\scripts\debugger_final_proj-default.tcl'
19:43:29 INFO  : Disconnected from the channel tcfchan#6.
19:43:30 INFO  : Connected to target on host '127.0.0.1' and port '3121'.
19:43:39 INFO  : ----------------XSDB Script----------------
connect -url tcp:127.0.0.1:3121
----------------End of Script----------------

19:43:39 ERROR : Could not find FPGA device on the board for connection 'Local'.


Troubleshooting hints:
1. Check whether board is connected to system properly.
2. In case of zynq board, check whether Digilent/Xilinx cable switch settings are correct.
3. If you are using Xilinx Platform Cable USB, ensure that status LED is green.
19:43:45 INFO  : Connected to target on host '127.0.0.1' and port '3121'.
19:43:45 INFO  : Jtag cable 'RealDigital Boo 887100000010A' is selected.
19:43:45 INFO  : 'jtag frequency' command is executed.
19:43:45 INFO  : 'targets -set -filter {jtag_cable_name =~ "RealDigital Boo 887100000010A" && level==0 && jtag_device_ctx=="jsn1-0362f093-0"}' command is executed.
19:43:46 INFO  : Device configured successfully with "C:/Users/kakkar3/Desktop/Final_Project/sdk/final_proj/_ide/bitstream/mb_usb_hdmi_top.bit"
19:43:46 INFO  : Context for processor 'microblaze_0' is selected.
19:43:46 INFO  : Hardware design and registers information is loaded from 'C:/Users/kakkar3/Desktop/Final_Project/sdk/mb_usb_hdmi_top/export/mb_usb_hdmi_top/hw/mb_usb_hdmi_top.xsa'.
19:43:46 INFO  : 'configparams mdm-detect-bscan-mask 2' command is executed.
19:43:46 INFO  : Context for processor 'microblaze_0' is selected.
19:43:46 INFO  : System reset is completed.
19:43:49 INFO  : 'after 3000' command is executed.
19:43:49 INFO  : Context for processor 'microblaze_0' is selected.
19:43:50 INFO  : The application 'C:/Users/kakkar3/Desktop/Final_Project/sdk/final_proj/Debug/final_proj.elf' is downloaded to processor 'microblaze_0'.
19:43:50 INFO  : ----------------XSDB Script----------------
connect -url tcp:127.0.0.1:3121
targets -set -filter {jtag_cable_name =~ "RealDigital Boo 887100000010A" && level==0 && jtag_device_ctx=="jsn1-0362f093-0"}
fpga -file C:/Users/kakkar3/Desktop/Final_Project/sdk/final_proj/_ide/bitstream/mb_usb_hdmi_top.bit
targets -set -nocase -filter {name =~ "*microblaze*#0" && bscan=="USER2" }
loadhw -hw C:/Users/kakkar3/Desktop/Final_Project/sdk/mb_usb_hdmi_top/export/mb_usb_hdmi_top/hw/mb_usb_hdmi_top.xsa -regs
configparams mdm-detect-bscan-mask 2
targets -set -nocase -filter {name =~ "*microblaze*#0" && bscan=="USER2" }
rst -system
after 3000
targets -set -nocase -filter {name =~ "*microblaze*#0" && bscan=="USER2" }
dow C:/Users/kakkar3/Desktop/Final_Project/sdk/final_proj/Debug/final_proj.elf
----------------End of Script----------------

19:43:50 INFO  : Context for processor 'microblaze_0' is selected.
19:43:50 INFO  : 'con' command is executed.
19:43:50 INFO  : ----------------XSDB Script (After Launch)----------------
targets -set -nocase -filter {name =~ "*microblaze*#0" && bscan=="USER2" }
con
----------------End of Script----------------

19:43:50 INFO  : Launch script is exported to file 'C:\Users\kakkar3\Desktop\Final_Project\sdk\final_proj_system\_ide\scripts\debugger_final_proj-default.tcl'
19:46:49 INFO  : Disconnected from the channel tcfchan#7.
21:27:51 DEBUG : Logs will be stored at 'C:/Users/kakkar3/Desktop/Final_Project/sdk/IDE.log'.
21:27:51 INFO  : Launching XSCT server: xsct.bat -n  -interactive C:\Users\kakkar3\Desktop\Final_Project\sdk\temp_xsdb_launch_script.tcl
21:27:54 INFO  : Registering command handlers for Vitis TCF services
21:27:55 INFO  : Platform repository initialization has completed.
21:27:55 INFO  : XSCT server has started successfully.
21:27:59 INFO  : Successfully done setting XSCT server connection channel  
21:27:59 INFO  : plnx-install-location is set to ''
21:27:59 INFO  : Successfully done query RDI_DATADIR 
21:27:59 INFO  : Successfully done setting workspace for the tool. 
21:28:02 INFO  : Connected to target on host '127.0.0.1' and port '3121'.
21:28:02 INFO  : Jtag cable 'RealDigital Boo 887100000010A' is selected.
21:28:02 INFO  : 'jtag frequency' command is executed.
21:28:02 INFO  : 'targets -set -filter {jtag_cable_name =~ "RealDigital Boo 887100000010A" && level==0 && jtag_device_ctx=="jsn1-0362f093-0"}' command is executed.
21:28:04 INFO  : Device configured successfully with "C:/Users/kakkar3/Desktop/Final_Project/sdk/final_proj/_ide/bitstream/mb_usb_hdmi_top.bit"
21:28:04 INFO  : Context for processor 'microblaze_0' is selected.
21:28:04 INFO  : Hardware design and registers information is loaded from 'C:/Users/kakkar3/Desktop/Final_Project/sdk/mb_usb_hdmi_top/export/mb_usb_hdmi_top/hw/mb_usb_hdmi_top.xsa'.
21:28:04 INFO  : 'configparams mdm-detect-bscan-mask 2' command is executed.
21:28:04 INFO  : Context for processor 'microblaze_0' is selected.
21:28:04 INFO  : System reset is completed.
21:28:07 INFO  : 'after 3000' command is executed.
21:28:07 INFO  : Context for processor 'microblaze_0' is selected.
21:28:07 INFO  : The application 'C:/Users/kakkar3/Desktop/Final_Project/sdk/final_proj/Debug/final_proj.elf' is downloaded to processor 'microblaze_0'.
21:28:07 INFO  : ----------------XSDB Script----------------
connect -url tcp:127.0.0.1:3121
targets -set -filter {jtag_cable_name =~ "RealDigital Boo 887100000010A" && level==0 && jtag_device_ctx=="jsn1-0362f093-0"}
fpga -file C:/Users/kakkar3/Desktop/Final_Project/sdk/final_proj/_ide/bitstream/mb_usb_hdmi_top.bit
targets -set -nocase -filter {name =~ "*microblaze*#0" && bscan=="USER2" }
loadhw -hw C:/Users/kakkar3/Desktop/Final_Project/sdk/mb_usb_hdmi_top/export/mb_usb_hdmi_top/hw/mb_usb_hdmi_top.xsa -regs
configparams mdm-detect-bscan-mask 2
targets -set -nocase -filter {name =~ "*microblaze*#0" && bscan=="USER2" }
rst -system
after 3000
targets -set -nocase -filter {name =~ "*microblaze*#0" && bscan=="USER2" }
dow C:/Users/kakkar3/Desktop/Final_Project/sdk/final_proj/Debug/final_proj.elf
----------------End of Script----------------

21:28:07 INFO  : Context for processor 'microblaze_0' is selected.
21:28:07 INFO  : 'con' command is executed.
21:28:07 INFO  : ----------------XSDB Script (After Launch)----------------
targets -set -nocase -filter {name =~ "*microblaze*#0" && bscan=="USER2" }
con
----------------End of Script----------------

21:28:07 INFO  : Launch script is exported to file 'C:\Users\kakkar3\Desktop\Final_Project\sdk\final_proj_system\_ide\scripts\debugger_final_proj-default.tcl'
21:28:45 INFO  : Checking for BSP changes to sync application flags for project 'final_proj'...
21:28:52 INFO  : Disconnected from the channel tcfchan#1.
21:28:53 INFO  : Connected to target on host '127.0.0.1' and port '3121'.
21:29:02 INFO  : ----------------XSDB Script----------------
connect -url tcp:127.0.0.1:3121
----------------End of Script----------------

21:29:02 ERROR : Could not find FPGA device on the board for connection 'Local'.


Troubleshooting hints:
1. Check whether board is connected to system properly.
2. In case of zynq board, check whether Digilent/Xilinx cable switch settings are correct.
3. If you are using Xilinx Platform Cable USB, ensure that status LED is green.
21:29:05 INFO  : Connected to target on host '127.0.0.1' and port '3121'.
21:29:05 INFO  : Jtag cable 'RealDigital Boo 887100000010A' is selected.
21:29:05 INFO  : 'jtag frequency' command is executed.
21:29:05 INFO  : 'targets -set -filter {jtag_cable_name =~ "RealDigital Boo 887100000010A" && level==0 && jtag_device_ctx=="jsn1-0362f093-0"}' command is executed.
21:29:06 INFO  : Device configured successfully with "C:/Users/kakkar3/Desktop/Final_Project/sdk/final_proj/_ide/bitstream/mb_usb_hdmi_top.bit"
21:29:06 INFO  : Context for processor 'microblaze_0' is selected.
21:29:07 INFO  : Hardware design and registers information is loaded from 'C:/Users/kakkar3/Desktop/Final_Project/sdk/mb_usb_hdmi_top/export/mb_usb_hdmi_top/hw/mb_usb_hdmi_top.xsa'.
21:29:07 INFO  : 'configparams mdm-detect-bscan-mask 2' command is executed.
21:29:07 INFO  : Context for processor 'microblaze_0' is selected.
21:29:07 INFO  : System reset is completed.
21:29:10 INFO  : 'after 3000' command is executed.
21:29:10 INFO  : Context for processor 'microblaze_0' is selected.
21:29:10 INFO  : The application 'C:/Users/kakkar3/Desktop/Final_Project/sdk/final_proj/Debug/final_proj.elf' is downloaded to processor 'microblaze_0'.
21:29:10 INFO  : ----------------XSDB Script----------------
connect -url tcp:127.0.0.1:3121
targets -set -filter {jtag_cable_name =~ "RealDigital Boo 887100000010A" && level==0 && jtag_device_ctx=="jsn1-0362f093-0"}
fpga -file C:/Users/kakkar3/Desktop/Final_Project/sdk/final_proj/_ide/bitstream/mb_usb_hdmi_top.bit
targets -set -nocase -filter {name =~ "*microblaze*#0" && bscan=="USER2" }
loadhw -hw C:/Users/kakkar3/Desktop/Final_Project/sdk/mb_usb_hdmi_top/export/mb_usb_hdmi_top/hw/mb_usb_hdmi_top.xsa -regs
configparams mdm-detect-bscan-mask 2
targets -set -nocase -filter {name =~ "*microblaze*#0" && bscan=="USER2" }
rst -system
after 3000
targets -set -nocase -filter {name =~ "*microblaze*#0" && bscan=="USER2" }
dow C:/Users/kakkar3/Desktop/Final_Project/sdk/final_proj/Debug/final_proj.elf
----------------End of Script----------------

21:29:10 INFO  : Context for processor 'microblaze_0' is selected.
21:29:10 INFO  : 'con' command is executed.
21:29:10 INFO  : ----------------XSDB Script (After Launch)----------------
targets -set -nocase -filter {name =~ "*microblaze*#0" && bscan=="USER2" }
con
----------------End of Script----------------

21:29:10 INFO  : Launch script is exported to file 'C:\Users\kakkar3\Desktop\Final_Project\sdk\final_proj_system\_ide\scripts\debugger_final_proj-default.tcl'
21:34:26 INFO  : Checking for BSP changes to sync application flags for project 'final_proj'...
21:34:30 INFO  : Disconnected from the channel tcfchan#2.
21:34:31 INFO  : Connected to target on host '127.0.0.1' and port '3121'.
21:34:40 INFO  : ----------------XSDB Script----------------
connect -url tcp:127.0.0.1:3121
----------------End of Script----------------

21:34:40 ERROR : Could not find FPGA device on the board for connection 'Local'.


Troubleshooting hints:
1. Check whether board is connected to system properly.
2. In case of zynq board, check whether Digilent/Xilinx cable switch settings are correct.
3. If you are using Xilinx Platform Cable USB, ensure that status LED is green.
21:34:48 INFO  : Connected to target on host '127.0.0.1' and port '3121'.
21:34:49 INFO  : Jtag cable 'RealDigital Boo 887100000010A' is selected.
21:34:49 INFO  : 'jtag frequency' command is executed.
21:34:49 INFO  : 'targets -set -filter {jtag_cable_name =~ "RealDigital Boo 887100000010A" && level==0 && jtag_device_ctx=="jsn1-0362f093-0"}' command is executed.
21:34:50 INFO  : Device configured successfully with "C:/Users/kakkar3/Desktop/Final_Project/sdk/final_proj/_ide/bitstream/mb_usb_hdmi_top.bit"
21:34:50 INFO  : Context for processor 'microblaze_0' is selected.
21:34:50 INFO  : Hardware design and registers information is loaded from 'C:/Users/kakkar3/Desktop/Final_Project/sdk/mb_usb_hdmi_top/export/mb_usb_hdmi_top/hw/mb_usb_hdmi_top.xsa'.
21:34:50 INFO  : 'configparams mdm-detect-bscan-mask 2' command is executed.
21:34:50 INFO  : Context for processor 'microblaze_0' is selected.
21:34:50 INFO  : System reset is completed.
21:34:53 INFO  : 'after 3000' command is executed.
21:34:53 INFO  : Context for processor 'microblaze_0' is selected.
21:34:53 INFO  : The application 'C:/Users/kakkar3/Desktop/Final_Project/sdk/final_proj/Debug/final_proj.elf' is downloaded to processor 'microblaze_0'.
21:34:53 INFO  : ----------------XSDB Script----------------
connect -url tcp:127.0.0.1:3121
targets -set -filter {jtag_cable_name =~ "RealDigital Boo 887100000010A" && level==0 && jtag_device_ctx=="jsn1-0362f093-0"}
fpga -file C:/Users/kakkar3/Desktop/Final_Project/sdk/final_proj/_ide/bitstream/mb_usb_hdmi_top.bit
targets -set -nocase -filter {name =~ "*microblaze*#0" && bscan=="USER2" }
loadhw -hw C:/Users/kakkar3/Desktop/Final_Project/sdk/mb_usb_hdmi_top/export/mb_usb_hdmi_top/hw/mb_usb_hdmi_top.xsa -regs
configparams mdm-detect-bscan-mask 2
targets -set -nocase -filter {name =~ "*microblaze*#0" && bscan=="USER2" }
rst -system
after 3000
targets -set -nocase -filter {name =~ "*microblaze*#0" && bscan=="USER2" }
dow C:/Users/kakkar3/Desktop/Final_Project/sdk/final_proj/Debug/final_proj.elf
----------------End of Script----------------

21:34:54 INFO  : Context for processor 'microblaze_0' is selected.
21:34:54 INFO  : 'con' command is executed.
21:34:54 INFO  : ----------------XSDB Script (After Launch)----------------
targets -set -nocase -filter {name =~ "*microblaze*#0" && bscan=="USER2" }
con
----------------End of Script----------------

21:34:54 INFO  : Launch script is exported to file 'C:\Users\kakkar3\Desktop\Final_Project\sdk\final_proj_system\_ide\scripts\debugger_final_proj-default.tcl'
21:36:04 INFO  : Checking for BSP changes to sync application flags for project 'final_proj'...
21:36:09 INFO  : Disconnected from the channel tcfchan#3.
21:36:10 INFO  : Connected to target on host '127.0.0.1' and port '3121'.
21:36:19 INFO  : ----------------XSDB Script----------------
connect -url tcp:127.0.0.1:3121
----------------End of Script----------------

21:36:19 ERROR : Could not find FPGA device on the board for connection 'Local'.


Troubleshooting hints:
1. Check whether board is connected to system properly.
2. In case of zynq board, check whether Digilent/Xilinx cable switch settings are correct.
3. If you are using Xilinx Platform Cable USB, ensure that status LED is green.
21:36:21 INFO  : Connected to target on host '127.0.0.1' and port '3121'.
21:36:21 INFO  : Jtag cable 'RealDigital Boo 887100000010A' is selected.
21:36:21 INFO  : 'jtag frequency' command is executed.
21:36:21 INFO  : 'targets -set -filter {jtag_cable_name =~ "RealDigital Boo 887100000010A" && level==0 && jtag_device_ctx=="jsn1-0362f093-0"}' command is executed.
21:36:23 INFO  : Device configured successfully with "C:/Users/kakkar3/Desktop/Final_Project/sdk/final_proj/_ide/bitstream/mb_usb_hdmi_top.bit"
21:36:23 INFO  : Context for processor 'microblaze_0' is selected.
21:36:23 INFO  : Hardware design and registers information is loaded from 'C:/Users/kakkar3/Desktop/Final_Project/sdk/mb_usb_hdmi_top/export/mb_usb_hdmi_top/hw/mb_usb_hdmi_top.xsa'.
21:36:23 INFO  : 'configparams mdm-detect-bscan-mask 2' command is executed.
21:36:23 INFO  : Context for processor 'microblaze_0' is selected.
21:36:23 INFO  : System reset is completed.
21:36:26 INFO  : 'after 3000' command is executed.
21:36:26 INFO  : Context for processor 'microblaze_0' is selected.
21:36:26 INFO  : The application 'C:/Users/kakkar3/Desktop/Final_Project/sdk/final_proj/Debug/final_proj.elf' is downloaded to processor 'microblaze_0'.
21:36:26 INFO  : ----------------XSDB Script----------------
connect -url tcp:127.0.0.1:3121
targets -set -filter {jtag_cable_name =~ "RealDigital Boo 887100000010A" && level==0 && jtag_device_ctx=="jsn1-0362f093-0"}
fpga -file C:/Users/kakkar3/Desktop/Final_Project/sdk/final_proj/_ide/bitstream/mb_usb_hdmi_top.bit
targets -set -nocase -filter {name =~ "*microblaze*#0" && bscan=="USER2" }
loadhw -hw C:/Users/kakkar3/Desktop/Final_Project/sdk/mb_usb_hdmi_top/export/mb_usb_hdmi_top/hw/mb_usb_hdmi_top.xsa -regs
configparams mdm-detect-bscan-mask 2
targets -set -nocase -filter {name =~ "*microblaze*#0" && bscan=="USER2" }
rst -system
after 3000
targets -set -nocase -filter {name =~ "*microblaze*#0" && bscan=="USER2" }
dow C:/Users/kakkar3/Desktop/Final_Project/sdk/final_proj/Debug/final_proj.elf
----------------End of Script----------------

21:36:26 INFO  : Context for processor 'microblaze_0' is selected.
21:36:26 INFO  : 'con' command is executed.
21:36:26 INFO  : ----------------XSDB Script (After Launch)----------------
targets -set -nocase -filter {name =~ "*microblaze*#0" && bscan=="USER2" }
con
----------------End of Script----------------

21:36:26 INFO  : Launch script is exported to file 'C:\Users\kakkar3\Desktop\Final_Project\sdk\final_proj_system\_ide\scripts\debugger_final_proj-default.tcl'
22:22:19 INFO  : Hardware specification for platform project 'mb_usb_hdmi_top' is updated.
22:22:54 INFO  : Result from executing command 'getProjects': mb_usb_hdmi_top
22:22:54 INFO  : Result from executing command 'getPlatforms': mb_usb_hdmi_top|C:/Users/kakkar3/Desktop/Final_Project/sdk/mb_usb_hdmi_top/export/mb_usb_hdmi_top/mb_usb_hdmi_top.xpfm;xilinx_vck190_base_202220_1|C:/Xilinx/Vitis/2022.2/base_platforms/xilinx_vck190_base_202220_1/xilinx_vck190_base_202220_1.xpfm;xilinx_vck190_base_dfx_202220_1|C:/Xilinx/Vitis/2022.2/base_platforms/xilinx_vck190_base_dfx_202220_1/xilinx_vck190_base_dfx_202220_1.xpfm;xilinx_vmk180_base_202220_1|C:/Xilinx/Vitis/2022.2/base_platforms/xilinx_vmk180_base_202220_1/xilinx_vmk180_base_202220_1.xpfm;xilinx_zcu102_base_202220_1|C:/Xilinx/Vitis/2022.2/base_platforms/xilinx_zcu102_base_202220_1/xilinx_zcu102_base_202220_1.xpfm;xilinx_zcu102_base_dfx_202220_1|C:/Xilinx/Vitis/2022.2/base_platforms/xilinx_zcu102_base_dfx_202220_1/xilinx_zcu102_base_dfx_202220_1.xpfm;xilinx_zcu104_base_202220_1|C:/Xilinx/Vitis/2022.2/base_platforms/xilinx_zcu104_base_202220_1/xilinx_zcu104_base_202220_1.xpfm
22:22:55 INFO  : Checking for BSP changes to sync application flags for project 'final_proj'...
22:22:59 INFO  : The hardware specification used by project 'final_proj' is out of sync with the platform. Resource files extracted from the hardware specification will be updated.
22:22:59 INFO  : The file 'C:\Users\kakkar3\Desktop\Final_Project\sdk\final_proj\_ide\bitstream\mb_usb_hdmi_top.bit' stored in project is removed.
22:22:59 INFO  : The file 'C:\Users\kakkar3\Desktop\Final_Project\sdk\final_proj\_ide\bitstream\mb_usb_hdmi_top.mmi' stored in project is removed.
22:22:59 INFO  : The updated bitstream files are copied from platform to folder 'C:\Users\kakkar3\Desktop\Final_Project\sdk\final_proj\_ide\bitstream' in project 'final_proj'.
22:27:49 INFO  : Checking for BSP changes to sync application flags for project 'final_proj'...
22:29:59 INFO  : Disconnected from the channel tcfchan#4.
22:30:00 INFO  : Connected to target on host '127.0.0.1' and port '3121'.
22:30:00 INFO  : Jtag cable 'RealDigital Boo 887100000010A' is selected.
22:30:00 INFO  : 'jtag frequency' command is executed.
22:30:03 ERROR : no targets found with "jtag_cable_name =~ "RealDigital Boo 887100000010A" && level==0 && jtag_device_ctx=="jsn1-0362f093-0"". available targets:
  1  xc7s50
     2  MicroBlaze Debug Module at USER2
        3  MicroBlaze #0 (Running)
22:30:03 ERROR : Exception occured while running Program Device.
java.lang.RuntimeException: no targets found with "jtag_cable_name =~ "RealDigital Boo 887100000010A" && level==0 && jtag_device_ctx=="jsn1-0362f093-0"". available targets:
  1  xc7s50
     2  MicroBlaze Debug Module at USER2
        3  MicroBlaze #0 (Running)
22:30:03 INFO  : ----------------XSDB Script----------------
connect -url tcp:127.0.0.1:3121
----------------End of Script----------------

22:30:03 ERROR : no targets found with "jtag_cable_name =~ "RealDigital Boo 887100000010A" && level==0 && jtag_device_ctx=="jsn1-0362f093-0"". available targets:
  1  xc7s50
     2  MicroBlaze Debug Module at USER2
        3  MicroBlaze #0 (Running)
22:36:12 DEBUG : Logs will be stored at 'C:/Users/kakkar3/Desktop/Final_Project/sdk/IDE.log'.
22:36:13 INFO  : Launching XSCT server: xsct.bat -n  -interactive C:\Users\kakkar3\Desktop\Final_Project\sdk\temp_xsdb_launch_script.tcl
22:36:16 INFO  : XSCT server has started successfully.
22:36:16 INFO  : Successfully done setting XSCT server connection channel  
22:36:16 INFO  : plnx-install-location is set to ''
22:36:16 INFO  : Registering command handlers for Vitis TCF services
22:36:17 INFO  : Platform repository initialization has completed.
22:36:19 INFO  : Successfully done setting workspace for the tool. 
22:36:19 INFO  : Successfully done query RDI_DATADIR 
22:36:25 INFO  : Connected to target on host '127.0.0.1' and port '3121'.
22:36:26 INFO  : Jtag cable 'RealDigital Boo 887100000010A' is selected.
22:36:26 INFO  : 'jtag frequency' command is executed.
22:36:26 INFO  : 'targets -set -filter {jtag_cable_name =~ "RealDigital Boo 887100000010A" && level==0 && jtag_device_ctx=="jsn1-0362f093-0"}' command is executed.
22:36:27 INFO  : Device configured successfully with "C:/Users/kakkar3/Desktop/Final_Project/sdk/final_proj/_ide/bitstream/mb_usb_hdmi_top.bit"
22:36:27 INFO  : Context for processor 'microblaze_0' is selected.
22:36:27 INFO  : Hardware design and registers information is loaded from 'C:/Users/kakkar3/Desktop/Final_Project/sdk/mb_usb_hdmi_top/export/mb_usb_hdmi_top/hw/mb_usb_hdmi_top.xsa'.
22:36:27 INFO  : 'configparams mdm-detect-bscan-mask 2' command is executed.
22:36:27 INFO  : Context for processor 'microblaze_0' is selected.
22:36:27 INFO  : System reset is completed.
22:36:30 INFO  : 'after 3000' command is executed.
22:36:30 INFO  : Context for processor 'microblaze_0' is selected.
22:36:30 INFO  : The application 'C:/Users/kakkar3/Desktop/Final_Project/sdk/final_proj/Debug/final_proj.elf' is downloaded to processor 'microblaze_0'.
22:36:30 INFO  : ----------------XSDB Script----------------
connect -url tcp:127.0.0.1:3121
targets -set -filter {jtag_cable_name =~ "RealDigital Boo 887100000010A" && level==0 && jtag_device_ctx=="jsn1-0362f093-0"}
fpga -file C:/Users/kakkar3/Desktop/Final_Project/sdk/final_proj/_ide/bitstream/mb_usb_hdmi_top.bit
targets -set -nocase -filter {name =~ "*microblaze*#0" && bscan=="USER2" }
loadhw -hw C:/Users/kakkar3/Desktop/Final_Project/sdk/mb_usb_hdmi_top/export/mb_usb_hdmi_top/hw/mb_usb_hdmi_top.xsa -regs
configparams mdm-detect-bscan-mask 2
targets -set -nocase -filter {name =~ "*microblaze*#0" && bscan=="USER2" }
rst -system
after 3000
targets -set -nocase -filter {name =~ "*microblaze*#0" && bscan=="USER2" }
dow C:/Users/kakkar3/Desktop/Final_Project/sdk/final_proj/Debug/final_proj.elf
----------------End of Script----------------

22:36:31 INFO  : Context for processor 'microblaze_0' is selected.
22:36:31 INFO  : 'con' command is executed.
22:36:31 INFO  : ----------------XSDB Script (After Launch)----------------
targets -set -nocase -filter {name =~ "*microblaze*#0" && bscan=="USER2" }
con
----------------End of Script----------------

22:36:31 INFO  : Launch script is exported to file 'C:\Users\kakkar3\Desktop\Final_Project\sdk\final_proj_system\_ide\scripts\debugger_final_proj-default.tcl'
22:45:39 INFO  : Checking for BSP changes to sync application flags for project 'final_proj'...
22:45:47 INFO  : Disconnected from the channel tcfchan#1.
22:45:48 INFO  : Connected to target on host '127.0.0.1' and port '3121'.
22:45:57 INFO  : ----------------XSDB Script----------------
connect -url tcp:127.0.0.1:3121
----------------End of Script----------------

22:45:57 ERROR : Could not find FPGA device on the board for connection 'Local'.


Troubleshooting hints:
1. Check whether board is connected to system properly.
2. In case of zynq board, check whether Digilent/Xilinx cable switch settings are correct.
3. If you are using Xilinx Platform Cable USB, ensure that status LED is green.
22:46:00 INFO  : Connected to target on host '127.0.0.1' and port '3121'.
22:46:00 INFO  : Jtag cable 'RealDigital Boo 887100000010A' is selected.
22:46:00 INFO  : 'jtag frequency' command is executed.
22:46:00 INFO  : 'targets -set -filter {jtag_cable_name =~ "RealDigital Boo 887100000010A" && level==0 && jtag_device_ctx=="jsn1-0362f093-0"}' command is executed.
22:46:01 INFO  : Device configured successfully with "C:/Users/kakkar3/Desktop/Final_Project/sdk/final_proj/_ide/bitstream/mb_usb_hdmi_top.bit"
22:46:01 INFO  : Context for processor 'microblaze_0' is selected.
22:46:02 INFO  : Hardware design and registers information is loaded from 'C:/Users/kakkar3/Desktop/Final_Project/sdk/mb_usb_hdmi_top/export/mb_usb_hdmi_top/hw/mb_usb_hdmi_top.xsa'.
22:46:02 INFO  : 'configparams mdm-detect-bscan-mask 2' command is executed.
22:46:02 INFO  : Context for processor 'microblaze_0' is selected.
22:46:02 INFO  : System reset is completed.
22:46:05 INFO  : 'after 3000' command is executed.
22:46:05 INFO  : Context for processor 'microblaze_0' is selected.
22:46:05 INFO  : The application 'C:/Users/kakkar3/Desktop/Final_Project/sdk/final_proj/Debug/final_proj.elf' is downloaded to processor 'microblaze_0'.
22:46:05 INFO  : ----------------XSDB Script----------------
connect -url tcp:127.0.0.1:3121
targets -set -filter {jtag_cable_name =~ "RealDigital Boo 887100000010A" && level==0 && jtag_device_ctx=="jsn1-0362f093-0"}
fpga -file C:/Users/kakkar3/Desktop/Final_Project/sdk/final_proj/_ide/bitstream/mb_usb_hdmi_top.bit
targets -set -nocase -filter {name =~ "*microblaze*#0" && bscan=="USER2" }
loadhw -hw C:/Users/kakkar3/Desktop/Final_Project/sdk/mb_usb_hdmi_top/export/mb_usb_hdmi_top/hw/mb_usb_hdmi_top.xsa -regs
configparams mdm-detect-bscan-mask 2
targets -set -nocase -filter {name =~ "*microblaze*#0" && bscan=="USER2" }
rst -system
after 3000
targets -set -nocase -filter {name =~ "*microblaze*#0" && bscan=="USER2" }
dow C:/Users/kakkar3/Desktop/Final_Project/sdk/final_proj/Debug/final_proj.elf
----------------End of Script----------------

22:46:05 INFO  : Context for processor 'microblaze_0' is selected.
22:46:05 INFO  : 'con' command is executed.
22:46:05 INFO  : ----------------XSDB Script (After Launch)----------------
targets -set -nocase -filter {name =~ "*microblaze*#0" && bscan=="USER2" }
con
----------------End of Script----------------

22:46:05 INFO  : Launch script is exported to file 'C:\Users\kakkar3\Desktop\Final_Project\sdk\final_proj_system\_ide\scripts\debugger_final_proj-default.tcl'
23:02:34 INFO  : Checking for BSP changes to sync application flags for project 'final_proj'...
23:02:55 INFO  : Disconnected from the channel tcfchan#2.
23:02:56 INFO  : Connected to target on host '127.0.0.1' and port '3121'.
23:03:05 INFO  : ----------------XSDB Script----------------
connect -url tcp:127.0.0.1:3121
----------------End of Script----------------

23:03:05 ERROR : Could not find FPGA device on the board for connection 'Local'.


Troubleshooting hints:
1. Check whether board is connected to system properly.
2. In case of zynq board, check whether Digilent/Xilinx cable switch settings are correct.
3. If you are using Xilinx Platform Cable USB, ensure that status LED is green.
23:07:37 INFO  : Checking for BSP changes to sync application flags for project 'final_proj'...
23:07:40 INFO  : Connected to target on host '127.0.0.1' and port '3121'.
23:07:40 INFO  : Jtag cable 'RealDigital Boo 887100000010A' is selected.
23:07:40 INFO  : 'jtag frequency' command is executed.
23:07:40 INFO  : 'targets -set -filter {jtag_cable_name =~ "RealDigital Boo 887100000010A" && level==0 && jtag_device_ctx=="jsn1-0362f093-0"}' command is executed.
23:07:41 INFO  : Device configured successfully with "C:/Users/kakkar3/Desktop/Final_Project/sdk/final_proj/_ide/bitstream/mb_usb_hdmi_top.bit"
23:07:41 INFO  : Context for processor 'microblaze_0' is selected.
23:07:42 INFO  : Hardware design and registers information is loaded from 'C:/Users/kakkar3/Desktop/Final_Project/sdk/mb_usb_hdmi_top/export/mb_usb_hdmi_top/hw/mb_usb_hdmi_top.xsa'.
23:07:42 INFO  : 'configparams mdm-detect-bscan-mask 2' command is executed.
23:07:42 INFO  : Context for processor 'microblaze_0' is selected.
23:07:42 INFO  : System reset is completed.
23:07:45 INFO  : 'after 3000' command is executed.
23:07:45 INFO  : Context for processor 'microblaze_0' is selected.
23:07:45 INFO  : The application 'C:/Users/kakkar3/Desktop/Final_Project/sdk/final_proj/Debug/final_proj.elf' is downloaded to processor 'microblaze_0'.
23:07:45 INFO  : ----------------XSDB Script----------------
connect -url tcp:127.0.0.1:3121
targets -set -filter {jtag_cable_name =~ "RealDigital Boo 887100000010A" && level==0 && jtag_device_ctx=="jsn1-0362f093-0"}
fpga -file C:/Users/kakkar3/Desktop/Final_Project/sdk/final_proj/_ide/bitstream/mb_usb_hdmi_top.bit
targets -set -nocase -filter {name =~ "*microblaze*#0" && bscan=="USER2" }
loadhw -hw C:/Users/kakkar3/Desktop/Final_Project/sdk/mb_usb_hdmi_top/export/mb_usb_hdmi_top/hw/mb_usb_hdmi_top.xsa -regs
configparams mdm-detect-bscan-mask 2
targets -set -nocase -filter {name =~ "*microblaze*#0" && bscan=="USER2" }
rst -system
after 3000
targets -set -nocase -filter {name =~ "*microblaze*#0" && bscan=="USER2" }
dow C:/Users/kakkar3/Desktop/Final_Project/sdk/final_proj/Debug/final_proj.elf
----------------End of Script----------------

23:07:45 INFO  : Context for processor 'microblaze_0' is selected.
23:07:45 INFO  : 'con' command is executed.
23:07:45 INFO  : ----------------XSDB Script (After Launch)----------------
targets -set -nocase -filter {name =~ "*microblaze*#0" && bscan=="USER2" }
con
----------------End of Script----------------

23:07:45 INFO  : Launch script is exported to file 'C:\Users\kakkar3\Desktop\Final_Project\sdk\final_proj_system\_ide\scripts\debugger_final_proj-default.tcl'
23:18:03 INFO  : Checking for BSP changes to sync application flags for project 'final_proj'...
23:18:07 INFO  : Disconnected from the channel tcfchan#3.
23:18:08 INFO  : Connected to target on host '127.0.0.1' and port '3121'.
23:18:17 INFO  : ----------------XSDB Script----------------
connect -url tcp:127.0.0.1:3121
----------------End of Script----------------

23:18:17 ERROR : Could not find FPGA device on the board for connection 'Local'.


Troubleshooting hints:
1. Check whether board is connected to system properly.
2. In case of zynq board, check whether Digilent/Xilinx cable switch settings are correct.
3. If you are using Xilinx Platform Cable USB, ensure that status LED is green.
23:18:20 INFO  : Connected to target on host '127.0.0.1' and port '3121'.
23:18:20 INFO  : Jtag cable 'RealDigital Boo 887100000010A' is selected.
23:18:20 INFO  : 'jtag frequency' command is executed.
23:18:21 INFO  : 'targets -set -filter {jtag_cable_name =~ "RealDigital Boo 887100000010A" && level==0 && jtag_device_ctx=="jsn1-0362f093-0"}' command is executed.
23:18:22 INFO  : Device configured successfully with "C:/Users/kakkar3/Desktop/Final_Project/sdk/final_proj/_ide/bitstream/mb_usb_hdmi_top.bit"
23:18:22 INFO  : Context for processor 'microblaze_0' is selected.
23:18:22 INFO  : Hardware design and registers information is loaded from 'C:/Users/kakkar3/Desktop/Final_Project/sdk/mb_usb_hdmi_top/export/mb_usb_hdmi_top/hw/mb_usb_hdmi_top.xsa'.
23:18:22 INFO  : 'configparams mdm-detect-bscan-mask 2' command is executed.
23:18:22 INFO  : Context for processor 'microblaze_0' is selected.
23:18:22 INFO  : System reset is completed.
23:18:25 INFO  : 'after 3000' command is executed.
23:18:25 INFO  : Context for processor 'microblaze_0' is selected.
23:18:25 INFO  : The application 'C:/Users/kakkar3/Desktop/Final_Project/sdk/final_proj/Debug/final_proj.elf' is downloaded to processor 'microblaze_0'.
23:18:25 INFO  : ----------------XSDB Script----------------
connect -url tcp:127.0.0.1:3121
targets -set -filter {jtag_cable_name =~ "RealDigital Boo 887100000010A" && level==0 && jtag_device_ctx=="jsn1-0362f093-0"}
fpga -file C:/Users/kakkar3/Desktop/Final_Project/sdk/final_proj/_ide/bitstream/mb_usb_hdmi_top.bit
targets -set -nocase -filter {name =~ "*microblaze*#0" && bscan=="USER2" }
loadhw -hw C:/Users/kakkar3/Desktop/Final_Project/sdk/mb_usb_hdmi_top/export/mb_usb_hdmi_top/hw/mb_usb_hdmi_top.xsa -regs
configparams mdm-detect-bscan-mask 2
targets -set -nocase -filter {name =~ "*microblaze*#0" && bscan=="USER2" }
rst -system
after 3000
targets -set -nocase -filter {name =~ "*microblaze*#0" && bscan=="USER2" }
dow C:/Users/kakkar3/Desktop/Final_Project/sdk/final_proj/Debug/final_proj.elf
----------------End of Script----------------

23:18:25 INFO  : Context for processor 'microblaze_0' is selected.
23:18:25 INFO  : 'con' command is executed.
23:18:25 INFO  : ----------------XSDB Script (After Launch)----------------
targets -set -nocase -filter {name =~ "*microblaze*#0" && bscan=="USER2" }
con
----------------End of Script----------------

23:18:25 INFO  : Launch script is exported to file 'C:\Users\kakkar3\Desktop\Final_Project\sdk\final_proj_system\_ide\scripts\debugger_final_proj-default.tcl'
23:19:21 INFO  : Checking for BSP changes to sync application flags for project 'final_proj'...
23:19:26 INFO  : Disconnected from the channel tcfchan#4.
23:19:27 INFO  : Connected to target on host '127.0.0.1' and port '3121'.
23:19:36 INFO  : ----------------XSDB Script----------------
connect -url tcp:127.0.0.1:3121
----------------End of Script----------------

23:19:36 ERROR : Could not find FPGA device on the board for connection 'Local'.


Troubleshooting hints:
1. Check whether board is connected to system properly.
2. In case of zynq board, check whether Digilent/Xilinx cable switch settings are correct.
3. If you are using Xilinx Platform Cable USB, ensure that status LED is green.
23:19:38 INFO  : Connected to target on host '127.0.0.1' and port '3121'.
23:19:39 INFO  : Jtag cable 'RealDigital Boo 887100000010A' is selected.
23:19:39 INFO  : 'jtag frequency' command is executed.
23:19:39 INFO  : 'targets -set -filter {jtag_cable_name =~ "RealDigital Boo 887100000010A" && level==0 && jtag_device_ctx=="jsn1-0362f093-0"}' command is executed.
23:19:40 INFO  : Device configured successfully with "C:/Users/kakkar3/Desktop/Final_Project/sdk/final_proj/_ide/bitstream/mb_usb_hdmi_top.bit"
23:19:40 INFO  : Context for processor 'microblaze_0' is selected.
23:19:40 INFO  : Hardware design and registers information is loaded from 'C:/Users/kakkar3/Desktop/Final_Project/sdk/mb_usb_hdmi_top/export/mb_usb_hdmi_top/hw/mb_usb_hdmi_top.xsa'.
23:19:40 INFO  : 'configparams mdm-detect-bscan-mask 2' command is executed.
23:19:40 INFO  : Context for processor 'microblaze_0' is selected.
23:19:40 INFO  : System reset is completed.
23:19:43 INFO  : 'after 3000' command is executed.
23:19:43 INFO  : Context for processor 'microblaze_0' is selected.
23:19:43 INFO  : The application 'C:/Users/kakkar3/Desktop/Final_Project/sdk/final_proj/Debug/final_proj.elf' is downloaded to processor 'microblaze_0'.
23:19:43 INFO  : ----------------XSDB Script----------------
connect -url tcp:127.0.0.1:3121
targets -set -filter {jtag_cable_name =~ "RealDigital Boo 887100000010A" && level==0 && jtag_device_ctx=="jsn1-0362f093-0"}
fpga -file C:/Users/kakkar3/Desktop/Final_Project/sdk/final_proj/_ide/bitstream/mb_usb_hdmi_top.bit
targets -set -nocase -filter {name =~ "*microblaze*#0" && bscan=="USER2" }
loadhw -hw C:/Users/kakkar3/Desktop/Final_Project/sdk/mb_usb_hdmi_top/export/mb_usb_hdmi_top/hw/mb_usb_hdmi_top.xsa -regs
configparams mdm-detect-bscan-mask 2
targets -set -nocase -filter {name =~ "*microblaze*#0" && bscan=="USER2" }
rst -system
after 3000
targets -set -nocase -filter {name =~ "*microblaze*#0" && bscan=="USER2" }
dow C:/Users/kakkar3/Desktop/Final_Project/sdk/final_proj/Debug/final_proj.elf
----------------End of Script----------------

23:19:44 INFO  : Context for processor 'microblaze_0' is selected.
23:19:44 INFO  : 'con' command is executed.
23:19:44 INFO  : ----------------XSDB Script (After Launch)----------------
targets -set -nocase -filter {name =~ "*microblaze*#0" && bscan=="USER2" }
con
----------------End of Script----------------

23:19:44 INFO  : Launch script is exported to file 'C:\Users\kakkar3\Desktop\Final_Project\sdk\final_proj_system\_ide\scripts\debugger_final_proj-default.tcl'
23:28:49 INFO  : Checking for BSP changes to sync application flags for project 'final_proj'...
23:58:29 INFO  : Checking for BSP changes to sync application flags for project 'final_proj'...
23:58:35 INFO  : Disconnected from the channel tcfchan#5.
23:58:36 INFO  : Connected to target on host '127.0.0.1' and port '3121'.
23:58:45 INFO  : ----------------XSDB Script----------------
connect -url tcp:127.0.0.1:3121
----------------End of Script----------------

23:58:45 ERROR : Could not find FPGA device on the board for connection 'Local'.


Troubleshooting hints:
1. Check whether board is connected to system properly.
2. In case of zynq board, check whether Digilent/Xilinx cable switch settings are correct.
3. If you are using Xilinx Platform Cable USB, ensure that status LED is green.
23:58:47 INFO  : Connected to target on host '127.0.0.1' and port '3121'.
23:58:47 INFO  : Jtag cable 'RealDigital Boo 887100000010A' is selected.
23:58:47 INFO  : 'jtag frequency' command is executed.
23:58:47 INFO  : 'targets -set -filter {jtag_cable_name =~ "RealDigital Boo 887100000010A" && level==0 && jtag_device_ctx=="jsn1-0362f093-0"}' command is executed.
23:58:49 INFO  : Device configured successfully with "C:/Users/kakkar3/Desktop/Final_Project/sdk/final_proj/_ide/bitstream/mb_usb_hdmi_top.bit"
23:58:49 INFO  : Context for processor 'microblaze_0' is selected.
23:58:49 INFO  : Hardware design and registers information is loaded from 'C:/Users/kakkar3/Desktop/Final_Project/sdk/mb_usb_hdmi_top/export/mb_usb_hdmi_top/hw/mb_usb_hdmi_top.xsa'.
23:58:49 INFO  : 'configparams mdm-detect-bscan-mask 2' command is executed.
23:58:49 INFO  : Context for processor 'microblaze_0' is selected.
23:58:49 INFO  : System reset is completed.
23:58:52 INFO  : 'after 3000' command is executed.
23:58:52 INFO  : Context for processor 'microblaze_0' is selected.
23:58:52 INFO  : The application 'C:/Users/kakkar3/Desktop/Final_Project/sdk/final_proj/Debug/final_proj.elf' is downloaded to processor 'microblaze_0'.
23:58:52 INFO  : ----------------XSDB Script----------------
connect -url tcp:127.0.0.1:3121
targets -set -filter {jtag_cable_name =~ "RealDigital Boo 887100000010A" && level==0 && jtag_device_ctx=="jsn1-0362f093-0"}
fpga -file C:/Users/kakkar3/Desktop/Final_Project/sdk/final_proj/_ide/bitstream/mb_usb_hdmi_top.bit
targets -set -nocase -filter {name =~ "*microblaze*#0" && bscan=="USER2" }
loadhw -hw C:/Users/kakkar3/Desktop/Final_Project/sdk/mb_usb_hdmi_top/export/mb_usb_hdmi_top/hw/mb_usb_hdmi_top.xsa -regs
configparams mdm-detect-bscan-mask 2
targets -set -nocase -filter {name =~ "*microblaze*#0" && bscan=="USER2" }
rst -system
after 3000
targets -set -nocase -filter {name =~ "*microblaze*#0" && bscan=="USER2" }
dow C:/Users/kakkar3/Desktop/Final_Project/sdk/final_proj/Debug/final_proj.elf
----------------End of Script----------------

23:58:52 INFO  : Context for processor 'microblaze_0' is selected.
23:58:52 INFO  : 'con' command is executed.
23:58:52 INFO  : ----------------XSDB Script (After Launch)----------------
targets -set -nocase -filter {name =~ "*microblaze*#0" && bscan=="USER2" }
con
----------------End of Script----------------

23:58:52 INFO  : Launch script is exported to file 'C:\Users\kakkar3\Desktop\Final_Project\sdk\final_proj_system\_ide\scripts\debugger_final_proj-default.tcl'
00:02:51 INFO  : Checking for BSP changes to sync application flags for project 'final_proj'...
00:02:58 INFO  : Disconnected from the channel tcfchan#6.
00:02:59 INFO  : Connected to target on host '127.0.0.1' and port '3121'.
00:02:59 INFO  : Jtag cable 'RealDigital Boo 887100000010A' is selected.
00:02:59 INFO  : 'jtag frequency' command is executed.
00:02:59 INFO  : 'targets -set -filter {jtag_cable_name =~ "RealDigital Boo 887100000010A" && level==0 && jtag_device_ctx=="jsn1-0362f093-0"}' command is executed.
00:03:00 INFO  : Device configured successfully with "C:/Users/kakkar3/Desktop/Final_Project/sdk/final_proj/_ide/bitstream/mb_usb_hdmi_top.bit"
00:03:00 INFO  : Context for processor 'microblaze_0' is selected.
00:03:01 INFO  : Hardware design and registers information is loaded from 'C:/Users/kakkar3/Desktop/Final_Project/sdk/mb_usb_hdmi_top/export/mb_usb_hdmi_top/hw/mb_usb_hdmi_top.xsa'.
00:03:01 INFO  : 'configparams mdm-detect-bscan-mask 2' command is executed.
00:03:01 INFO  : Context for processor 'microblaze_0' is selected.
00:03:01 INFO  : System reset is completed.
00:03:04 INFO  : 'after 3000' command is executed.
00:03:04 INFO  : Context for processor 'microblaze_0' is selected.
00:03:04 INFO  : The application 'C:/Users/kakkar3/Desktop/Final_Project/sdk/final_proj/Debug/final_proj.elf' is downloaded to processor 'microblaze_0'.
00:03:04 INFO  : ----------------XSDB Script----------------
connect -url tcp:127.0.0.1:3121
targets -set -filter {jtag_cable_name =~ "RealDigital Boo 887100000010A" && level==0 && jtag_device_ctx=="jsn1-0362f093-0"}
fpga -file C:/Users/kakkar3/Desktop/Final_Project/sdk/final_proj/_ide/bitstream/mb_usb_hdmi_top.bit
targets -set -nocase -filter {name =~ "*microblaze*#0" && bscan=="USER2" }
loadhw -hw C:/Users/kakkar3/Desktop/Final_Project/sdk/mb_usb_hdmi_top/export/mb_usb_hdmi_top/hw/mb_usb_hdmi_top.xsa -regs
configparams mdm-detect-bscan-mask 2
targets -set -nocase -filter {name =~ "*microblaze*#0" && bscan=="USER2" }
rst -system
after 3000
targets -set -nocase -filter {name =~ "*microblaze*#0" && bscan=="USER2" }
dow C:/Users/kakkar3/Desktop/Final_Project/sdk/final_proj/Debug/final_proj.elf
----------------End of Script----------------

00:03:04 INFO  : Context for processor 'microblaze_0' is selected.
00:03:04 INFO  : 'con' command is executed.
00:03:04 INFO  : ----------------XSDB Script (After Launch)----------------
targets -set -nocase -filter {name =~ "*microblaze*#0" && bscan=="USER2" }
con
----------------End of Script----------------

00:03:04 INFO  : Launch script is exported to file 'C:\Users\kakkar3\Desktop\Final_Project\sdk\final_proj_system\_ide\scripts\debugger_final_proj-default.tcl'
00:48:17 INFO  : Hardware specification for platform project 'mb_usb_hdmi_top' is updated.
00:48:42 INFO  : Result from executing command 'getProjects': mb_usb_hdmi_top
00:48:42 INFO  : Result from executing command 'getPlatforms': mb_usb_hdmi_top|C:/Users/kakkar3/Desktop/Final_Project/sdk/mb_usb_hdmi_top/export/mb_usb_hdmi_top/mb_usb_hdmi_top.xpfm;xilinx_vck190_base_202220_1|C:/Xilinx/Vitis/2022.2/base_platforms/xilinx_vck190_base_202220_1/xilinx_vck190_base_202220_1.xpfm;xilinx_vck190_base_dfx_202220_1|C:/Xilinx/Vitis/2022.2/base_platforms/xilinx_vck190_base_dfx_202220_1/xilinx_vck190_base_dfx_202220_1.xpfm;xilinx_vmk180_base_202220_1|C:/Xilinx/Vitis/2022.2/base_platforms/xilinx_vmk180_base_202220_1/xilinx_vmk180_base_202220_1.xpfm;xilinx_zcu102_base_202220_1|C:/Xilinx/Vitis/2022.2/base_platforms/xilinx_zcu102_base_202220_1/xilinx_zcu102_base_202220_1.xpfm;xilinx_zcu102_base_dfx_202220_1|C:/Xilinx/Vitis/2022.2/base_platforms/xilinx_zcu102_base_dfx_202220_1/xilinx_zcu102_base_dfx_202220_1.xpfm;xilinx_zcu104_base_202220_1|C:/Xilinx/Vitis/2022.2/base_platforms/xilinx_zcu104_base_202220_1/xilinx_zcu104_base_202220_1.xpfm
00:48:43 INFO  : Checking for BSP changes to sync application flags for project 'final_proj'...
00:48:46 INFO  : The hardware specification used by project 'final_proj' is out of sync with the platform. Resource files extracted from the hardware specification will be updated.
00:48:46 INFO  : The file 'C:\Users\kakkar3\Desktop\Final_Project\sdk\final_proj\_ide\bitstream\mb_usb_hdmi_top.bit' stored in project is removed.
00:48:46 INFO  : The file 'C:\Users\kakkar3\Desktop\Final_Project\sdk\final_proj\_ide\bitstream\mb_usb_hdmi_top.mmi' stored in project is removed.
00:48:46 INFO  : The updated bitstream files are copied from platform to folder 'C:\Users\kakkar3\Desktop\Final_Project\sdk\final_proj\_ide\bitstream' in project 'final_proj'.
00:50:13 INFO  : Disconnected from the channel tcfchan#7.
00:50:14 INFO  : Connected to target on host '127.0.0.1' and port '3121'.
00:50:15 INFO  : Jtag cable 'RealDigital Boo 887100000010A' is selected.
00:50:15 INFO  : 'jtag frequency' command is executed.
00:50:18 ERROR : no targets found with "jtag_cable_name =~ "RealDigital Boo 887100000010A" && level==0 && jtag_device_ctx=="jsn1-0362f093-0"". available targets:
  1  xc7s50
     2  MicroBlaze Debug Module at USER2
        3  MicroBlaze #0 (Running)
00:50:18 ERROR : Exception occured while running Program Device.
java.lang.RuntimeException: no targets found with "jtag_cable_name =~ "RealDigital Boo 887100000010A" && level==0 && jtag_device_ctx=="jsn1-0362f093-0"". available targets:
  1  xc7s50
     2  MicroBlaze Debug Module at USER2
        3  MicroBlaze #0 (Running)
00:50:18 INFO  : ----------------XSDB Script----------------
connect -url tcp:127.0.0.1:3121
----------------End of Script----------------

00:50:18 ERROR : no targets found with "jtag_cable_name =~ "RealDigital Boo 887100000010A" && level==0 && jtag_device_ctx=="jsn1-0362f093-0"". available targets:
  1  xc7s50
     2  MicroBlaze Debug Module at USER2
        3  MicroBlaze #0 (Running)
00:53:10 DEBUG : Logs will be stored at 'C:/Users/kakkar3/Desktop/Final_Project/sdk/IDE.log'.
00:53:10 INFO  : Launching XSCT server: xsct.bat -n  -interactive C:\Users\kakkar3\Desktop\Final_Project\sdk\temp_xsdb_launch_script.tcl
00:53:13 INFO  : XSCT server has started successfully.
00:53:14 INFO  : plnx-install-location is set to ''
00:53:14 INFO  : Successfully done setting XSCT server connection channel  
00:53:14 INFO  : Successfully done setting workspace for the tool. 
00:53:14 INFO  : Registering command handlers for Vitis TCF services
00:53:14 INFO  : Successfully done query RDI_DATADIR 
00:53:14 INFO  : Platform repository initialization has completed.
01:09:24 INFO  : Connected to target on host '127.0.0.1' and port '3121'.
01:09:24 INFO  : Jtag cable 'RealDigital Boo 887100000010A' is selected.
01:09:24 INFO  : 'jtag frequency' command is executed.
01:09:24 INFO  : 'targets -set -filter {jtag_cable_name =~ "RealDigital Boo 887100000010A" && level==0 && jtag_device_ctx=="jsn1-0362f093-0"}' command is executed.
01:09:26 INFO  : Device configured successfully with "C:/Users/kakkar3/Desktop/Final_Project/sdk/final_proj/_ide/bitstream/mb_usb_hdmi_top.bit"
01:09:26 INFO  : Context for processor 'microblaze_0' is selected.
01:09:26 INFO  : Hardware design and registers information is loaded from 'C:/Users/kakkar3/Desktop/Final_Project/sdk/mb_usb_hdmi_top/export/mb_usb_hdmi_top/hw/mb_usb_hdmi_top.xsa'.
01:09:26 INFO  : 'configparams mdm-detect-bscan-mask 2' command is executed.
01:09:26 INFO  : Context for processor 'microblaze_0' is selected.
01:09:26 INFO  : System reset is completed.
01:09:29 INFO  : 'after 3000' command is executed.
01:09:29 INFO  : Context for processor 'microblaze_0' is selected.
01:09:29 INFO  : The application 'C:/Users/kakkar3/Desktop/Final_Project/sdk/final_proj/Debug/final_proj.elf' is downloaded to processor 'microblaze_0'.
01:09:29 INFO  : ----------------XSDB Script----------------
connect -url tcp:127.0.0.1:3121
targets -set -filter {jtag_cable_name =~ "RealDigital Boo 887100000010A" && level==0 && jtag_device_ctx=="jsn1-0362f093-0"}
fpga -file C:/Users/kakkar3/Desktop/Final_Project/sdk/final_proj/_ide/bitstream/mb_usb_hdmi_top.bit
targets -set -nocase -filter {name =~ "*microblaze*#0" && bscan=="USER2" }
loadhw -hw C:/Users/kakkar3/Desktop/Final_Project/sdk/mb_usb_hdmi_top/export/mb_usb_hdmi_top/hw/mb_usb_hdmi_top.xsa -regs
configparams mdm-detect-bscan-mask 2
targets -set -nocase -filter {name =~ "*microblaze*#0" && bscan=="USER2" }
rst -system
after 3000
targets -set -nocase -filter {name =~ "*microblaze*#0" && bscan=="USER2" }
dow C:/Users/kakkar3/Desktop/Final_Project/sdk/final_proj/Debug/final_proj.elf
----------------End of Script----------------

01:09:29 INFO  : Context for processor 'microblaze_0' is selected.
01:09:29 INFO  : 'con' command is executed.
01:09:29 INFO  : ----------------XSDB Script (After Launch)----------------
targets -set -nocase -filter {name =~ "*microblaze*#0" && bscan=="USER2" }
con
----------------End of Script----------------

01:09:29 INFO  : Launch script is exported to file 'C:\Users\kakkar3\Desktop\Final_Project\sdk\final_proj_system\_ide\scripts\debugger_final_proj-default.tcl'
01:34:13 INFO  : Checking for BSP changes to sync application flags for project 'final_proj'...
01:34:26 INFO  : Disconnected from the channel tcfchan#1.
01:34:27 INFO  : Connected to target on host '127.0.0.1' and port '3121'.
01:34:27 INFO  : Jtag cable 'RealDigital Boo 887100000010A' is selected.
01:34:27 INFO  : 'jtag frequency' command is executed.
01:34:27 INFO  : 'targets -set -filter {jtag_cable_name =~ "RealDigital Boo 887100000010A" && level==0 && jtag_device_ctx=="jsn1-0362f093-0"}' command is executed.
01:34:28 INFO  : Device configured successfully with "C:/Users/kakkar3/Desktop/Final_Project/sdk/final_proj/_ide/bitstream/mb_usb_hdmi_top.bit"
01:34:28 INFO  : Context for processor 'microblaze_0' is selected.
01:34:28 INFO  : Hardware design and registers information is loaded from 'C:/Users/kakkar3/Desktop/Final_Project/sdk/mb_usb_hdmi_top/export/mb_usb_hdmi_top/hw/mb_usb_hdmi_top.xsa'.
01:34:28 INFO  : 'configparams mdm-detect-bscan-mask 2' command is executed.
01:34:28 INFO  : Context for processor 'microblaze_0' is selected.
01:34:28 INFO  : System reset is completed.
01:34:31 INFO  : 'after 3000' command is executed.
01:34:31 INFO  : Context for processor 'microblaze_0' is selected.
01:34:32 INFO  : The application 'C:/Users/kakkar3/Desktop/Final_Project/sdk/final_proj/Debug/final_proj.elf' is downloaded to processor 'microblaze_0'.
01:34:32 INFO  : ----------------XSDB Script----------------
connect -url tcp:127.0.0.1:3121
targets -set -filter {jtag_cable_name =~ "RealDigital Boo 887100000010A" && level==0 && jtag_device_ctx=="jsn1-0362f093-0"}
fpga -file C:/Users/kakkar3/Desktop/Final_Project/sdk/final_proj/_ide/bitstream/mb_usb_hdmi_top.bit
targets -set -nocase -filter {name =~ "*microblaze*#0" && bscan=="USER2" }
loadhw -hw C:/Users/kakkar3/Desktop/Final_Project/sdk/mb_usb_hdmi_top/export/mb_usb_hdmi_top/hw/mb_usb_hdmi_top.xsa -regs
configparams mdm-detect-bscan-mask 2
targets -set -nocase -filter {name =~ "*microblaze*#0" && bscan=="USER2" }
rst -system
after 3000
targets -set -nocase -filter {name =~ "*microblaze*#0" && bscan=="USER2" }
dow C:/Users/kakkar3/Desktop/Final_Project/sdk/final_proj/Debug/final_proj.elf
----------------End of Script----------------

01:34:32 INFO  : Context for processor 'microblaze_0' is selected.
01:34:32 INFO  : 'con' command is executed.
01:34:32 INFO  : ----------------XSDB Script (After Launch)----------------
targets -set -nocase -filter {name =~ "*microblaze*#0" && bscan=="USER2" }
con
----------------End of Script----------------

01:34:32 INFO  : Launch script is exported to file 'C:\Users\kakkar3\Desktop\Final_Project\sdk\final_proj_system\_ide\scripts\debugger_final_proj-default.tcl'
01:53:59 INFO  : Checking for BSP changes to sync application flags for project 'final_proj'...
01:54:05 INFO  : Disconnected from the channel tcfchan#2.
01:54:06 INFO  : Connected to target on host '127.0.0.1' and port '3121'.
01:54:15 INFO  : ----------------XSDB Script----------------
connect -url tcp:127.0.0.1:3121
----------------End of Script----------------

01:54:15 ERROR : Could not find FPGA device on the board for connection 'Local'.


Troubleshooting hints:
1. Check whether board is connected to system properly.
2. In case of zynq board, check whether Digilent/Xilinx cable switch settings are correct.
3. If you are using Xilinx Platform Cable USB, ensure that status LED is green.
01:54:19 INFO  : Connected to target on host '127.0.0.1' and port '3121'.
01:54:20 INFO  : Jtag cable 'RealDigital Boo 887100000010A' is selected.
01:54:20 INFO  : 'jtag frequency' command is executed.
01:54:20 INFO  : 'targets -set -filter {jtag_cable_name =~ "RealDigital Boo 887100000010A" && level==0 && jtag_device_ctx=="jsn1-0362f093-0"}' command is executed.
01:54:21 INFO  : Device configured successfully with "C:/Users/kakkar3/Desktop/Final_Project/sdk/final_proj/_ide/bitstream/mb_usb_hdmi_top.bit"
01:54:21 INFO  : Context for processor 'microblaze_0' is selected.
01:54:21 INFO  : Hardware design and registers information is loaded from 'C:/Users/kakkar3/Desktop/Final_Project/sdk/mb_usb_hdmi_top/export/mb_usb_hdmi_top/hw/mb_usb_hdmi_top.xsa'.
01:54:21 INFO  : 'configparams mdm-detect-bscan-mask 2' command is executed.
01:54:21 INFO  : Context for processor 'microblaze_0' is selected.
01:54:21 INFO  : System reset is completed.
01:54:24 INFO  : 'after 3000' command is executed.
01:54:24 INFO  : Context for processor 'microblaze_0' is selected.
01:54:24 INFO  : The application 'C:/Users/kakkar3/Desktop/Final_Project/sdk/final_proj/Debug/final_proj.elf' is downloaded to processor 'microblaze_0'.
01:54:24 INFO  : ----------------XSDB Script----------------
connect -url tcp:127.0.0.1:3121
targets -set -filter {jtag_cable_name =~ "RealDigital Boo 887100000010A" && level==0 && jtag_device_ctx=="jsn1-0362f093-0"}
fpga -file C:/Users/kakkar3/Desktop/Final_Project/sdk/final_proj/_ide/bitstream/mb_usb_hdmi_top.bit
targets -set -nocase -filter {name =~ "*microblaze*#0" && bscan=="USER2" }
loadhw -hw C:/Users/kakkar3/Desktop/Final_Project/sdk/mb_usb_hdmi_top/export/mb_usb_hdmi_top/hw/mb_usb_hdmi_top.xsa -regs
configparams mdm-detect-bscan-mask 2
targets -set -nocase -filter {name =~ "*microblaze*#0" && bscan=="USER2" }
rst -system
after 3000
targets -set -nocase -filter {name =~ "*microblaze*#0" && bscan=="USER2" }
dow C:/Users/kakkar3/Desktop/Final_Project/sdk/final_proj/Debug/final_proj.elf
----------------End of Script----------------

01:54:25 INFO  : Context for processor 'microblaze_0' is selected.
01:54:25 INFO  : 'con' command is executed.
01:54:25 INFO  : ----------------XSDB Script (After Launch)----------------
targets -set -nocase -filter {name =~ "*microblaze*#0" && bscan=="USER2" }
con
----------------End of Script----------------

01:54:25 INFO  : Launch script is exported to file 'C:\Users\kakkar3\Desktop\Final_Project\sdk\final_proj_system\_ide\scripts\debugger_final_proj-default.tcl'
01:59:32 INFO  : Checking for BSP changes to sync application flags for project 'final_proj'...
01:59:38 INFO  : Disconnected from the channel tcfchan#3.
01:59:39 INFO  : Connected to target on host '127.0.0.1' and port '3121'.
01:59:48 INFO  : ----------------XSDB Script----------------
connect -url tcp:127.0.0.1:3121
----------------End of Script----------------

01:59:48 ERROR : Could not find FPGA device on the board for connection 'Local'.


Troubleshooting hints:
1. Check whether board is connected to system properly.
2. In case of zynq board, check whether Digilent/Xilinx cable switch settings are correct.
3. If you are using Xilinx Platform Cable USB, ensure that status LED is green.
01:59:51 INFO  : Connected to target on host '127.0.0.1' and port '3121'.
01:59:51 INFO  : Jtag cable 'RealDigital Boo 887100000010A' is selected.
01:59:51 INFO  : 'jtag frequency' command is executed.
01:59:51 INFO  : 'targets -set -filter {jtag_cable_name =~ "RealDigital Boo 887100000010A" && level==0 && jtag_device_ctx=="jsn1-0362f093-0"}' command is executed.
01:59:52 INFO  : Device configured successfully with "C:/Users/kakkar3/Desktop/Final_Project/sdk/final_proj/_ide/bitstream/mb_usb_hdmi_top.bit"
01:59:52 INFO  : Context for processor 'microblaze_0' is selected.
01:59:52 INFO  : Hardware design and registers information is loaded from 'C:/Users/kakkar3/Desktop/Final_Project/sdk/mb_usb_hdmi_top/export/mb_usb_hdmi_top/hw/mb_usb_hdmi_top.xsa'.
01:59:52 INFO  : 'configparams mdm-detect-bscan-mask 2' command is executed.
01:59:52 INFO  : Context for processor 'microblaze_0' is selected.
01:59:52 INFO  : System reset is completed.
01:59:55 INFO  : 'after 3000' command is executed.
01:59:55 INFO  : Context for processor 'microblaze_0' is selected.
01:59:56 INFO  : The application 'C:/Users/kakkar3/Desktop/Final_Project/sdk/final_proj/Debug/final_proj.elf' is downloaded to processor 'microblaze_0'.
01:59:56 INFO  : ----------------XSDB Script----------------
connect -url tcp:127.0.0.1:3121
targets -set -filter {jtag_cable_name =~ "RealDigital Boo 887100000010A" && level==0 && jtag_device_ctx=="jsn1-0362f093-0"}
fpga -file C:/Users/kakkar3/Desktop/Final_Project/sdk/final_proj/_ide/bitstream/mb_usb_hdmi_top.bit
targets -set -nocase -filter {name =~ "*microblaze*#0" && bscan=="USER2" }
loadhw -hw C:/Users/kakkar3/Desktop/Final_Project/sdk/mb_usb_hdmi_top/export/mb_usb_hdmi_top/hw/mb_usb_hdmi_top.xsa -regs
configparams mdm-detect-bscan-mask 2
targets -set -nocase -filter {name =~ "*microblaze*#0" && bscan=="USER2" }
rst -system
after 3000
targets -set -nocase -filter {name =~ "*microblaze*#0" && bscan=="USER2" }
dow C:/Users/kakkar3/Desktop/Final_Project/sdk/final_proj/Debug/final_proj.elf
----------------End of Script----------------

01:59:56 INFO  : Context for processor 'microblaze_0' is selected.
01:59:56 INFO  : 'con' command is executed.
01:59:56 INFO  : ----------------XSDB Script (After Launch)----------------
targets -set -nocase -filter {name =~ "*microblaze*#0" && bscan=="USER2" }
con
----------------End of Script----------------

01:59:56 INFO  : Launch script is exported to file 'C:\Users\kakkar3\Desktop\Final_Project\sdk\final_proj_system\_ide\scripts\debugger_final_proj-default.tcl'
02:01:38 INFO  : Checking for BSP changes to sync application flags for project 'final_proj'...
02:01:44 INFO  : Disconnected from the channel tcfchan#4.
02:01:45 INFO  : Connected to target on host '127.0.0.1' and port '3121'.
02:01:54 INFO  : ----------------XSDB Script----------------
connect -url tcp:127.0.0.1:3121
----------------End of Script----------------

02:01:54 ERROR : Could not find FPGA device on the board for connection 'Local'.


Troubleshooting hints:
1. Check whether board is connected to system properly.
2. In case of zynq board, check whether Digilent/Xilinx cable switch settings are correct.
3. If you are using Xilinx Platform Cable USB, ensure that status LED is green.
02:01:57 INFO  : Connected to target on host '127.0.0.1' and port '3121'.
02:01:57 INFO  : Jtag cable 'RealDigital Boo 887100000010A' is selected.
02:01:57 INFO  : 'jtag frequency' command is executed.
02:01:57 INFO  : 'targets -set -filter {jtag_cable_name =~ "RealDigital Boo 887100000010A" && level==0 && jtag_device_ctx=="jsn1-0362f093-0"}' command is executed.
02:01:58 INFO  : Device configured successfully with "C:/Users/kakkar3/Desktop/Final_Project/sdk/final_proj/_ide/bitstream/mb_usb_hdmi_top.bit"
02:01:58 INFO  : Context for processor 'microblaze_0' is selected.
02:01:58 INFO  : Hardware design and registers information is loaded from 'C:/Users/kakkar3/Desktop/Final_Project/sdk/mb_usb_hdmi_top/export/mb_usb_hdmi_top/hw/mb_usb_hdmi_top.xsa'.
02:01:58 INFO  : 'configparams mdm-detect-bscan-mask 2' command is executed.
02:01:58 INFO  : Context for processor 'microblaze_0' is selected.
02:01:58 INFO  : System reset is completed.
02:02:01 INFO  : 'after 3000' command is executed.
02:02:01 INFO  : Context for processor 'microblaze_0' is selected.
02:02:02 INFO  : The application 'C:/Users/kakkar3/Desktop/Final_Project/sdk/final_proj/Debug/final_proj.elf' is downloaded to processor 'microblaze_0'.
02:02:02 INFO  : ----------------XSDB Script----------------
connect -url tcp:127.0.0.1:3121
targets -set -filter {jtag_cable_name =~ "RealDigital Boo 887100000010A" && level==0 && jtag_device_ctx=="jsn1-0362f093-0"}
fpga -file C:/Users/kakkar3/Desktop/Final_Project/sdk/final_proj/_ide/bitstream/mb_usb_hdmi_top.bit
targets -set -nocase -filter {name =~ "*microblaze*#0" && bscan=="USER2" }
loadhw -hw C:/Users/kakkar3/Desktop/Final_Project/sdk/mb_usb_hdmi_top/export/mb_usb_hdmi_top/hw/mb_usb_hdmi_top.xsa -regs
configparams mdm-detect-bscan-mask 2
targets -set -nocase -filter {name =~ "*microblaze*#0" && bscan=="USER2" }
rst -system
after 3000
targets -set -nocase -filter {name =~ "*microblaze*#0" && bscan=="USER2" }
dow C:/Users/kakkar3/Desktop/Final_Project/sdk/final_proj/Debug/final_proj.elf
----------------End of Script----------------

02:02:02 INFO  : Context for processor 'microblaze_0' is selected.
02:02:02 INFO  : 'con' command is executed.
02:02:02 INFO  : ----------------XSDB Script (After Launch)----------------
targets -set -nocase -filter {name =~ "*microblaze*#0" && bscan=="USER2" }
con
----------------End of Script----------------

02:02:02 INFO  : Launch script is exported to file 'C:\Users\kakkar3\Desktop\Final_Project\sdk\final_proj_system\_ide\scripts\debugger_final_proj-default.tcl'
02:03:53 INFO  : Checking for BSP changes to sync application flags for project 'final_proj'...
02:03:58 INFO  : Disconnected from the channel tcfchan#5.
02:03:59 INFO  : Connected to target on host '127.0.0.1' and port '3121'.
02:04:08 INFO  : ----------------XSDB Script----------------
connect -url tcp:127.0.0.1:3121
----------------End of Script----------------

02:04:08 ERROR : Could not find FPGA device on the board for connection 'Local'.


Troubleshooting hints:
1. Check whether board is connected to system properly.
2. In case of zynq board, check whether Digilent/Xilinx cable switch settings are correct.
3. If you are using Xilinx Platform Cable USB, ensure that status LED is green.
02:04:08 INFO  : Connected to target on host '127.0.0.1' and port '3121'.
02:04:08 INFO  : Jtag cable 'RealDigital Boo 887100000010A' is selected.
02:04:08 INFO  : 'jtag frequency' command is executed.
02:04:08 INFO  : 'targets -set -filter {jtag_cable_name =~ "RealDigital Boo 887100000010A" && level==0 && jtag_device_ctx=="jsn1-0362f093-0"}' command is executed.
02:04:10 INFO  : Device configured successfully with "C:/Users/kakkar3/Desktop/Final_Project/sdk/final_proj/_ide/bitstream/mb_usb_hdmi_top.bit"
02:04:10 INFO  : Context for processor 'microblaze_0' is selected.
02:04:10 INFO  : Hardware design and registers information is loaded from 'C:/Users/kakkar3/Desktop/Final_Project/sdk/mb_usb_hdmi_top/export/mb_usb_hdmi_top/hw/mb_usb_hdmi_top.xsa'.
02:04:10 INFO  : 'configparams mdm-detect-bscan-mask 2' command is executed.
02:04:10 INFO  : Context for processor 'microblaze_0' is selected.
02:04:10 INFO  : System reset is completed.
02:04:13 INFO  : 'after 3000' command is executed.
02:04:13 INFO  : Context for processor 'microblaze_0' is selected.
02:04:13 INFO  : The application 'C:/Users/kakkar3/Desktop/Final_Project/sdk/final_proj/Debug/final_proj.elf' is downloaded to processor 'microblaze_0'.
02:04:13 INFO  : ----------------XSDB Script----------------
connect -url tcp:127.0.0.1:3121
targets -set -filter {jtag_cable_name =~ "RealDigital Boo 887100000010A" && level==0 && jtag_device_ctx=="jsn1-0362f093-0"}
fpga -file C:/Users/kakkar3/Desktop/Final_Project/sdk/final_proj/_ide/bitstream/mb_usb_hdmi_top.bit
targets -set -nocase -filter {name =~ "*microblaze*#0" && bscan=="USER2" }
loadhw -hw C:/Users/kakkar3/Desktop/Final_Project/sdk/mb_usb_hdmi_top/export/mb_usb_hdmi_top/hw/mb_usb_hdmi_top.xsa -regs
configparams mdm-detect-bscan-mask 2
targets -set -nocase -filter {name =~ "*microblaze*#0" && bscan=="USER2" }
rst -system
after 3000
targets -set -nocase -filter {name =~ "*microblaze*#0" && bscan=="USER2" }
dow C:/Users/kakkar3/Desktop/Final_Project/sdk/final_proj/Debug/final_proj.elf
----------------End of Script----------------

02:04:13 INFO  : Context for processor 'microblaze_0' is selected.
02:04:13 INFO  : 'con' command is executed.
02:04:13 INFO  : ----------------XSDB Script (After Launch)----------------
targets -set -nocase -filter {name =~ "*microblaze*#0" && bscan=="USER2" }
con
----------------End of Script----------------

02:04:13 INFO  : Launch script is exported to file 'C:\Users\kakkar3\Desktop\Final_Project\sdk\final_proj_system\_ide\scripts\debugger_final_proj-default.tcl'
02:23:14 INFO  : Checking for BSP changes to sync application flags for project 'final_proj'...
02:23:20 INFO  : Disconnected from the channel tcfchan#6.
02:23:21 INFO  : Connected to target on host '127.0.0.1' and port '3121'.
02:23:26 INFO  : Connected to target on host '127.0.0.1' and port '3121'.
02:23:26 INFO  : Jtag cable 'RealDigital Boo 887100000010A' is selected.
02:23:26 INFO  : 'jtag frequency' command is executed.
02:23:26 INFO  : 'targets -set -filter {jtag_cable_name =~ "RealDigital Boo 887100000010A" && level==0 && jtag_device_ctx=="jsn1-0362f093-0"}' command is executed.
02:23:27 INFO  : Device configured successfully with "C:/Users/kakkar3/Desktop/Final_Project/sdk/final_proj/_ide/bitstream/mb_usb_hdmi_top.bit"
02:23:30 INFO  : ----------------XSDB Script----------------
connect -url tcp:127.0.0.1:3121
----------------End of Script----------------

02:23:30 ERROR : Could not find FPGA device on the board for connection 'Local'.


Troubleshooting hints:
1. Check whether board is connected to system properly.
2. In case of zynq board, check whether Digilent/Xilinx cable switch settings are correct.
3. If you are using Xilinx Platform Cable USB, ensure that status LED is green.
02:23:30 INFO  : Context for processor 'microblaze_0' is selected.
02:23:30 INFO  : Hardware design and registers information is loaded from 'C:/Users/kakkar3/Desktop/Final_Project/sdk/mb_usb_hdmi_top/export/mb_usb_hdmi_top/hw/mb_usb_hdmi_top.xsa'.
02:23:30 INFO  : 'configparams mdm-detect-bscan-mask 2' command is executed.
02:23:30 INFO  : Context for processor 'microblaze_0' is selected.
02:23:30 INFO  : System reset is completed.
02:23:33 INFO  : 'after 3000' command is executed.
02:23:34 INFO  : Context for processor 'microblaze_0' is selected.
02:23:34 INFO  : The application 'C:/Users/kakkar3/Desktop/Final_Project/sdk/final_proj/Debug/final_proj.elf' is downloaded to processor 'microblaze_0'.
02:23:34 INFO  : ----------------XSDB Script----------------
connect -url tcp:127.0.0.1:3121
targets -set -filter {jtag_cable_name =~ "RealDigital Boo 887100000010A" && level==0 && jtag_device_ctx=="jsn1-0362f093-0"}
fpga -file C:/Users/kakkar3/Desktop/Final_Project/sdk/final_proj/_ide/bitstream/mb_usb_hdmi_top.bit
targets -set -nocase -filter {name =~ "*microblaze*#0" && bscan=="USER2" }
loadhw -hw C:/Users/kakkar3/Desktop/Final_Project/sdk/mb_usb_hdmi_top/export/mb_usb_hdmi_top/hw/mb_usb_hdmi_top.xsa -regs
configparams mdm-detect-bscan-mask 2
targets -set -nocase -filter {name =~ "*microblaze*#0" && bscan=="USER2" }
rst -system
after 3000
targets -set -nocase -filter {name =~ "*microblaze*#0" && bscan=="USER2" }
dow C:/Users/kakkar3/Desktop/Final_Project/sdk/final_proj/Debug/final_proj.elf
----------------End of Script----------------

02:23:34 INFO  : Context for processor 'microblaze_0' is selected.
02:23:34 INFO  : 'con' command is executed.
02:23:34 INFO  : ----------------XSDB Script (After Launch)----------------
targets -set -nocase -filter {name =~ "*microblaze*#0" && bscan=="USER2" }
con
----------------End of Script----------------

02:23:34 INFO  : Launch script is exported to file 'C:\Users\kakkar3\Desktop\Final_Project\sdk\final_proj_system\_ide\scripts\debugger_final_proj-default.tcl'
02:29:23 INFO  : Hardware specification for platform project 'mb_usb_hdmi_top' is updated.
02:55:04 INFO  : Hardware specification for platform project 'mb_usb_hdmi_top' is updated.
02:55:24 INFO  : Result from executing command 'getProjects': mb_usb_hdmi_top
02:55:24 INFO  : Result from executing command 'getPlatforms': mb_usb_hdmi_top|C:/Users/kakkar3/Desktop/Final_Project/sdk/mb_usb_hdmi_top/export/mb_usb_hdmi_top/mb_usb_hdmi_top.xpfm;xilinx_vck190_base_202220_1|C:/Xilinx/Vitis/2022.2/base_platforms/xilinx_vck190_base_202220_1/xilinx_vck190_base_202220_1.xpfm;xilinx_vck190_base_dfx_202220_1|C:/Xilinx/Vitis/2022.2/base_platforms/xilinx_vck190_base_dfx_202220_1/xilinx_vck190_base_dfx_202220_1.xpfm;xilinx_vmk180_base_202220_1|C:/Xilinx/Vitis/2022.2/base_platforms/xilinx_vmk180_base_202220_1/xilinx_vmk180_base_202220_1.xpfm;xilinx_zcu102_base_202220_1|C:/Xilinx/Vitis/2022.2/base_platforms/xilinx_zcu102_base_202220_1/xilinx_zcu102_base_202220_1.xpfm;xilinx_zcu102_base_dfx_202220_1|C:/Xilinx/Vitis/2022.2/base_platforms/xilinx_zcu102_base_dfx_202220_1/xilinx_zcu102_base_dfx_202220_1.xpfm;xilinx_zcu104_base_202220_1|C:/Xilinx/Vitis/2022.2/base_platforms/xilinx_zcu104_base_202220_1/xilinx_zcu104_base_202220_1.xpfm
02:55:25 INFO  : Checking for BSP changes to sync application flags for project 'final_proj'...
02:55:28 INFO  : The hardware specification used by project 'final_proj' is out of sync with the platform. Resource files extracted from the hardware specification will be updated.
02:55:28 INFO  : The file 'C:\Users\kakkar3\Desktop\Final_Project\sdk\final_proj\_ide\bitstream\mb_usb_hdmi_top.bit' stored in project is removed.
02:55:28 INFO  : The file 'C:\Users\kakkar3\Desktop\Final_Project\sdk\final_proj\_ide\bitstream\mb_usb_hdmi_top.mmi' stored in project is removed.
02:55:28 INFO  : The updated bitstream files are copied from platform to folder 'C:\Users\kakkar3\Desktop\Final_Project\sdk\final_proj\_ide\bitstream' in project 'final_proj'.
02:55:34 INFO  : Disconnected from the channel tcfchan#7.
02:55:35 INFO  : Connected to target on host '127.0.0.1' and port '3121'.
02:55:35 INFO  : Jtag cable 'RealDigital Boo 887100000010A' is selected.
02:55:35 INFO  : 'jtag frequency' command is executed.
02:55:35 INFO  : 'targets -set -filter {jtag_cable_name =~ "RealDigital Boo 887100000010A" && level==0 && jtag_device_ctx=="jsn1-0362f093-0"}' command is executed.
02:55:37 INFO  : Device configured successfully with "C:/Users/kakkar3/Desktop/Final_Project/sdk/final_proj/_ide/bitstream/mb_usb_hdmi_top.bit"
02:55:37 INFO  : Context for processor 'microblaze_0' is selected.
02:55:37 INFO  : Hardware design and registers information is loaded from 'C:/Users/kakkar3/Desktop/Final_Project/sdk/mb_usb_hdmi_top/export/mb_usb_hdmi_top/hw/mb_usb_hdmi_top.xsa'.
02:55:37 INFO  : 'configparams mdm-detect-bscan-mask 2' command is executed.
02:55:37 INFO  : Context for processor 'microblaze_0' is selected.
02:55:37 INFO  : System reset is completed.
02:55:40 INFO  : 'after 3000' command is executed.
02:55:40 INFO  : Context for processor 'microblaze_0' is selected.
02:55:40 INFO  : The application 'C:/Users/kakkar3/Desktop/Final_Project/sdk/final_proj/Debug/final_proj.elf' is downloaded to processor 'microblaze_0'.
02:55:40 INFO  : ----------------XSDB Script----------------
connect -url tcp:127.0.0.1:3121
targets -set -filter {jtag_cable_name =~ "RealDigital Boo 887100000010A" && level==0 && jtag_device_ctx=="jsn1-0362f093-0"}
fpga -file C:/Users/kakkar3/Desktop/Final_Project/sdk/final_proj/_ide/bitstream/mb_usb_hdmi_top.bit
targets -set -nocase -filter {name =~ "*microblaze*#0" && bscan=="USER2" }
loadhw -hw C:/Users/kakkar3/Desktop/Final_Project/sdk/mb_usb_hdmi_top/export/mb_usb_hdmi_top/hw/mb_usb_hdmi_top.xsa -regs
configparams mdm-detect-bscan-mask 2
targets -set -nocase -filter {name =~ "*microblaze*#0" && bscan=="USER2" }
rst -system
after 3000
targets -set -nocase -filter {name =~ "*microblaze*#0" && bscan=="USER2" }
dow C:/Users/kakkar3/Desktop/Final_Project/sdk/final_proj/Debug/final_proj.elf
----------------End of Script----------------

02:55:40 INFO  : Context for processor 'microblaze_0' is selected.
02:55:40 INFO  : 'con' command is executed.
02:55:40 INFO  : ----------------XSDB Script (After Launch)----------------
targets -set -nocase -filter {name =~ "*microblaze*#0" && bscan=="USER2" }
con
----------------End of Script----------------

02:55:40 INFO  : Launch script is exported to file 'C:\Users\kakkar3\Desktop\Final_Project\sdk\final_proj_system\_ide\scripts\debugger_final_proj-default.tcl'
03:06:26 INFO  : Hardware specification for platform project 'mb_usb_hdmi_top' is updated.
03:08:42 INFO  : Hardware specification for platform project 'mb_usb_hdmi_top' is updated.
03:09:02 INFO  : Result from executing command 'getProjects': mb_usb_hdmi_top
03:09:02 INFO  : Result from executing command 'getPlatforms': mb_usb_hdmi_top|C:/Users/kakkar3/Desktop/Final_Project/sdk/mb_usb_hdmi_top/export/mb_usb_hdmi_top/mb_usb_hdmi_top.xpfm;xilinx_vck190_base_202220_1|C:/Xilinx/Vitis/2022.2/base_platforms/xilinx_vck190_base_202220_1/xilinx_vck190_base_202220_1.xpfm;xilinx_vck190_base_dfx_202220_1|C:/Xilinx/Vitis/2022.2/base_platforms/xilinx_vck190_base_dfx_202220_1/xilinx_vck190_base_dfx_202220_1.xpfm;xilinx_vmk180_base_202220_1|C:/Xilinx/Vitis/2022.2/base_platforms/xilinx_vmk180_base_202220_1/xilinx_vmk180_base_202220_1.xpfm;xilinx_zcu102_base_202220_1|C:/Xilinx/Vitis/2022.2/base_platforms/xilinx_zcu102_base_202220_1/xilinx_zcu102_base_202220_1.xpfm;xilinx_zcu102_base_dfx_202220_1|C:/Xilinx/Vitis/2022.2/base_platforms/xilinx_zcu102_base_dfx_202220_1/xilinx_zcu102_base_dfx_202220_1.xpfm;xilinx_zcu104_base_202220_1|C:/Xilinx/Vitis/2022.2/base_platforms/xilinx_zcu104_base_202220_1/xilinx_zcu104_base_202220_1.xpfm
03:09:03 INFO  : Checking for BSP changes to sync application flags for project 'final_proj'...
03:09:06 INFO  : The hardware specification used by project 'final_proj' is out of sync with the platform. Resource files extracted from the hardware specification will be updated.
03:09:06 INFO  : The file 'C:\Users\kakkar3\Desktop\Final_Project\sdk\final_proj\_ide\bitstream\mb_usb_hdmi_top.bit' stored in project is removed.
03:09:06 INFO  : The file 'C:\Users\kakkar3\Desktop\Final_Project\sdk\final_proj\_ide\bitstream\mb_usb_hdmi_top.mmi' stored in project is removed.
03:09:06 INFO  : The updated bitstream files are copied from platform to folder 'C:\Users\kakkar3\Desktop\Final_Project\sdk\final_proj\_ide\bitstream' in project 'final_proj'.
03:09:20 INFO  : Disconnected from the channel tcfchan#9.
03:09:21 INFO  : Connected to target on host '127.0.0.1' and port '3121'.
03:09:21 INFO  : Jtag cable 'RealDigital Boo 887100000010A' is selected.
03:09:21 INFO  : 'jtag frequency' command is executed.
03:09:24 ERROR : no targets found with "jtag_cable_name =~ "RealDigital Boo 887100000010A" && level==0 && jtag_device_ctx=="jsn1-0362f093-0"". available targets:
  1  xc7s50
     2  MicroBlaze Debug Module at USER2
        3  MicroBlaze #0 (Running)
03:09:24 ERROR : Exception occured while running Program Device.
java.lang.RuntimeException: no targets found with "jtag_cable_name =~ "RealDigital Boo 887100000010A" && level==0 && jtag_device_ctx=="jsn1-0362f093-0"". available targets:
  1  xc7s50
     2  MicroBlaze Debug Module at USER2
        3  MicroBlaze #0 (Running)
03:09:24 INFO  : ----------------XSDB Script----------------
connect -url tcp:127.0.0.1:3121
----------------End of Script----------------

03:09:24 ERROR : no targets found with "jtag_cable_name =~ "RealDigital Boo 887100000010A" && level==0 && jtag_device_ctx=="jsn1-0362f093-0"". available targets:
  1  xc7s50
     2  MicroBlaze Debug Module at USER2
        3  MicroBlaze #0 (Running)
03:09:45 DEBUG : Logs will be stored at 'C:/Users/kakkar3/Desktop/Final_Project/sdk/IDE.log'.
03:09:45 INFO  : Launching XSCT server: xsct.bat -n  -interactive C:\Users\kakkar3\Desktop\Final_Project\sdk\temp_xsdb_launch_script.tcl
03:09:48 INFO  : XSCT server has started successfully.
03:09:48 INFO  : Successfully done setting XSCT server connection channel  
03:09:48 INFO  : plnx-install-location is set to ''
03:09:48 INFO  : Successfully done setting workspace for the tool. 
03:09:48 INFO  : Registering command handlers for Vitis TCF services
03:09:49 INFO  : Successfully done query RDI_DATADIR 
03:09:49 INFO  : Platform repository initialization has completed.
03:10:05 INFO  : Connected to target on host '127.0.0.1' and port '3121'.
03:10:05 INFO  : Jtag cable 'RealDigital Boo 887100000010A' is selected.
03:10:05 INFO  : 'jtag frequency' command is executed.
03:10:05 INFO  : 'targets -set -filter {jtag_cable_name =~ "RealDigital Boo 887100000010A" && level==0 && jtag_device_ctx=="jsn1-0362f093-0"}' command is executed.
03:10:06 INFO  : Device configured successfully with "C:/Users/kakkar3/Desktop/Final_Project/sdk/final_proj/_ide/bitstream/mb_usb_hdmi_top.bit"
03:10:06 INFO  : Context for processor 'microblaze_0' is selected.
03:10:06 INFO  : Hardware design and registers information is loaded from 'C:/Users/kakkar3/Desktop/Final_Project/sdk/mb_usb_hdmi_top/export/mb_usb_hdmi_top/hw/mb_usb_hdmi_top.xsa'.
03:10:06 INFO  : 'configparams mdm-detect-bscan-mask 2' command is executed.
03:10:06 INFO  : Context for processor 'microblaze_0' is selected.
03:10:06 INFO  : System reset is completed.
03:10:09 INFO  : 'after 3000' command is executed.
03:10:09 INFO  : Context for processor 'microblaze_0' is selected.
03:10:10 INFO  : The application 'C:/Users/kakkar3/Desktop/Final_Project/sdk/final_proj/Debug/final_proj.elf' is downloaded to processor 'microblaze_0'.
03:10:10 INFO  : ----------------XSDB Script----------------
connect -url tcp:127.0.0.1:3121
targets -set -filter {jtag_cable_name =~ "RealDigital Boo 887100000010A" && level==0 && jtag_device_ctx=="jsn1-0362f093-0"}
fpga -file C:/Users/kakkar3/Desktop/Final_Project/sdk/final_proj/_ide/bitstream/mb_usb_hdmi_top.bit
targets -set -nocase -filter {name =~ "*microblaze*#0" && bscan=="USER2" }
loadhw -hw C:/Users/kakkar3/Desktop/Final_Project/sdk/mb_usb_hdmi_top/export/mb_usb_hdmi_top/hw/mb_usb_hdmi_top.xsa -regs
configparams mdm-detect-bscan-mask 2
targets -set -nocase -filter {name =~ "*microblaze*#0" && bscan=="USER2" }
rst -system
after 3000
targets -set -nocase -filter {name =~ "*microblaze*#0" && bscan=="USER2" }
dow C:/Users/kakkar3/Desktop/Final_Project/sdk/final_proj/Debug/final_proj.elf
----------------End of Script----------------

03:10:10 INFO  : Context for processor 'microblaze_0' is selected.
03:10:10 INFO  : 'con' command is executed.
03:10:10 INFO  : ----------------XSDB Script (After Launch)----------------
targets -set -nocase -filter {name =~ "*microblaze*#0" && bscan=="USER2" }
con
----------------End of Script----------------

03:10:10 INFO  : Launch script is exported to file 'C:\Users\kakkar3\Desktop\Final_Project\sdk\final_proj_system\_ide\scripts\debugger_final_proj-default.tcl'
03:12:20 INFO  : Checking for BSP changes to sync application flags for project 'final_proj'...
03:12:29 INFO  : Disconnected from the channel tcfchan#1.
03:12:30 INFO  : Connected to target on host '127.0.0.1' and port '3121'.
03:12:39 INFO  : ----------------XSDB Script----------------
connect -url tcp:127.0.0.1:3121
----------------End of Script----------------

03:12:39 ERROR : Could not find FPGA device on the board for connection 'Local'.


Troubleshooting hints:
1. Check whether board is connected to system properly.
2. In case of zynq board, check whether Digilent/Xilinx cable switch settings are correct.
3. If you are using Xilinx Platform Cable USB, ensure that status LED is green.
03:12:42 INFO  : Connected to target on host '127.0.0.1' and port '3121'.
03:12:42 INFO  : Jtag cable 'RealDigital Boo 887100000010A' is selected.
03:12:42 INFO  : 'jtag frequency' command is executed.
03:12:42 INFO  : 'targets -set -filter {jtag_cable_name =~ "RealDigital Boo 887100000010A" && level==0 && jtag_device_ctx=="jsn1-0362f093-0"}' command is executed.
03:12:43 INFO  : Device configured successfully with "C:/Users/kakkar3/Desktop/Final_Project/sdk/final_proj/_ide/bitstream/mb_usb_hdmi_top.bit"
03:12:43 INFO  : Context for processor 'microblaze_0' is selected.
03:12:44 INFO  : Hardware design and registers information is loaded from 'C:/Users/kakkar3/Desktop/Final_Project/sdk/mb_usb_hdmi_top/export/mb_usb_hdmi_top/hw/mb_usb_hdmi_top.xsa'.
03:12:44 INFO  : 'configparams mdm-detect-bscan-mask 2' command is executed.
03:12:44 INFO  : Context for processor 'microblaze_0' is selected.
03:12:44 INFO  : System reset is completed.
03:12:47 INFO  : 'after 3000' command is executed.
03:12:47 INFO  : Context for processor 'microblaze_0' is selected.
03:12:47 INFO  : The application 'C:/Users/kakkar3/Desktop/Final_Project/sdk/final_proj/Debug/final_proj.elf' is downloaded to processor 'microblaze_0'.
03:12:47 INFO  : ----------------XSDB Script----------------
connect -url tcp:127.0.0.1:3121
targets -set -filter {jtag_cable_name =~ "RealDigital Boo 887100000010A" && level==0 && jtag_device_ctx=="jsn1-0362f093-0"}
fpga -file C:/Users/kakkar3/Desktop/Final_Project/sdk/final_proj/_ide/bitstream/mb_usb_hdmi_top.bit
targets -set -nocase -filter {name =~ "*microblaze*#0" && bscan=="USER2" }
loadhw -hw C:/Users/kakkar3/Desktop/Final_Project/sdk/mb_usb_hdmi_top/export/mb_usb_hdmi_top/hw/mb_usb_hdmi_top.xsa -regs
configparams mdm-detect-bscan-mask 2
targets -set -nocase -filter {name =~ "*microblaze*#0" && bscan=="USER2" }
rst -system
after 3000
targets -set -nocase -filter {name =~ "*microblaze*#0" && bscan=="USER2" }
dow C:/Users/kakkar3/Desktop/Final_Project/sdk/final_proj/Debug/final_proj.elf
----------------End of Script----------------

03:12:47 INFO  : Context for processor 'microblaze_0' is selected.
03:12:47 INFO  : 'con' command is executed.
03:12:47 INFO  : ----------------XSDB Script (After Launch)----------------
targets -set -nocase -filter {name =~ "*microblaze*#0" && bscan=="USER2" }
con
----------------End of Script----------------

03:12:47 INFO  : Launch script is exported to file 'C:\Users\kakkar3\Desktop\Final_Project\sdk\final_proj_system\_ide\scripts\debugger_final_proj-default.tcl'
03:14:55 INFO  : Disconnected from the channel tcfchan#2.
05:04:53 DEBUG : Logs will be stored at 'C:/Users/kakkar3/Desktop/Final_Project/sdk/IDE.log'.
05:04:54 INFO  : Launching XSCT server: xsct.bat -n  -interactive C:\Users\kakkar3\Desktop\Final_Project\sdk\temp_xsdb_launch_script.tcl
05:04:57 INFO  : XSCT server has started successfully.
05:04:57 INFO  : plnx-install-location is set to ''
05:04:57 INFO  : Successfully done setting XSCT server connection channel  
05:04:57 INFO  : Registering command handlers for Vitis TCF services
05:04:58 INFO  : Successfully done setting workspace for the tool. 
05:04:58 INFO  : Successfully done query RDI_DATADIR 
05:04:58 INFO  : Platform repository initialization has completed.
05:06:55 INFO  : Connected to target on host '127.0.0.1' and port '3121'.
05:06:55 INFO  : Jtag cable 'RealDigital Boo 887100000010A' is selected.
05:06:55 INFO  : 'jtag frequency' command is executed.
05:06:55 INFO  : 'targets -set -filter {jtag_cable_name =~ "RealDigital Boo 887100000010A" && level==0 && jtag_device_ctx=="jsn1-0362f093-0"}' command is executed.
05:06:56 INFO  : Device configured successfully with "C:/Users/kakkar3/Desktop/Final_Project/sdk/final_proj/_ide/bitstream/mb_usb_hdmi_top.bit"
05:06:56 INFO  : Context for processor 'microblaze_0' is selected.
05:06:56 INFO  : Hardware design and registers information is loaded from 'C:/Users/kakkar3/Desktop/Final_Project/sdk/mb_usb_hdmi_top/export/mb_usb_hdmi_top/hw/mb_usb_hdmi_top.xsa'.
05:06:56 INFO  : 'configparams mdm-detect-bscan-mask 2' command is executed.
05:06:56 INFO  : Context for processor 'microblaze_0' is selected.
05:06:56 INFO  : System reset is completed.
05:06:59 INFO  : 'after 3000' command is executed.
05:07:00 INFO  : Context for processor 'microblaze_0' is selected.
05:07:00 INFO  : The application 'C:/Users/kakkar3/Desktop/Final_Project/sdk/final_proj/Debug/final_proj.elf' is downloaded to processor 'microblaze_0'.
05:07:00 INFO  : ----------------XSDB Script----------------
connect -url tcp:127.0.0.1:3121
targets -set -filter {jtag_cable_name =~ "RealDigital Boo 887100000010A" && level==0 && jtag_device_ctx=="jsn1-0362f093-0"}
fpga -file C:/Users/kakkar3/Desktop/Final_Project/sdk/final_proj/_ide/bitstream/mb_usb_hdmi_top.bit
targets -set -nocase -filter {name =~ "*microblaze*#0" && bscan=="USER2" }
loadhw -hw C:/Users/kakkar3/Desktop/Final_Project/sdk/mb_usb_hdmi_top/export/mb_usb_hdmi_top/hw/mb_usb_hdmi_top.xsa -regs
configparams mdm-detect-bscan-mask 2
targets -set -nocase -filter {name =~ "*microblaze*#0" && bscan=="USER2" }
rst -system
after 3000
targets -set -nocase -filter {name =~ "*microblaze*#0" && bscan=="USER2" }
dow C:/Users/kakkar3/Desktop/Final_Project/sdk/final_proj/Debug/final_proj.elf
----------------End of Script----------------

05:07:00 INFO  : Context for processor 'microblaze_0' is selected.
05:07:00 INFO  : 'con' command is executed.
05:07:00 INFO  : ----------------XSDB Script (After Launch)----------------
targets -set -nocase -filter {name =~ "*microblaze*#0" && bscan=="USER2" }
con
----------------End of Script----------------

05:07:00 INFO  : Launch script is exported to file 'C:\Users\kakkar3\Desktop\Final_Project\sdk\final_proj_system\_ide\scripts\debugger_final_proj-default.tcl'
07:33:31 INFO  : Hardware specification for platform project 'mb_usb_hdmi_top' is updated.
07:34:05 INFO  : Result from executing command 'getProjects': mb_usb_hdmi_top
07:34:05 INFO  : Result from executing command 'getPlatforms': mb_usb_hdmi_top|C:/Users/kakkar3/Desktop/Final_Project/sdk/mb_usb_hdmi_top/export/mb_usb_hdmi_top/mb_usb_hdmi_top.xpfm;xilinx_vck190_base_202220_1|C:/Xilinx/Vitis/2022.2/base_platforms/xilinx_vck190_base_202220_1/xilinx_vck190_base_202220_1.xpfm;xilinx_vck190_base_dfx_202220_1|C:/Xilinx/Vitis/2022.2/base_platforms/xilinx_vck190_base_dfx_202220_1/xilinx_vck190_base_dfx_202220_1.xpfm;xilinx_vmk180_base_202220_1|C:/Xilinx/Vitis/2022.2/base_platforms/xilinx_vmk180_base_202220_1/xilinx_vmk180_base_202220_1.xpfm;xilinx_zcu102_base_202220_1|C:/Xilinx/Vitis/2022.2/base_platforms/xilinx_zcu102_base_202220_1/xilinx_zcu102_base_202220_1.xpfm;xilinx_zcu102_base_dfx_202220_1|C:/Xilinx/Vitis/2022.2/base_platforms/xilinx_zcu102_base_dfx_202220_1/xilinx_zcu102_base_dfx_202220_1.xpfm;xilinx_zcu104_base_202220_1|C:/Xilinx/Vitis/2022.2/base_platforms/xilinx_zcu104_base_202220_1/xilinx_zcu104_base_202220_1.xpfm
07:34:06 INFO  : Checking for BSP changes to sync application flags for project 'final_proj'...
07:34:11 INFO  : The hardware specification used by project 'final_proj' is out of sync with the platform. Resource files extracted from the hardware specification will be updated.
07:34:11 INFO  : The file 'C:\Users\kakkar3\Desktop\Final_Project\sdk\final_proj\_ide\bitstream\mb_usb_hdmi_top.bit' stored in project is removed.
07:34:11 INFO  : The file 'C:\Users\kakkar3\Desktop\Final_Project\sdk\final_proj\_ide\bitstream\mb_usb_hdmi_top.mmi' stored in project is removed.
07:34:11 INFO  : The updated bitstream files are copied from platform to folder 'C:\Users\kakkar3\Desktop\Final_Project\sdk\final_proj\_ide\bitstream' in project 'final_proj'.
07:34:34 INFO  : Disconnected from the channel tcfchan#1.
07:34:35 INFO  : Connected to target on host '127.0.0.1' and port '3121'.
07:34:35 INFO  : Jtag cable 'RealDigital Boo 887100000010A' is selected.
07:34:35 INFO  : 'jtag frequency' command is executed.
07:34:35 INFO  : 'targets -set -filter {jtag_cable_name =~ "RealDigital Boo 887100000010A" && level==0 && jtag_device_ctx=="jsn1-0362f093-0"}' command is executed.
07:34:37 INFO  : Device configured successfully with "C:/Users/kakkar3/Desktop/Final_Project/sdk/final_proj/_ide/bitstream/mb_usb_hdmi_top.bit"
07:34:37 INFO  : Context for processor 'microblaze_0' is selected.
07:34:37 INFO  : Hardware design and registers information is loaded from 'C:/Users/kakkar3/Desktop/Final_Project/sdk/mb_usb_hdmi_top/export/mb_usb_hdmi_top/hw/mb_usb_hdmi_top.xsa'.
07:34:37 INFO  : 'configparams mdm-detect-bscan-mask 2' command is executed.
07:34:37 INFO  : Context for processor 'microblaze_0' is selected.
07:34:37 INFO  : System reset is completed.
07:34:40 INFO  : 'after 3000' command is executed.
07:34:40 INFO  : Context for processor 'microblaze_0' is selected.
07:34:40 INFO  : The application 'C:/Users/kakkar3/Desktop/Final_Project/sdk/final_proj/Debug/final_proj.elf' is downloaded to processor 'microblaze_0'.
07:34:40 INFO  : ----------------XSDB Script----------------
connect -url tcp:127.0.0.1:3121
targets -set -filter {jtag_cable_name =~ "RealDigital Boo 887100000010A" && level==0 && jtag_device_ctx=="jsn1-0362f093-0"}
fpga -file C:/Users/kakkar3/Desktop/Final_Project/sdk/final_proj/_ide/bitstream/mb_usb_hdmi_top.bit
targets -set -nocase -filter {name =~ "*microblaze*#0" && bscan=="USER2" }
loadhw -hw C:/Users/kakkar3/Desktop/Final_Project/sdk/mb_usb_hdmi_top/export/mb_usb_hdmi_top/hw/mb_usb_hdmi_top.xsa -regs
configparams mdm-detect-bscan-mask 2
targets -set -nocase -filter {name =~ "*microblaze*#0" && bscan=="USER2" }
rst -system
after 3000
targets -set -nocase -filter {name =~ "*microblaze*#0" && bscan=="USER2" }
dow C:/Users/kakkar3/Desktop/Final_Project/sdk/final_proj/Debug/final_proj.elf
----------------End of Script----------------

07:34:40 INFO  : Context for processor 'microblaze_0' is selected.
07:34:40 INFO  : 'con' command is executed.
07:34:40 INFO  : ----------------XSDB Script (After Launch)----------------
targets -set -nocase -filter {name =~ "*microblaze*#0" && bscan=="USER2" }
con
----------------End of Script----------------

07:34:40 INFO  : Launch script is exported to file 'C:\Users\kakkar3\Desktop\Final_Project\sdk\final_proj_system\_ide\scripts\debugger_final_proj-default.tcl'
07:37:03 INFO  : Checking for BSP changes to sync application flags for project 'final_proj'...
07:37:09 INFO  : Disconnected from the channel tcfchan#3.
07:37:10 INFO  : Connected to target on host '127.0.0.1' and port '3121'.
07:37:19 INFO  : ----------------XSDB Script----------------
connect -url tcp:127.0.0.1:3121
----------------End of Script----------------

07:37:19 ERROR : Could not find FPGA device on the board for connection 'Local'.


Troubleshooting hints:
1. Check whether board is connected to system properly.
2. In case of zynq board, check whether Digilent/Xilinx cable switch settings are correct.
3. If you are using Xilinx Platform Cable USB, ensure that status LED is green.
07:37:20 INFO  : Connected to target on host '127.0.0.1' and port '3121'.
07:37:20 INFO  : Jtag cable 'RealDigital Boo 887100000010A' is selected.
07:37:20 INFO  : 'jtag frequency' command is executed.
07:37:20 INFO  : 'targets -set -filter {jtag_cable_name =~ "RealDigital Boo 887100000010A" && level==0 && jtag_device_ctx=="jsn1-0362f093-0"}' command is executed.
07:37:22 INFO  : Device configured successfully with "C:/Users/kakkar3/Desktop/Final_Project/sdk/final_proj/_ide/bitstream/mb_usb_hdmi_top.bit"
07:37:22 INFO  : Context for processor 'microblaze_0' is selected.
07:37:22 INFO  : Hardware design and registers information is loaded from 'C:/Users/kakkar3/Desktop/Final_Project/sdk/mb_usb_hdmi_top/export/mb_usb_hdmi_top/hw/mb_usb_hdmi_top.xsa'.
07:37:22 INFO  : 'configparams mdm-detect-bscan-mask 2' command is executed.
07:37:22 INFO  : Context for processor 'microblaze_0' is selected.
07:37:22 INFO  : System reset is completed.
07:37:25 INFO  : 'after 3000' command is executed.
07:37:25 INFO  : Context for processor 'microblaze_0' is selected.
07:37:25 INFO  : The application 'C:/Users/kakkar3/Desktop/Final_Project/sdk/final_proj/Debug/final_proj.elf' is downloaded to processor 'microblaze_0'.
07:37:25 INFO  : ----------------XSDB Script----------------
connect -url tcp:127.0.0.1:3121
targets -set -filter {jtag_cable_name =~ "RealDigital Boo 887100000010A" && level==0 && jtag_device_ctx=="jsn1-0362f093-0"}
fpga -file C:/Users/kakkar3/Desktop/Final_Project/sdk/final_proj/_ide/bitstream/mb_usb_hdmi_top.bit
targets -set -nocase -filter {name =~ "*microblaze*#0" && bscan=="USER2" }
loadhw -hw C:/Users/kakkar3/Desktop/Final_Project/sdk/mb_usb_hdmi_top/export/mb_usb_hdmi_top/hw/mb_usb_hdmi_top.xsa -regs
configparams mdm-detect-bscan-mask 2
targets -set -nocase -filter {name =~ "*microblaze*#0" && bscan=="USER2" }
rst -system
after 3000
targets -set -nocase -filter {name =~ "*microblaze*#0" && bscan=="USER2" }
dow C:/Users/kakkar3/Desktop/Final_Project/sdk/final_proj/Debug/final_proj.elf
----------------End of Script----------------

07:37:25 INFO  : Context for processor 'microblaze_0' is selected.
07:37:25 INFO  : 'con' command is executed.
07:37:25 INFO  : ----------------XSDB Script (After Launch)----------------
targets -set -nocase -filter {name =~ "*microblaze*#0" && bscan=="USER2" }
con
----------------End of Script----------------

07:37:25 INFO  : Launch script is exported to file 'C:\Users\kakkar3\Desktop\Final_Project\sdk\final_proj_system\_ide\scripts\debugger_final_proj-default.tcl'
08:55:50 INFO  : Checking for BSP changes to sync application flags for project 'final_proj'...
09:01:17 INFO  : Checking for BSP changes to sync application flags for project 'final_proj'...
09:01:34 INFO  : Disconnected from the channel tcfchan#4.
09:01:35 INFO  : Connected to target on host '127.0.0.1' and port '3121'.
09:01:44 INFO  : ----------------XSDB Script----------------
connect -url tcp:127.0.0.1:3121
----------------End of Script----------------

09:01:44 ERROR : Could not find FPGA device on the board for connection 'Local'.


Troubleshooting hints:
1. Check whether board is connected to system properly.
2. In case of zynq board, check whether Digilent/Xilinx cable switch settings are correct.
3. If you are using Xilinx Platform Cable USB, ensure that status LED is green.
09:01:50 INFO  : Connected to target on host '127.0.0.1' and port '3121'.
09:01:50 INFO  : Jtag cable 'RealDigital Boo 887100000010A' is selected.
09:01:50 INFO  : 'jtag frequency' command is executed.
09:01:50 INFO  : 'targets -set -filter {jtag_cable_name =~ "RealDigital Boo 887100000010A" && level==0 && jtag_device_ctx=="jsn1-0362f093-0"}' command is executed.
09:01:51 INFO  : Device configured successfully with "C:/Users/kakkar3/Desktop/Final_Project/sdk/final_proj/_ide/bitstream/mb_usb_hdmi_top.bit"
09:01:51 INFO  : Context for processor 'microblaze_0' is selected.
09:01:51 INFO  : Hardware design and registers information is loaded from 'C:/Users/kakkar3/Desktop/Final_Project/sdk/mb_usb_hdmi_top/export/mb_usb_hdmi_top/hw/mb_usb_hdmi_top.xsa'.
09:01:51 INFO  : 'configparams mdm-detect-bscan-mask 2' command is executed.
09:01:51 INFO  : Context for processor 'microblaze_0' is selected.
09:01:51 INFO  : System reset is completed.
09:01:54 INFO  : 'after 3000' command is executed.
09:01:54 INFO  : Context for processor 'microblaze_0' is selected.
09:01:54 INFO  : The application 'C:/Users/kakkar3/Desktop/Final_Project/sdk/final_proj/Debug/final_proj.elf' is downloaded to processor 'microblaze_0'.
09:01:54 INFO  : ----------------XSDB Script----------------
connect -url tcp:127.0.0.1:3121
targets -set -filter {jtag_cable_name =~ "RealDigital Boo 887100000010A" && level==0 && jtag_device_ctx=="jsn1-0362f093-0"}
fpga -file C:/Users/kakkar3/Desktop/Final_Project/sdk/final_proj/_ide/bitstream/mb_usb_hdmi_top.bit
targets -set -nocase -filter {name =~ "*microblaze*#0" && bscan=="USER2" }
loadhw -hw C:/Users/kakkar3/Desktop/Final_Project/sdk/mb_usb_hdmi_top/export/mb_usb_hdmi_top/hw/mb_usb_hdmi_top.xsa -regs
configparams mdm-detect-bscan-mask 2
targets -set -nocase -filter {name =~ "*microblaze*#0" && bscan=="USER2" }
rst -system
after 3000
targets -set -nocase -filter {name =~ "*microblaze*#0" && bscan=="USER2" }
dow C:/Users/kakkar3/Desktop/Final_Project/sdk/final_proj/Debug/final_proj.elf
----------------End of Script----------------

09:01:55 INFO  : Context for processor 'microblaze_0' is selected.
09:01:55 INFO  : 'con' command is executed.
09:01:55 INFO  : ----------------XSDB Script (After Launch)----------------
targets -set -nocase -filter {name =~ "*microblaze*#0" && bscan=="USER2" }
con
----------------End of Script----------------

09:01:55 INFO  : Launch script is exported to file 'C:\Users\kakkar3\Desktop\Final_Project\sdk\final_proj_system\_ide\scripts\debugger_final_proj-default.tcl'
09:11:16 INFO  : Checking for BSP changes to sync application flags for project 'final_proj'...
09:47:11 INFO  : Hardware specification for platform project 'mb_usb_hdmi_top' is updated.
09:47:28 INFO  : Result from executing command 'getProjects': mb_usb_hdmi_top
09:47:28 INFO  : Result from executing command 'getPlatforms': mb_usb_hdmi_top|C:/Users/kakkar3/Desktop/Final_Project/sdk/mb_usb_hdmi_top/export/mb_usb_hdmi_top/mb_usb_hdmi_top.xpfm;xilinx_vck190_base_202220_1|C:/Xilinx/Vitis/2022.2/base_platforms/xilinx_vck190_base_202220_1/xilinx_vck190_base_202220_1.xpfm;xilinx_vck190_base_dfx_202220_1|C:/Xilinx/Vitis/2022.2/base_platforms/xilinx_vck190_base_dfx_202220_1/xilinx_vck190_base_dfx_202220_1.xpfm;xilinx_vmk180_base_202220_1|C:/Xilinx/Vitis/2022.2/base_platforms/xilinx_vmk180_base_202220_1/xilinx_vmk180_base_202220_1.xpfm;xilinx_zcu102_base_202220_1|C:/Xilinx/Vitis/2022.2/base_platforms/xilinx_zcu102_base_202220_1/xilinx_zcu102_base_202220_1.xpfm;xilinx_zcu102_base_dfx_202220_1|C:/Xilinx/Vitis/2022.2/base_platforms/xilinx_zcu102_base_dfx_202220_1/xilinx_zcu102_base_dfx_202220_1.xpfm;xilinx_zcu104_base_202220_1|C:/Xilinx/Vitis/2022.2/base_platforms/xilinx_zcu104_base_202220_1/xilinx_zcu104_base_202220_1.xpfm
09:47:29 INFO  : Checking for BSP changes to sync application flags for project 'final_proj'...
09:47:32 INFO  : The hardware specification used by project 'final_proj' is out of sync with the platform. Resource files extracted from the hardware specification will be updated.
09:47:32 INFO  : The file 'C:\Users\kakkar3\Desktop\Final_Project\sdk\final_proj\_ide\bitstream\mb_usb_hdmi_top.bit' stored in project is removed.
09:47:32 INFO  : The file 'C:\Users\kakkar3\Desktop\Final_Project\sdk\final_proj\_ide\bitstream\mb_usb_hdmi_top.mmi' stored in project is removed.
09:47:32 INFO  : The updated bitstream files are copied from platform to folder 'C:\Users\kakkar3\Desktop\Final_Project\sdk\final_proj\_ide\bitstream' in project 'final_proj'.
09:47:48 INFO  : Disconnected from the channel tcfchan#5.
09:47:50 INFO  : Connected to target on host '127.0.0.1' and port '3121'.
09:47:51 INFO  : Jtag cable 'RealDigital Boo 887100000010A' is selected.
09:47:51 INFO  : 'jtag frequency' command is executed.
09:47:54 ERROR : no targets found with "jtag_cable_name =~ "RealDigital Boo 887100000010A" && level==0 && jtag_device_ctx=="jsn1-0362f093-0"". available targets:
  1  xc7s50
     2  MicroBlaze Debug Module at USER2
        3  MicroBlaze #0 (Running)
09:47:54 ERROR : Exception occured while running Program Device.
java.lang.RuntimeException: no targets found with "jtag_cable_name =~ "RealDigital Boo 887100000010A" && level==0 && jtag_device_ctx=="jsn1-0362f093-0"". available targets:
  1  xc7s50
     2  MicroBlaze Debug Module at USER2
        3  MicroBlaze #0 (Running)
09:47:54 INFO  : ----------------XSDB Script----------------
connect -url tcp:127.0.0.1:3121
----------------End of Script----------------

09:47:54 ERROR : no targets found with "jtag_cable_name =~ "RealDigital Boo 887100000010A" && level==0 && jtag_device_ctx=="jsn1-0362f093-0"". available targets:
  1  xc7s50
     2  MicroBlaze Debug Module at USER2
        3  MicroBlaze #0 (Running)
09:48:30 DEBUG : Logs will be stored at 'C:/Users/kakkar3/Desktop/Final_Project/sdk/IDE.log'.
09:48:31 INFO  : Launching XSCT server: xsct.bat -n  -interactive C:\Users\kakkar3\Desktop\Final_Project\sdk\temp_xsdb_launch_script.tcl
09:48:34 INFO  : XSCT server has started successfully.
09:48:34 INFO  : Registering command handlers for Vitis TCF services
09:48:34 INFO  : Successfully done setting XSCT server connection channel  
09:48:35 INFO  : Platform repository initialization has completed.
09:48:37 INFO  : plnx-install-location is set to ''
09:48:37 INFO  : Successfully done setting workspace for the tool. 
09:48:37 INFO  : Successfully done query RDI_DATADIR 
09:48:42 INFO  : Connected to target on host '127.0.0.1' and port '3121'.
09:48:42 INFO  : Jtag cable 'RealDigital Boo 887100000010A' is selected.
09:48:42 INFO  : 'jtag frequency' command is executed.
09:48:42 INFO  : 'targets -set -filter {jtag_cable_name =~ "RealDigital Boo 887100000010A" && level==0 && jtag_device_ctx=="jsn1-0362f093-0"}' command is executed.
09:48:43 INFO  : Device configured successfully with "C:/Users/kakkar3/Desktop/Final_Project/sdk/final_proj/_ide/bitstream/mb_usb_hdmi_top.bit"
09:48:43 INFO  : Context for processor 'microblaze_0' is selected.
09:48:44 INFO  : Hardware design and registers information is loaded from 'C:/Users/kakkar3/Desktop/Final_Project/sdk/mb_usb_hdmi_top/export/mb_usb_hdmi_top/hw/mb_usb_hdmi_top.xsa'.
09:48:44 INFO  : 'configparams mdm-detect-bscan-mask 2' command is executed.
09:48:44 INFO  : Context for processor 'microblaze_0' is selected.
09:48:44 INFO  : System reset is completed.
09:48:47 INFO  : 'after 3000' command is executed.
09:48:47 INFO  : Context for processor 'microblaze_0' is selected.
09:48:47 INFO  : The application 'C:/Users/kakkar3/Desktop/Final_Project/sdk/final_proj/Debug/final_proj.elf' is downloaded to processor 'microblaze_0'.
09:48:47 INFO  : ----------------XSDB Script----------------
connect -url tcp:127.0.0.1:3121
targets -set -filter {jtag_cable_name =~ "RealDigital Boo 887100000010A" && level==0 && jtag_device_ctx=="jsn1-0362f093-0"}
fpga -file C:/Users/kakkar3/Desktop/Final_Project/sdk/final_proj/_ide/bitstream/mb_usb_hdmi_top.bit
targets -set -nocase -filter {name =~ "*microblaze*#0" && bscan=="USER2" }
loadhw -hw C:/Users/kakkar3/Desktop/Final_Project/sdk/mb_usb_hdmi_top/export/mb_usb_hdmi_top/hw/mb_usb_hdmi_top.xsa -regs
configparams mdm-detect-bscan-mask 2
targets -set -nocase -filter {name =~ "*microblaze*#0" && bscan=="USER2" }
rst -system
after 3000
targets -set -nocase -filter {name =~ "*microblaze*#0" && bscan=="USER2" }
dow C:/Users/kakkar3/Desktop/Final_Project/sdk/final_proj/Debug/final_proj.elf
----------------End of Script----------------

09:48:47 INFO  : Context for processor 'microblaze_0' is selected.
09:48:47 INFO  : 'con' command is executed.
09:48:47 INFO  : ----------------XSDB Script (After Launch)----------------
targets -set -nocase -filter {name =~ "*microblaze*#0" && bscan=="USER2" }
con
----------------End of Script----------------

09:48:47 INFO  : Launch script is exported to file 'C:\Users\kakkar3\Desktop\Final_Project\sdk\final_proj_system\_ide\scripts\debugger_final_proj-default.tcl'
09:51:49 INFO  : Disconnected from the channel tcfchan#1.
09:55:40 DEBUG : Logs will be stored at 'C:/Users/kakkar3/Desktop/Final_Project/sdk/IDE.log'.
09:55:41 INFO  : Launching XSCT server: xsct.bat -n  -interactive C:\Users\kakkar3\Desktop\Final_Project\sdk\temp_xsdb_launch_script.tcl
09:55:44 INFO  : XSCT server has started successfully.
09:55:44 INFO  : plnx-install-location is set to ''
09:55:44 INFO  : Successfully done setting XSCT server connection channel  
09:55:44 INFO  : Successfully done setting workspace for the tool. 
09:55:44 INFO  : Registering command handlers for Vitis TCF services
09:55:44 INFO  : Successfully done query RDI_DATADIR 
09:55:45 INFO  : Platform repository initialization has completed.
09:59:53 INFO  : Result from executing command 'getProjects': mb_usb_hdmi_top
09:59:53 INFO  : Result from executing command 'getPlatforms': mb_usb_hdmi_top|C:/Users/kakkar3/Desktop/Final_Project/sdk/mb_usb_hdmi_top/export/mb_usb_hdmi_top/mb_usb_hdmi_top.xpfm;xilinx_vck190_base_202220_1|C:/Xilinx/Vitis/2022.2/base_platforms/xilinx_vck190_base_202220_1/xilinx_vck190_base_202220_1.xpfm;xilinx_vck190_base_dfx_202220_1|C:/Xilinx/Vitis/2022.2/base_platforms/xilinx_vck190_base_dfx_202220_1/xilinx_vck190_base_dfx_202220_1.xpfm;xilinx_vmk180_base_202220_1|C:/Xilinx/Vitis/2022.2/base_platforms/xilinx_vmk180_base_202220_1/xilinx_vmk180_base_202220_1.xpfm;xilinx_zcu102_base_202220_1|C:/Xilinx/Vitis/2022.2/base_platforms/xilinx_zcu102_base_202220_1/xilinx_zcu102_base_202220_1.xpfm;xilinx_zcu102_base_dfx_202220_1|C:/Xilinx/Vitis/2022.2/base_platforms/xilinx_zcu102_base_dfx_202220_1/xilinx_zcu102_base_dfx_202220_1.xpfm;xilinx_zcu104_base_202220_1|C:/Xilinx/Vitis/2022.2/base_platforms/xilinx_zcu104_base_202220_1/xilinx_zcu104_base_202220_1.xpfm
09:59:54 INFO  : Checking for BSP changes to sync application flags for project 'final_proj'...
10:00:12 INFO  : Connected to target on host '127.0.0.1' and port '3121'.
10:00:13 INFO  : Jtag cable 'RealDigital Boo 887100000010A' is selected.
10:00:13 INFO  : 'jtag frequency' command is executed.
10:00:13 INFO  : 'targets -set -filter {jtag_cable_name =~ "RealDigital Boo 887100000010A" && level==0 && jtag_device_ctx=="jsn1-0362f093-0"}' command is executed.
10:00:14 INFO  : Device configured successfully with "C:/Users/kakkar3/Desktop/Final_Project/sdk/final_proj/_ide/bitstream/mb_usb_hdmi_top.bit"
10:00:14 INFO  : Context for processor 'microblaze_0' is selected.
10:00:14 INFO  : Hardware design and registers information is loaded from 'C:/Users/kakkar3/Desktop/Final_Project/sdk/mb_usb_hdmi_top/export/mb_usb_hdmi_top/hw/mb_usb_hdmi_top.xsa'.
10:00:14 INFO  : 'configparams mdm-detect-bscan-mask 2' command is executed.
10:00:14 INFO  : Context for processor 'microblaze_0' is selected.
10:00:14 INFO  : System reset is completed.
10:00:17 INFO  : 'after 3000' command is executed.
10:00:17 INFO  : Context for processor 'microblaze_0' is selected.
10:00:18 INFO  : The application 'C:/Users/kakkar3/Desktop/Final_Project/sdk/final_proj/Debug/final_proj.elf' is downloaded to processor 'microblaze_0'.
10:00:18 INFO  : ----------------XSDB Script----------------
connect -url tcp:127.0.0.1:3121
targets -set -filter {jtag_cable_name =~ "RealDigital Boo 887100000010A" && level==0 && jtag_device_ctx=="jsn1-0362f093-0"}
fpga -file C:/Users/kakkar3/Desktop/Final_Project/sdk/final_proj/_ide/bitstream/mb_usb_hdmi_top.bit
targets -set -nocase -filter {name =~ "*microblaze*#0" && bscan=="USER2" }
loadhw -hw C:/Users/kakkar3/Desktop/Final_Project/sdk/mb_usb_hdmi_top/export/mb_usb_hdmi_top/hw/mb_usb_hdmi_top.xsa -regs
configparams mdm-detect-bscan-mask 2
targets -set -nocase -filter {name =~ "*microblaze*#0" && bscan=="USER2" }
rst -system
after 3000
targets -set -nocase -filter {name =~ "*microblaze*#0" && bscan=="USER2" }
dow C:/Users/kakkar3/Desktop/Final_Project/sdk/final_proj/Debug/final_proj.elf
----------------End of Script----------------

10:00:18 INFO  : Context for processor 'microblaze_0' is selected.
10:00:18 INFO  : 'con' command is executed.
10:00:18 INFO  : ----------------XSDB Script (After Launch)----------------
targets -set -nocase -filter {name =~ "*microblaze*#0" && bscan=="USER2" }
con
----------------End of Script----------------

10:00:18 INFO  : Launch script is exported to file 'C:\Users\kakkar3\Desktop\Final_Project\sdk\final_proj_system\_ide\scripts\debugger_final_proj-default.tcl'
10:15:50 INFO  : Checking for BSP changes to sync application flags for project 'final_proj'...
11:23:12 INFO  : Hardware specification for platform project 'mb_usb_hdmi_top' is updated.
11:23:36 INFO  : Result from executing command 'getProjects': mb_usb_hdmi_top
11:23:36 INFO  : Result from executing command 'getPlatforms': mb_usb_hdmi_top|C:/Users/kakkar3/Desktop/Final_Project/sdk/mb_usb_hdmi_top/export/mb_usb_hdmi_top/mb_usb_hdmi_top.xpfm;xilinx_vck190_base_202220_1|C:/Xilinx/Vitis/2022.2/base_platforms/xilinx_vck190_base_202220_1/xilinx_vck190_base_202220_1.xpfm;xilinx_vck190_base_dfx_202220_1|C:/Xilinx/Vitis/2022.2/base_platforms/xilinx_vck190_base_dfx_202220_1/xilinx_vck190_base_dfx_202220_1.xpfm;xilinx_vmk180_base_202220_1|C:/Xilinx/Vitis/2022.2/base_platforms/xilinx_vmk180_base_202220_1/xilinx_vmk180_base_202220_1.xpfm;xilinx_zcu102_base_202220_1|C:/Xilinx/Vitis/2022.2/base_platforms/xilinx_zcu102_base_202220_1/xilinx_zcu102_base_202220_1.xpfm;xilinx_zcu102_base_dfx_202220_1|C:/Xilinx/Vitis/2022.2/base_platforms/xilinx_zcu102_base_dfx_202220_1/xilinx_zcu102_base_dfx_202220_1.xpfm;xilinx_zcu104_base_202220_1|C:/Xilinx/Vitis/2022.2/base_platforms/xilinx_zcu104_base_202220_1/xilinx_zcu104_base_202220_1.xpfm
11:23:37 INFO  : Checking for BSP changes to sync application flags for project 'final_proj'...
11:23:40 INFO  : The hardware specification used by project 'final_proj' is out of sync with the platform. Resource files extracted from the hardware specification will be updated.
11:23:40 INFO  : The file 'C:\Users\kakkar3\Desktop\Final_Project\sdk\final_proj\_ide\bitstream\mb_usb_hdmi_top.bit' stored in project is removed.
11:23:40 INFO  : The file 'C:\Users\kakkar3\Desktop\Final_Project\sdk\final_proj\_ide\bitstream\mb_usb_hdmi_top.mmi' stored in project is removed.
11:23:40 INFO  : The updated bitstream files are copied from platform to folder 'C:\Users\kakkar3\Desktop\Final_Project\sdk\final_proj\_ide\bitstream' in project 'final_proj'.
11:23:48 INFO  : Disconnected from the channel tcfchan#2.
11:23:49 INFO  : Connected to target on host '127.0.0.1' and port '3121'.
11:23:58 INFO  : ----------------XSDB Script----------------
connect -url tcp:127.0.0.1:3121
----------------End of Script----------------

11:23:58 ERROR : Could not find FPGA device on the board for connection 'Local'.


Troubleshooting hints:
1. Check whether board is connected to system properly.
2. In case of zynq board, check whether Digilent/Xilinx cable switch settings are correct.
3. If you are using Xilinx Platform Cable USB, ensure that status LED is green.
11:24:01 INFO  : Connected to target on host '127.0.0.1' and port '3121'.
11:24:01 INFO  : Jtag cable 'RealDigital Boo 887100000010A' is selected.
11:24:01 INFO  : 'jtag frequency' command is executed.
11:24:01 INFO  : 'targets -set -filter {jtag_cable_name =~ "RealDigital Boo 887100000010A" && level==0 && jtag_device_ctx=="jsn1-0362f093-0"}' command is executed.
11:24:03 INFO  : Device configured successfully with "C:/Users/kakkar3/Desktop/Final_Project/sdk/final_proj/_ide/bitstream/mb_usb_hdmi_top.bit"
11:24:03 INFO  : Context for processor 'microblaze_0' is selected.
11:24:03 INFO  : Hardware design and registers information is loaded from 'C:/Users/kakkar3/Desktop/Final_Project/sdk/mb_usb_hdmi_top/export/mb_usb_hdmi_top/hw/mb_usb_hdmi_top.xsa'.
11:24:03 INFO  : 'configparams mdm-detect-bscan-mask 2' command is executed.
11:24:03 INFO  : Context for processor 'microblaze_0' is selected.
11:24:03 INFO  : System reset is completed.
11:24:06 INFO  : 'after 3000' command is executed.
11:24:06 INFO  : Context for processor 'microblaze_0' is selected.
11:24:06 INFO  : The application 'C:/Users/kakkar3/Desktop/Final_Project/sdk/final_proj/Debug/final_proj.elf' is downloaded to processor 'microblaze_0'.
11:24:06 INFO  : ----------------XSDB Script----------------
connect -url tcp:127.0.0.1:3121
targets -set -filter {jtag_cable_name =~ "RealDigital Boo 887100000010A" && level==0 && jtag_device_ctx=="jsn1-0362f093-0"}
fpga -file C:/Users/kakkar3/Desktop/Final_Project/sdk/final_proj/_ide/bitstream/mb_usb_hdmi_top.bit
targets -set -nocase -filter {name =~ "*microblaze*#0" && bscan=="USER2" }
loadhw -hw C:/Users/kakkar3/Desktop/Final_Project/sdk/mb_usb_hdmi_top/export/mb_usb_hdmi_top/hw/mb_usb_hdmi_top.xsa -regs
configparams mdm-detect-bscan-mask 2
targets -set -nocase -filter {name =~ "*microblaze*#0" && bscan=="USER2" }
rst -system
after 3000
targets -set -nocase -filter {name =~ "*microblaze*#0" && bscan=="USER2" }
dow C:/Users/kakkar3/Desktop/Final_Project/sdk/final_proj/Debug/final_proj.elf
----------------End of Script----------------

11:24:06 INFO  : Context for processor 'microblaze_0' is selected.
11:24:06 INFO  : 'con' command is executed.
11:24:06 INFO  : ----------------XSDB Script (After Launch)----------------
targets -set -nocase -filter {name =~ "*microblaze*#0" && bscan=="USER2" }
con
----------------End of Script----------------

11:24:06 INFO  : Launch script is exported to file 'C:\Users\kakkar3\Desktop\Final_Project\sdk\final_proj_system\_ide\scripts\debugger_final_proj-default.tcl'
11:56:14 INFO  : Hardware specification for platform project 'mb_usb_hdmi_top' is updated.
11:56:52 INFO  : Result from executing command 'getProjects': mb_usb_hdmi_top
11:56:52 INFO  : Result from executing command 'getPlatforms': mb_usb_hdmi_top|C:/Users/kakkar3/Desktop/Final_Project/sdk/mb_usb_hdmi_top/export/mb_usb_hdmi_top/mb_usb_hdmi_top.xpfm;xilinx_vck190_base_202220_1|C:/Xilinx/Vitis/2022.2/base_platforms/xilinx_vck190_base_202220_1/xilinx_vck190_base_202220_1.xpfm;xilinx_vck190_base_dfx_202220_1|C:/Xilinx/Vitis/2022.2/base_platforms/xilinx_vck190_base_dfx_202220_1/xilinx_vck190_base_dfx_202220_1.xpfm;xilinx_vmk180_base_202220_1|C:/Xilinx/Vitis/2022.2/base_platforms/xilinx_vmk180_base_202220_1/xilinx_vmk180_base_202220_1.xpfm;xilinx_zcu102_base_202220_1|C:/Xilinx/Vitis/2022.2/base_platforms/xilinx_zcu102_base_202220_1/xilinx_zcu102_base_202220_1.xpfm;xilinx_zcu102_base_dfx_202220_1|C:/Xilinx/Vitis/2022.2/base_platforms/xilinx_zcu102_base_dfx_202220_1/xilinx_zcu102_base_dfx_202220_1.xpfm;xilinx_zcu104_base_202220_1|C:/Xilinx/Vitis/2022.2/base_platforms/xilinx_zcu104_base_202220_1/xilinx_zcu104_base_202220_1.xpfm
11:56:53 INFO  : Checking for BSP changes to sync application flags for project 'final_proj'...
11:56:57 INFO  : The hardware specification used by project 'final_proj' is out of sync with the platform. Resource files extracted from the hardware specification will be updated.
11:56:57 INFO  : The file 'C:\Users\kakkar3\Desktop\Final_Project\sdk\final_proj\_ide\bitstream\mb_usb_hdmi_top.bit' stored in project is removed.
11:56:57 INFO  : The file 'C:\Users\kakkar3\Desktop\Final_Project\sdk\final_proj\_ide\bitstream\mb_usb_hdmi_top.mmi' stored in project is removed.
11:56:57 INFO  : The updated bitstream files are copied from platform to folder 'C:\Users\kakkar3\Desktop\Final_Project\sdk\final_proj\_ide\bitstream' in project 'final_proj'.
11:57:01 INFO  : Disconnected from the channel tcfchan#4.
11:57:02 INFO  : Connected to target on host '127.0.0.1' and port '3121'.
11:57:03 INFO  : Jtag cable 'RealDigital Boo 887100000010A' is selected.
11:57:03 INFO  : 'jtag frequency' command is executed.
11:57:06 ERROR : no targets found with "jtag_cable_name =~ "RealDigital Boo 887100000010A" && level==0 && jtag_device_ctx=="jsn1-0362f093-0"". available targets:
  1  xc7s50
     2  MicroBlaze Debug Module at USER2
        3  MicroBlaze #0 (Running)
11:57:06 ERROR : Exception occured while running Program Device.
java.lang.RuntimeException: no targets found with "jtag_cable_name =~ "RealDigital Boo 887100000010A" && level==0 && jtag_device_ctx=="jsn1-0362f093-0"". available targets:
  1  xc7s50
     2  MicroBlaze Debug Module at USER2
        3  MicroBlaze #0 (Running)
11:57:06 INFO  : ----------------XSDB Script----------------
connect -url tcp:127.0.0.1:3121
----------------End of Script----------------

11:57:06 ERROR : no targets found with "jtag_cable_name =~ "RealDigital Boo 887100000010A" && level==0 && jtag_device_ctx=="jsn1-0362f093-0"". available targets:
  1  xc7s50
     2  MicroBlaze Debug Module at USER2
        3  MicroBlaze #0 (Running)
11:57:33 DEBUG : Logs will be stored at 'C:/Users/kakkar3/Desktop/Final_Project/sdk/IDE.log'.
11:57:34 INFO  : Launching XSCT server: xsct.bat -n  -interactive C:\Users\kakkar3\Desktop\Final_Project\sdk\temp_xsdb_launch_script.tcl
11:57:37 INFO  : XSCT server has started successfully.
11:57:37 INFO  : Successfully done setting XSCT server connection channel  
11:57:37 INFO  : plnx-install-location is set to ''
11:57:37 INFO  : Successfully done setting workspace for the tool. 
11:57:37 INFO  : Registering command handlers for Vitis TCF services
11:57:37 INFO  : Successfully done query RDI_DATADIR 
11:57:38 INFO  : Platform repository initialization has completed.
11:57:43 INFO  : Connected to target on host '127.0.0.1' and port '3121'.
11:57:44 INFO  : Jtag cable 'RealDigital Boo 887100000010A' is selected.
11:57:44 INFO  : 'jtag frequency' command is executed.
11:57:44 INFO  : 'targets -set -filter {jtag_cable_name =~ "RealDigital Boo 887100000010A" && level==0 && jtag_device_ctx=="jsn1-0362f093-0"}' command is executed.
11:57:45 INFO  : Device configured successfully with "C:/Users/kakkar3/Desktop/Final_Project/sdk/final_proj/_ide/bitstream/mb_usb_hdmi_top.bit"
11:57:45 INFO  : Context for processor 'microblaze_0' is selected.
11:57:45 INFO  : Hardware design and registers information is loaded from 'C:/Users/kakkar3/Desktop/Final_Project/sdk/mb_usb_hdmi_top/export/mb_usb_hdmi_top/hw/mb_usb_hdmi_top.xsa'.
11:57:45 INFO  : 'configparams mdm-detect-bscan-mask 2' command is executed.
11:57:45 INFO  : Context for processor 'microblaze_0' is selected.
11:57:45 INFO  : System reset is completed.
11:57:48 INFO  : 'after 3000' command is executed.
11:57:48 INFO  : Context for processor 'microblaze_0' is selected.
11:57:49 INFO  : The application 'C:/Users/kakkar3/Desktop/Final_Project/sdk/final_proj/Debug/final_proj.elf' is downloaded to processor 'microblaze_0'.
11:57:49 INFO  : ----------------XSDB Script----------------
connect -url tcp:127.0.0.1:3121
targets -set -filter {jtag_cable_name =~ "RealDigital Boo 887100000010A" && level==0 && jtag_device_ctx=="jsn1-0362f093-0"}
fpga -file C:/Users/kakkar3/Desktop/Final_Project/sdk/final_proj/_ide/bitstream/mb_usb_hdmi_top.bit
targets -set -nocase -filter {name =~ "*microblaze*#0" && bscan=="USER2" }
loadhw -hw C:/Users/kakkar3/Desktop/Final_Project/sdk/mb_usb_hdmi_top/export/mb_usb_hdmi_top/hw/mb_usb_hdmi_top.xsa -regs
configparams mdm-detect-bscan-mask 2
targets -set -nocase -filter {name =~ "*microblaze*#0" && bscan=="USER2" }
rst -system
after 3000
targets -set -nocase -filter {name =~ "*microblaze*#0" && bscan=="USER2" }
dow C:/Users/kakkar3/Desktop/Final_Project/sdk/final_proj/Debug/final_proj.elf
----------------End of Script----------------

11:57:49 INFO  : Context for processor 'microblaze_0' is selected.
11:57:49 INFO  : 'con' command is executed.
11:57:49 INFO  : ----------------XSDB Script (After Launch)----------------
targets -set -nocase -filter {name =~ "*microblaze*#0" && bscan=="USER2" }
con
----------------End of Script----------------

11:57:49 INFO  : Launch script is exported to file 'C:\Users\kakkar3\Desktop\Final_Project\sdk\final_proj_system\_ide\scripts\debugger_final_proj-default.tcl'
12:00:27 INFO  : Checking for BSP changes to sync application flags for project 'final_proj'...
12:00:32 INFO  : Disconnected from the channel tcfchan#1.
12:00:33 INFO  : Connected to target on host '127.0.0.1' and port '3121'.
12:00:33 INFO  : Jtag cable 'RealDigital Boo 887100000010A' is selected.
12:00:33 INFO  : 'jtag frequency' command is executed.
12:00:33 INFO  : 'targets -set -filter {jtag_cable_name =~ "RealDigital Boo 887100000010A" && level==0 && jtag_device_ctx=="jsn1-0362f093-0"}' command is executed.
12:00:34 INFO  : Device configured successfully with "C:/Users/kakkar3/Desktop/Final_Project/sdk/final_proj/_ide/bitstream/mb_usb_hdmi_top.bit"
12:00:34 INFO  : Context for processor 'microblaze_0' is selected.
12:00:35 INFO  : Hardware design and registers information is loaded from 'C:/Users/kakkar3/Desktop/Final_Project/sdk/mb_usb_hdmi_top/export/mb_usb_hdmi_top/hw/mb_usb_hdmi_top.xsa'.
12:00:35 INFO  : 'configparams mdm-detect-bscan-mask 2' command is executed.
12:00:35 INFO  : Context for processor 'microblaze_0' is selected.
12:00:35 INFO  : System reset is completed.
12:00:38 INFO  : 'after 3000' command is executed.
12:00:38 INFO  : Context for processor 'microblaze_0' is selected.
12:00:38 INFO  : The application 'C:/Users/kakkar3/Desktop/Final_Project/sdk/final_proj/Debug/final_proj.elf' is downloaded to processor 'microblaze_0'.
12:00:38 INFO  : ----------------XSDB Script----------------
connect -url tcp:127.0.0.1:3121
targets -set -filter {jtag_cable_name =~ "RealDigital Boo 887100000010A" && level==0 && jtag_device_ctx=="jsn1-0362f093-0"}
fpga -file C:/Users/kakkar3/Desktop/Final_Project/sdk/final_proj/_ide/bitstream/mb_usb_hdmi_top.bit
targets -set -nocase -filter {name =~ "*microblaze*#0" && bscan=="USER2" }
loadhw -hw C:/Users/kakkar3/Desktop/Final_Project/sdk/mb_usb_hdmi_top/export/mb_usb_hdmi_top/hw/mb_usb_hdmi_top.xsa -regs
configparams mdm-detect-bscan-mask 2
targets -set -nocase -filter {name =~ "*microblaze*#0" && bscan=="USER2" }
rst -system
after 3000
targets -set -nocase -filter {name =~ "*microblaze*#0" && bscan=="USER2" }
dow C:/Users/kakkar3/Desktop/Final_Project/sdk/final_proj/Debug/final_proj.elf
----------------End of Script----------------

12:00:38 INFO  : Context for processor 'microblaze_0' is selected.
12:00:38 INFO  : 'con' command is executed.
12:00:38 INFO  : ----------------XSDB Script (After Launch)----------------
targets -set -nocase -filter {name =~ "*microblaze*#0" && bscan=="USER2" }
con
----------------End of Script----------------

12:00:38 INFO  : Launch script is exported to file 'C:\Users\kakkar3\Desktop\Final_Project\sdk\final_proj_system\_ide\scripts\debugger_final_proj-default.tcl'
12:28:32 INFO  : Hardware specification for platform project 'mb_usb_hdmi_top' is updated.
12:29:01 INFO  : Result from executing command 'getProjects': mb_usb_hdmi_top
12:29:01 INFO  : Result from executing command 'getPlatforms': mb_usb_hdmi_top|C:/Users/kakkar3/Desktop/Final_Project/sdk/mb_usb_hdmi_top/export/mb_usb_hdmi_top/mb_usb_hdmi_top.xpfm;xilinx_vck190_base_202220_1|C:/Xilinx/Vitis/2022.2/base_platforms/xilinx_vck190_base_202220_1/xilinx_vck190_base_202220_1.xpfm;xilinx_vck190_base_dfx_202220_1|C:/Xilinx/Vitis/2022.2/base_platforms/xilinx_vck190_base_dfx_202220_1/xilinx_vck190_base_dfx_202220_1.xpfm;xilinx_vmk180_base_202220_1|C:/Xilinx/Vitis/2022.2/base_platforms/xilinx_vmk180_base_202220_1/xilinx_vmk180_base_202220_1.xpfm;xilinx_zcu102_base_202220_1|C:/Xilinx/Vitis/2022.2/base_platforms/xilinx_zcu102_base_202220_1/xilinx_zcu102_base_202220_1.xpfm;xilinx_zcu102_base_dfx_202220_1|C:/Xilinx/Vitis/2022.2/base_platforms/xilinx_zcu102_base_dfx_202220_1/xilinx_zcu102_base_dfx_202220_1.xpfm;xilinx_zcu104_base_202220_1|C:/Xilinx/Vitis/2022.2/base_platforms/xilinx_zcu104_base_202220_1/xilinx_zcu104_base_202220_1.xpfm
12:29:02 INFO  : Checking for BSP changes to sync application flags for project 'final_proj'...
12:29:06 INFO  : The hardware specification used by project 'final_proj' is out of sync with the platform. Resource files extracted from the hardware specification will be updated.
12:29:06 INFO  : The file 'C:\Users\kakkar3\Desktop\Final_Project\sdk\final_proj\_ide\bitstream\mb_usb_hdmi_top.bit' stored in project is removed.
12:29:06 INFO  : The file 'C:\Users\kakkar3\Desktop\Final_Project\sdk\final_proj\_ide\bitstream\mb_usb_hdmi_top.mmi' stored in project is removed.
12:29:06 INFO  : The updated bitstream files are copied from platform to folder 'C:\Users\kakkar3\Desktop\Final_Project\sdk\final_proj\_ide\bitstream' in project 'final_proj'.
12:29:11 INFO  : Disconnected from the channel tcfchan#2.
12:29:12 INFO  : Connected to target on host '127.0.0.1' and port '3121'.
12:29:12 INFO  : Jtag cable 'RealDigital Boo 887100000010A' is selected.
12:29:12 INFO  : 'jtag frequency' command is executed.
12:29:15 ERROR : no targets found with "jtag_cable_name =~ "RealDigital Boo 887100000010A" && level==0 && jtag_device_ctx=="jsn1-0362f093-0"". available targets:
  1  xc7s50
     2  MicroBlaze Debug Module at USER2
        3  MicroBlaze #0 (Running)
12:29:15 ERROR : Exception occured while running Program Device.
java.lang.RuntimeException: no targets found with "jtag_cable_name =~ "RealDigital Boo 887100000010A" && level==0 && jtag_device_ctx=="jsn1-0362f093-0"". available targets:
  1  xc7s50
     2  MicroBlaze Debug Module at USER2
        3  MicroBlaze #0 (Running)
12:29:15 INFO  : ----------------XSDB Script----------------
connect -url tcp:127.0.0.1:3121
----------------End of Script----------------

12:29:15 ERROR : no targets found with "jtag_cable_name =~ "RealDigital Boo 887100000010A" && level==0 && jtag_device_ctx=="jsn1-0362f093-0"". available targets:
  1  xc7s50
     2  MicroBlaze Debug Module at USER2
        3  MicroBlaze #0 (Running)
12:29:38 DEBUG : Logs will be stored at 'C:/Users/kakkar3/Desktop/Final_Project/sdk/IDE.log'.
12:29:38 INFO  : Launching XSCT server: xsct.bat -n  -interactive C:\Users\kakkar3\Desktop\Final_Project\sdk\temp_xsdb_launch_script.tcl
12:29:41 INFO  : XSCT server has started successfully.
12:29:41 INFO  : plnx-install-location is set to ''
12:29:41 INFO  : Successfully done setting XSCT server connection channel  
12:29:41 INFO  : Successfully done setting workspace for the tool. 
12:29:42 INFO  : Registering command handlers for Vitis TCF services
12:29:42 INFO  : Successfully done query RDI_DATADIR 
12:29:42 INFO  : Platform repository initialization has completed.
12:29:51 INFO  : Connected to target on host '127.0.0.1' and port '3121'.
12:29:52 INFO  : Jtag cable 'RealDigital Boo 887100000010A' is selected.
12:29:52 INFO  : 'jtag frequency' command is executed.
12:29:52 INFO  : 'targets -set -filter {jtag_cable_name =~ "RealDigital Boo 887100000010A" && level==0 && jtag_device_ctx=="jsn1-0362f093-0"}' command is executed.
12:29:53 INFO  : Device configured successfully with "C:/Users/kakkar3/Desktop/Final_Project/sdk/final_proj/_ide/bitstream/mb_usb_hdmi_top.bit"
12:29:53 INFO  : Context for processor 'microblaze_0' is selected.
12:29:53 INFO  : Hardware design and registers information is loaded from 'C:/Users/kakkar3/Desktop/Final_Project/sdk/mb_usb_hdmi_top/export/mb_usb_hdmi_top/hw/mb_usb_hdmi_top.xsa'.
12:29:53 INFO  : 'configparams mdm-detect-bscan-mask 2' command is executed.
12:29:53 INFO  : Context for processor 'microblaze_0' is selected.
12:29:53 INFO  : System reset is completed.
12:29:56 INFO  : 'after 3000' command is executed.
12:29:56 INFO  : Context for processor 'microblaze_0' is selected.
12:29:56 INFO  : The application 'C:/Users/kakkar3/Desktop/Final_Project/sdk/final_proj/Debug/final_proj.elf' is downloaded to processor 'microblaze_0'.
12:29:56 INFO  : ----------------XSDB Script----------------
connect -url tcp:127.0.0.1:3121
targets -set -filter {jtag_cable_name =~ "RealDigital Boo 887100000010A" && level==0 && jtag_device_ctx=="jsn1-0362f093-0"}
fpga -file C:/Users/kakkar3/Desktop/Final_Project/sdk/final_proj/_ide/bitstream/mb_usb_hdmi_top.bit
targets -set -nocase -filter {name =~ "*microblaze*#0" && bscan=="USER2" }
loadhw -hw C:/Users/kakkar3/Desktop/Final_Project/sdk/mb_usb_hdmi_top/export/mb_usb_hdmi_top/hw/mb_usb_hdmi_top.xsa -regs
configparams mdm-detect-bscan-mask 2
targets -set -nocase -filter {name =~ "*microblaze*#0" && bscan=="USER2" }
rst -system
after 3000
targets -set -nocase -filter {name =~ "*microblaze*#0" && bscan=="USER2" }
dow C:/Users/kakkar3/Desktop/Final_Project/sdk/final_proj/Debug/final_proj.elf
----------------End of Script----------------

12:29:57 INFO  : Context for processor 'microblaze_0' is selected.
12:29:57 INFO  : 'con' command is executed.
12:29:57 INFO  : ----------------XSDB Script (After Launch)----------------
targets -set -nocase -filter {name =~ "*microblaze*#0" && bscan=="USER2" }
con
----------------End of Script----------------

12:29:57 INFO  : Launch script is exported to file 'C:\Users\kakkar3\Desktop\Final_Project\sdk\final_proj_system\_ide\scripts\debugger_final_proj-default.tcl'
12:30:05 INFO  : Disconnected from the channel tcfchan#1.
12:30:06 INFO  : Connected to target on host '127.0.0.1' and port '3121'.
12:30:15 INFO  : ----------------XSDB Script----------------
connect -url tcp:127.0.0.1:3121
----------------End of Script----------------

12:30:15 ERROR : Could not find FPGA device on the board for connection 'Local'.


Troubleshooting hints:
1. Check whether board is connected to system properly.
2. In case of zynq board, check whether Digilent/Xilinx cable switch settings are correct.
3. If you are using Xilinx Platform Cable USB, ensure that status LED is green.
12:30:19 INFO  : Connected to target on host '127.0.0.1' and port '3121'.
12:30:20 INFO  : Jtag cable 'RealDigital Boo 887100000010A' is selected.
12:30:20 INFO  : 'jtag frequency' command is executed.
12:30:20 INFO  : 'targets -set -filter {jtag_cable_name =~ "RealDigital Boo 887100000010A" && level==0 && jtag_device_ctx=="jsn1-0362f093-0"}' command is executed.
12:30:21 INFO  : Device configured successfully with "C:/Users/kakkar3/Desktop/Final_Project/sdk/final_proj/_ide/bitstream/mb_usb_hdmi_top.bit"
12:30:21 INFO  : Context for processor 'microblaze_0' is selected.
12:30:21 INFO  : Hardware design and registers information is loaded from 'C:/Users/kakkar3/Desktop/Final_Project/sdk/mb_usb_hdmi_top/export/mb_usb_hdmi_top/hw/mb_usb_hdmi_top.xsa'.
12:30:21 INFO  : 'configparams mdm-detect-bscan-mask 2' command is executed.
12:30:21 INFO  : Context for processor 'microblaze_0' is selected.
12:30:21 INFO  : System reset is completed.
12:30:24 INFO  : 'after 3000' command is executed.
12:30:24 INFO  : Context for processor 'microblaze_0' is selected.
12:30:24 INFO  : The application 'C:/Users/kakkar3/Desktop/Final_Project/sdk/final_proj/Debug/final_proj.elf' is downloaded to processor 'microblaze_0'.
12:30:24 INFO  : ----------------XSDB Script----------------
connect -url tcp:127.0.0.1:3121
targets -set -filter {jtag_cable_name =~ "RealDigital Boo 887100000010A" && level==0 && jtag_device_ctx=="jsn1-0362f093-0"}
fpga -file C:/Users/kakkar3/Desktop/Final_Project/sdk/final_proj/_ide/bitstream/mb_usb_hdmi_top.bit
targets -set -nocase -filter {name =~ "*microblaze*#0" && bscan=="USER2" }
loadhw -hw C:/Users/kakkar3/Desktop/Final_Project/sdk/mb_usb_hdmi_top/export/mb_usb_hdmi_top/hw/mb_usb_hdmi_top.xsa -regs
configparams mdm-detect-bscan-mask 2
targets -set -nocase -filter {name =~ "*microblaze*#0" && bscan=="USER2" }
rst -system
after 3000
targets -set -nocase -filter {name =~ "*microblaze*#0" && bscan=="USER2" }
dow C:/Users/kakkar3/Desktop/Final_Project/sdk/final_proj/Debug/final_proj.elf
----------------End of Script----------------

12:30:25 INFO  : Context for processor 'microblaze_0' is selected.
12:30:25 INFO  : 'con' command is executed.
12:30:25 INFO  : ----------------XSDB Script (After Launch)----------------
targets -set -nocase -filter {name =~ "*microblaze*#0" && bscan=="USER2" }
con
----------------End of Script----------------

12:30:25 INFO  : Launch script is exported to file 'C:\Users\kakkar3\Desktop\Final_Project\sdk\final_proj_system\_ide\scripts\debugger_final_proj-default.tcl'
12:31:46 INFO  : Checking for BSP changes to sync application flags for project 'final_proj'...
12:31:53 INFO  : Disconnected from the channel tcfchan#2.
12:31:54 INFO  : Connected to target on host '127.0.0.1' and port '3121'.
12:31:55 INFO  : Jtag cable 'RealDigital Boo 887100000010A' is selected.
12:31:55 INFO  : 'jtag frequency' command is executed.
12:31:55 INFO  : 'targets -set -filter {jtag_cable_name =~ "RealDigital Boo 887100000010A" && level==0 && jtag_device_ctx=="jsn1-0362f093-0"}' command is executed.
12:31:56 INFO  : Device configured successfully with "C:/Users/kakkar3/Desktop/Final_Project/sdk/final_proj/_ide/bitstream/mb_usb_hdmi_top.bit"
12:31:56 INFO  : Context for processor 'microblaze_0' is selected.
12:31:56 INFO  : Hardware design and registers information is loaded from 'C:/Users/kakkar3/Desktop/Final_Project/sdk/mb_usb_hdmi_top/export/mb_usb_hdmi_top/hw/mb_usb_hdmi_top.xsa'.
12:31:56 INFO  : 'configparams mdm-detect-bscan-mask 2' command is executed.
12:31:56 INFO  : Context for processor 'microblaze_0' is selected.
12:31:56 INFO  : System reset is completed.
12:31:59 INFO  : 'after 3000' command is executed.
12:31:59 INFO  : Context for processor 'microblaze_0' is selected.
12:32:00 INFO  : The application 'C:/Users/kakkar3/Desktop/Final_Project/sdk/final_proj/Debug/final_proj.elf' is downloaded to processor 'microblaze_0'.
12:32:00 INFO  : ----------------XSDB Script----------------
connect -url tcp:127.0.0.1:3121
targets -set -filter {jtag_cable_name =~ "RealDigital Boo 887100000010A" && level==0 && jtag_device_ctx=="jsn1-0362f093-0"}
fpga -file C:/Users/kakkar3/Desktop/Final_Project/sdk/final_proj/_ide/bitstream/mb_usb_hdmi_top.bit
targets -set -nocase -filter {name =~ "*microblaze*#0" && bscan=="USER2" }
loadhw -hw C:/Users/kakkar3/Desktop/Final_Project/sdk/mb_usb_hdmi_top/export/mb_usb_hdmi_top/hw/mb_usb_hdmi_top.xsa -regs
configparams mdm-detect-bscan-mask 2
targets -set -nocase -filter {name =~ "*microblaze*#0" && bscan=="USER2" }
rst -system
after 3000
targets -set -nocase -filter {name =~ "*microblaze*#0" && bscan=="USER2" }
dow C:/Users/kakkar3/Desktop/Final_Project/sdk/final_proj/Debug/final_proj.elf
----------------End of Script----------------

12:32:00 INFO  : Context for processor 'microblaze_0' is selected.
12:32:00 INFO  : 'con' command is executed.
12:32:00 INFO  : ----------------XSDB Script (After Launch)----------------
targets -set -nocase -filter {name =~ "*microblaze*#0" && bscan=="USER2" }
con
----------------End of Script----------------

12:32:00 INFO  : Launch script is exported to file 'C:\Users\kakkar3\Desktop\Final_Project\sdk\final_proj_system\_ide\scripts\debugger_final_proj-default.tcl'
12:32:38 INFO  : Disconnected from the channel tcfchan#3.
